{"type":"FeatureCollection","features":[{"type":"Feature","properties":{"cd_setor":"211120105000011","situacao":"Urbana","bairro":"J. Câmara","zona":"ZS","area_m2":91973.0,"area_ha":9.197,"fonte":"IBGE, Censo 2022 — malha e agregados por setor","pessoas":872.0,"domicilios":270.0,"dom_particulares":270.0,"dom_coletivos":0.0,"moradores_por_dom":3.5,"pct_imputados":0.0162,"dom_ocupados":247.0,"dom_uso_ocasional":7.0,"dom_vagos":16.0,"dens_hab_ha":94.81,"dens_dom_ha":29.36,"pct_vagos":5.9,"pct_uso_ocasional":2.6,"pct_ocupados":91.5},"geometry":{"type":"Polygon","coordinates":[[[-44.067753,-2.545418],[-44.068214,-2.545122],[-44.068299,-2.545061],[-44.068398,-2.544989],[-44.068698,-2.544744],[-44.069482,-2.544106],[-44.069509,-2.544086],[-44.069887,-2.543823],[-44.070149,-2.543568],[-44.070177,-2.543537],[-44.070202,-2.543503],[-44.070396,-2.54359],[-44.070547,-2.543699],[-44.070891,-2.544026],[-44.071215,-2.544418],[-44.071379,-2.544594],[-44.071937,-2.545099],[-44.071862,-2.545154],[-44.071727,-2.545233],[-44.071638,-2.545295],[-44.071441,-2.54542],[-44.069813,-2.546401],[-44.068456,-2.547218],[-44.06822,-2.546655],[-44.068091,-2.546249],[-44.068012,-2.546053],[-44.067964,-2.545893],[-44.067753,-2.545418]]]}},{"type":"Feature","properties":{"cd_setor":"211120105000015","situacao":"Urbana","bairro":"São Benedito","zona":"ZS","area_m2":141115.8,"area_ha":14.112,"fonte":"IBGE, Censo 2022 — malha e agregados por setor","pessoas":741.0,"domicilios":246.0,"dom_particulares":246.0,"dom_coletivos":0.0,"moradores_por_dom":3.4,"pct_imputados":0.0645,"dom_ocupados":217.0,"dom_uso_ocasional":9.0,"dom_vagos":20.0,"dens_hab_ha":52.51,"dens_dom_ha":17.43,"pct_vagos":8.1,"pct_uso_ocasional":3.7,"pct_ocupados":88.2},"geometry":{"type":"Polygon","coordinates":[[[-44.058726,-2.550037],[-44.058848,-2.549791],[-44.059264,-2.549048],[-44.059626,-2.548359],[-44.059974,-2.547616],[-44.060422,-2.546653],[-44.060572,-2.546738],[-44.060853,-2.547232],[-44.060992,-2.547445],[-44.061056,-2.547624],[-44.061093,-2.547799],[-44.061181,-2.548106],[-44.061184,-2.548477],[-44.061196,-2.548745],[-44.06121,-2.549005],[-44.061235,-2.549273],[-44.061232,-2.549343],[-44.061216,-2.549717],[-44.06115,-2.549982],[-44.060865,-2.550388],[-44.060526,-2.550745],[-44.060329,-2.550952],[-44.060009,-2.551342],[-44.059857,-2.551564],[-44.059516,-2.552072],[-44.059318,-2.552414],[-44.059738,-2.552942],[-44.058837,-2.553716],[-44.058781,-2.5537],[-44.05815,-2.553035],[-44.057795,-2.552592],[-44.057479,-2.552341],[-44.057535,-2.552221],[-44.057974,-2.551274],[-44.058002,-2.551229],[-44.058045,-2.551257],[-44.058137,-2.55111],[-44.058203,-2.551027],[-44.058549,-2.55043],[-44.058601,-2.55029],[-44.058726,-2.550037]]]}},{"type":"Feature","properties":{"cd_setor":"211120105000017","situacao":"Urbana","bairro":"Moropóia","zona":"ZS","area_m2":140522.5,"area_ha":14.052,"fonte":"IBGE, Censo 2022 — malha e agregados por setor","pessoas":603.0,"domicilios":232.0,"dom_particulares":232.0,"dom_coletivos":0.0,"moradores_por_dom":3.2,"pct_imputados":0.0262,"dom_ocupados":191.0,"dom_uso_ocasional":3.0,"dom_vagos":38.0,"dens_hab_ha":42.91,"dens_dom_ha":16.51,"pct_vagos":16.4,"pct_uso_ocasional":1.3,"pct_ocupados":82.3},"geometry":{"type":"Polygon","coordinates":[[[-44.060321,-2.553726],[-44.060471,-2.553611],[-44.061064,-2.553072],[-44.06165,-2.55252],[-44.061823,-2.552377],[-44.062416,-2.551856],[-44.062712,-2.551603],[-44.062713,-2.551602],[-44.063508,-2.550916],[-44.064046,-2.550413],[-44.064386,-2.550862],[-44.064734,-2.551295],[-44.064767,-2.551345],[-44.064944,-2.551613],[-44.065037,-2.551762],[-44.065144,-2.552255],[-44.065203,-2.552918],[-44.065272,-2.552894],[-44.065383,-2.552868],[-44.065462,-2.553761],[-44.065508,-2.554143],[-44.064899,-2.554387],[-44.064567,-2.55453],[-44.06437,-2.554554],[-44.064249,-2.554533],[-44.063947,-2.554472],[-44.06366,-2.554346],[-44.063122,-2.554066],[-44.06283,-2.553937],[-44.062597,-2.553885],[-44.062367,-2.55386],[-44.062293,-2.55386],[-44.062131,-2.553872],[-44.061933,-2.553898],[-44.061691,-2.553939],[-44.061321,-2.554007],[-44.060925,-2.554101],[-44.060734,-2.554162],[-44.060628,-2.554194],[-44.060471,-2.553962],[-44.060321,-2.553726]]]}},{"type":"Feature","properties":{"cd_setor":"211120105000021","situacao":"Urbana","bairro":"Vieira","zona":"ZC","area_m2":91993.5,"area_ha":9.199,"fonte":"IBGE, Censo 2022 — malha e agregados por setor","pessoas":653.0,"domicilios":235.0,"dom_particulares":235.0,"dom_coletivos":0.0,"moradores_por_dom":3.2,"pct_imputados":0.0597,"dom_ocupados":201.0,"dom_uso_ocasional":5.0,"dom_vagos":29.0,"dens_hab_ha":70.98,"dens_dom_ha":25.55,"pct_vagos":12.3,"pct_uso_ocasional":2.1,"pct_ocupados":85.5},"geometry":{"type":"Polygon","coordinates":[[[-44.05198,-2.553395],[-44.05259,-2.553387],[-44.05294,-2.553466],[-44.053061,-2.553531],[-44.053546,-2.553972],[-44.05382,-2.553503],[-44.05421,-2.553699],[-44.055058,-2.554202],[-44.055257,-2.554302],[-44.05533,-2.55443],[-44.055326,-2.554658],[-44.055312,-2.554781],[-44.055636,-2.554878],[-44.05599,-2.555024],[-44.056328,-2.555142],[-44.056388,-2.555175],[-44.056096,-2.55582],[-44.055974,-2.556095],[-44.055883,-2.556047],[-44.055301,-2.555854],[-44.055044,-2.5558],[-44.054737,-2.555775],[-44.05406,-2.555756],[-44.053722,-2.555744],[-44.0532,-2.55571],[-44.05269,-2.555773],[-44.052423,-2.555821],[-44.052247,-2.555851],[-44.05198,-2.553395]]]}},{"type":"Feature","properties":{"cd_setor":"211120105000028","situacao":"Urbana","bairro":"Vila São José","zona":"ZEU","area_m2":59104.0,"area_ha":5.91,"fonte":"IBGE, Censo 2022 — malha e agregados por setor","pessoas":376.0,"domicilios":143.0,"dom_particulares":143.0,"dom_coletivos":0.0,"moradores_por_dom":3.6,"pct_imputados":0.0288,"dom_ocupados":104.0,"dom_uso_ocasional":5.0,"dom_vagos":34.0,"dens_hab_ha":63.62,"dens_dom_ha":24.19,"pct_vagos":23.8,"pct_uso_ocasional":3.5,"pct_ocupados":72.7},"geometry":{"type":"Polygon","coordinates":[[[-44.081634,-2.548699],[-44.081963,-2.54833],[-44.082332,-2.547894],[-44.082551,-2.547635],[-44.082812,-2.547323],[-44.083461,-2.54788],[-44.083941,-2.548258],[-44.084407,-2.548641],[-44.08489,-2.54903],[-44.084923,-2.549056],[-44.085402,-2.549449],[-44.085876,-2.549852],[-44.086393,-2.550253],[-44.086217,-2.550546],[-44.085937,-2.550474],[-44.085579,-2.55029],[-44.085316,-2.550164],[-44.085133,-2.550081],[-44.084637,-2.549874],[-44.084342,-2.54973],[-44.083851,-2.5495],[-44.083498,-2.549359],[-44.083174,-2.54924],[-44.082667,-2.549063],[-44.08182,-2.548799],[-44.081714,-2.548743],[-44.081634,-2.548699]]]}},{"type":"Feature","properties":{"cd_setor":"211120105000029","situacao":"Urbana","bairro":"Vila Dr. Julinho","zona":"ZEU","area_m2":167190.9,"area_ha":16.719,"fonte":"IBGE, Censo 2022 — malha e agregados por setor","pessoas":811.0,"domicilios":272.0,"dom_particulares":272.0,"dom_coletivos":0.0,"moradores_por_dom":3.7,"pct_imputados":0.0226,"dom_ocupados":221.0,"dom_uso_ocasional":16.0,"dom_vagos":35.0,"dens_hab_ha":48.51,"dens_dom_ha":16.27,"pct_vagos":12.9,"pct_uso_ocasional":5.9,"pct_ocupados":81.2},"geometry":{"type":"Polygon","coordinates":[[[-44.086168,-2.553348],[-44.086099,-2.553379],[-44.086023,-2.553382],[-44.085879,-2.553341],[-44.085184,-2.553191],[-44.084926,-2.553095],[-44.084807,-2.553031],[-44.084707,-2.553012],[-44.08463,-2.552999],[-44.084563,-2.552987],[-44.083724,-2.552819],[-44.083227,-2.552707],[-44.083102,-2.55268],[-44.082855,-2.55259],[-44.082753,-2.552394],[-44.082627,-2.551986],[-44.082315,-2.552115],[-44.08225,-2.551789],[-44.082114,-2.551108],[-44.08201,-2.550549],[-44.081974,-2.550269],[-44.081789,-2.550202],[-44.081624,-2.550137],[-44.081714,-2.549646],[-44.081788,-2.549322],[-44.081779,-2.549106],[-44.081714,-2.548743],[-44.08182,-2.548799],[-44.082667,-2.549063],[-44.083174,-2.54924],[-44.083498,-2.549359],[-44.083851,-2.5495],[-44.084342,-2.54973],[-44.084637,-2.549874],[-44.085133,-2.550081],[-44.085316,-2.550164],[-44.085579,-2.55029],[-44.085937,-2.550474],[-44.086217,-2.550546],[-44.086247,-2.550566],[-44.086259,-2.551953],[-44.086233,-2.552461],[-44.086198,-2.553083],[-44.086168,-2.553348]]]}},{"type":"Feature","properties":{"cd_setor":"211120105000034","situacao":"Urbana","bairro":"São José Dos Índios","zona":"ZEU","area_m2":1524827.2,"area_ha":152.483,"fonte":"IBGE, Censo 2022 — malha e agregados por setor","pessoas":202.0,"domicilios":80.0,"dom_particulares":80.0,"dom_coletivos":0.0,"moradores_por_dom":3.5,"pct_imputados":0.0345,"dom_ocupados":58.0,"dom_uso_ocasional":12.0,"dom_vagos":10.0,"dens_hab_ha":1.32,"dens_dom_ha":0.52,"pct_vagos":12.5,"pct_uso_ocasional":15.0,"pct_ocupados":72.5},"geometry":{"type":"Polygon","coordinates":[[[-44.085649,-2.54431],[-44.085704,-2.544279],[-44.085855,-2.544211],[-44.086011,-2.544157],[-44.086203,-2.544117],[-44.086392,-2.544098],[-44.086583,-2.544076],[-44.086785,-2.544078],[-44.087652,-2.544172],[-44.089215,-2.544378],[-44.090941,-2.544591],[-44.092216,-2.544744],[-44.093755,-2.544936],[-44.094633,-2.545064],[-44.095816,-2.545253],[-44.096068,-2.545288],[-44.097116,-2.545504],[-44.097495,-2.545589],[-44.099399,-2.546031],[-44.099239,-2.546102],[-44.098954,-2.547055],[-44.098639,-2.547513],[-44.098482,-2.54788],[-44.098303,-2.548166],[-44.098224,-2.548351],[-44.098144,-2.548603],[-44.09804,-2.548764],[-44.097961,-2.548897],[-44.09786,-2.548979],[-44.097704,-2.549062],[-44.097557,-2.549184],[-44.097422,-2.549287],[-44.097254,-2.549416],[-44.09697,-2.549654],[-44.096659,-2.550016],[-44.096279,-2.550512],[-44.095789,-2.551033],[-44.095659,-2.551386],[-44.095576,-2.551788],[-44.095396,-2.552461],[-44.095225,-2.553021],[-44.095121,-2.55358],[-44.094996,-2.55394],[-44.094825,-2.55424],[-44.094427,-2.555183],[-44.093882,-2.555849],[-44.093345,-2.556422],[-44.093202,-2.556877],[-44.092747,-2.557503],[-44.092157,-2.558002],[-44.091363,-2.559159],[-44.090933,-2.55894],[-44.090599,-2.558872],[-44.090048,-2.558484],[-44.089569,-2.558095],[-44.089171,-2.557679],[-44.088638,-2.557309],[-44.08815,-2.556695],[-44.08778,-2.556216],[-44.087337,-2.555827],[-44.086849,-2.555629],[-44.086287,-2.555624],[-44.086287,-2.55461],[-44.086294,-2.55448],[-44.086287,-2.554324],[-44.086168,-2.553348],[-44.086198,-2.553083],[-44.086233,-2.552461],[-44.086259,-2.551953],[-44.086247,-2.550566],[-44.087996,-2.550849],[-44.087964,-2.550364],[-44.088082,-2.549819],[-44.087751,-2.549701],[-44.087528,-2.549424],[-44.087698,-2.547881],[-44.086161,-2.547605],[-44.086555,-2.546529],[-44.085729,-2.545709],[-44.085134,-2.544905],[-44.085001,-2.544783],[-44.085111,-2.544675],[-44.085389,-2.544467],[-44.085649,-2.54431]]]}},{"type":"Feature","properties":{"cd_setor":"211120105000039","situacao":"Urbana","bairro":"Boa Viagem","zona":"ZDU - BV","area_m2":5960771.1,"area_ha":596.077,"fonte":"IBGE, Censo 2022 — malha e agregados por setor","pessoas":449.0,"domicilios":263.0,"dom_particulares":263.0,"dom_coletivos":0.0,"moradores_por_dom":3.3,"pct_imputados":0.0294,"dom_ocupados":136.0,"dom_uso_ocasional":75.0,"dom_vagos":52.0,"dens_hab_ha":0.75,"dens_dom_ha":0.44,"pct_vagos":19.8,"pct_uso_ocasional":28.5,"pct_ocupados":51.7},"geometry":{"type":"Polygon","coordinates":[[[-44.09171,-2.574207],[-44.09171,-2.574202],[-44.091836,-2.573913],[-44.092098,-2.573326],[-44.092216,-2.572937],[-44.092243,-2.572657],[-44.092361,-2.572305],[-44.092488,-2.572136],[-44.092685,-2.571874],[-44.092998,-2.571731],[-44.093373,-2.571659],[-44.09367,-2.571541],[-44.09405,-2.571375],[-44.094422,-2.571078],[-44.094767,-2.570756],[-44.094916,-2.570582],[-44.095166,-2.570285],[-44.095414,-2.569963],[-44.095689,-2.569592],[-44.096013,-2.569271],[-44.096411,-2.569073],[-44.09666,-2.568901],[-44.096934,-2.568728],[-44.097133,-2.568604],[-44.097404,-2.568505],[-44.097674,-2.568405],[-44.097872,-2.568381],[-44.098095,-2.568381],[-44.098466,-2.568455],[-44.098985,-2.568603],[-44.099357,-2.568776],[-44.099605,-2.56885],[-44.099953,-2.569049],[-44.100027,-2.569098],[-44.100301,-2.569173],[-44.100729,-2.569298],[-44.100896,-2.569347],[-44.101095,-2.569545],[-44.101318,-2.569792],[-44.101467,-2.56999],[-44.101713,-2.570311],[-44.10201,-2.570583],[-44.102431,-2.570633],[-44.102654,-2.570584],[-44.103001,-2.570568],[-44.103364,-2.570492],[-44.103452,-2.570143],[-44.10343,-2.569914],[-44.103342,-2.569669],[-44.103363,-2.569334],[-44.103646,-2.569075],[-44.103868,-2.569],[-44.104239,-2.569029],[-44.104511,-2.569251],[-44.104741,-2.569729],[-44.105116,-2.569689],[-44.105472,-2.569298],[-44.105702,-2.569199],[-44.105925,-2.5691],[-44.106222,-2.569002],[-44.106569,-2.569126],[-44.10699,-2.569323],[-44.107484,-2.569546],[-44.107682,-2.569669],[-44.107881,-2.569669],[-44.10845,-2.569619],[-44.108549,-2.569594],[-44.108871,-2.569545],[-44.109318,-2.569519],[-44.110259,-2.56942],[-44.110927,-2.569348],[-44.111322,-2.569286],[-44.114967,-2.568848],[-44.116059,-2.56923],[-44.115467,-2.569951],[-44.114957,-2.570324],[-44.114809,-2.570328],[-44.11462,-2.570318],[-44.114357,-2.570291],[-44.114083,-2.57028],[-44.113768,-2.570244],[-44.113332,-2.57028],[-44.113064,-2.57028],[-44.112786,-2.570306],[-44.111996,-2.570326],[-44.111877,-2.570318],[-44.11204,-2.573613],[-44.11206,-2.574075],[-44.112112,-2.574595],[-44.112121,-2.575107],[-44.112145,-2.575573],[-44.112123,-2.576123],[-44.112259,-2.579005],[-44.112365,-2.582603],[-44.11248,-2.58622],[-44.112397,-2.588242],[-44.11367,-2.588253],[-44.113431,-2.595831],[-44.106533,-2.594773],[-44.105154,-2.594367],[-44.102486,-2.594255],[-44.101308,-2.594236],[-44.100137,-2.594639],[-44.09992,-2.594441],[-44.099865,-2.594367],[-44.098403,-2.593291],[-44.09831,-2.593235],[-44.096941,-2.592585],[-44.096109,-2.592326],[-44.096053,-2.592307],[-44.094609,-2.591786],[-44.094553,-2.591749],[-44.093738,-2.591172],[-44.093546,-2.590905],[-44.093005,-2.590125],[-44.092983,-2.59008],[-44.09296,-2.58999],[-44.092443,-2.588939],[-44.092409,-2.588871],[-44.092197,-2.587608],[-44.092414,-2.58664],[-44.092687,-2.585345],[-44.092926,-2.584228],[-44.092949,-2.584184],[-44.092971,-2.584082],[-44.093164,-2.583418],[-44.093227,-2.582669],[-44.093523,-2.580796],[-44.093488,-2.578707],[-44.093474,-2.576911],[-44.093241,-2.575603],[-44.092811,-2.574744],[-44.092189,-2.57439],[-44.09171,-2.574207]]]}},{"type":"Feature","properties":{"cd_setor":"211120105000040","situacao":"Urbana","bairro":"Panaquatira","zona":"ZDU - P","area_m2":2417783.2,"area_ha":241.778,"fonte":"IBGE, Censo 2022 — malha e agregados por setor","pessoas":189.0,"domicilios":198.0,"dom_particulares":198.0,"dom_coletivos":0.0,"moradores_por_dom":3.3,"pct_imputados":0.0351,"dom_ocupados":57.0,"dom_uso_ocasional":113.0,"dom_vagos":28.0,"dens_hab_ha":0.78,"dens_dom_ha":0.82,"pct_vagos":14.1,"pct_uso_ocasional":57.1,"pct_ocupados":28.8},"geometry":{"type":"Polygon","coordinates":[[[-44.058555,-2.469532],[-44.046692,-2.48506],[-44.046033,-2.485458],[-44.043709,-2.486556],[-44.04321,-2.48725],[-44.042866,-2.487613],[-44.042735,-2.48785],[-44.042735,-2.488058],[-44.043602,-2.489233],[-44.04239,-2.489376],[-44.04179,-2.488871],[-44.041273,-2.489417],[-44.040857,-2.490219],[-44.040536,-2.490628],[-44.039568,-2.491911],[-44.037785,-2.494244],[-44.035878,-2.496719],[-44.034763,-2.498125],[-44.033742,-2.499536],[-44.032834,-2.501032],[-44.032702,-2.500975],[-44.031633,-2.50044],[-44.03135,-2.500857],[-44.031065,-2.501349],[-44.030572,-2.502038],[-44.030067,-2.50259],[-44.029615,-2.503],[-44.029315,-2.50318],[-44.028958,-2.502397],[-44.027975,-2.501425],[-44.027553,-2.500692],[-44.027452,-2.500497],[-44.028933,-2.498622],[-44.031417,-2.495493],[-44.034288,-2.491797],[-44.041885,-2.483362],[-44.047366,-2.477238],[-44.048117,-2.476334],[-44.048826,-2.475447],[-44.049568,-2.474561],[-44.05046,-2.473169],[-44.051443,-2.471659],[-44.052516,-2.470319],[-44.052652,-2.468808],[-44.052478,-2.466761],[-44.052389,-2.466583],[-44.052389,-2.46645],[-44.052306,-2.466143],[-44.052797,-2.465688],[-44.053244,-2.465543],[-44.053767,-2.46543],[-44.054582,-2.465384],[-44.055113,-2.465436],[-44.055957,-2.46562],[-44.056317,-2.465748],[-44.056874,-2.466211],[-44.057317,-2.466842],[-44.057757,-2.46761],[-44.058372,-2.46888],[-44.058555,-2.469532]]]}},{"type":"Feature","properties":{"cd_setor":"211120105000044","situacao":"Urbana","bairro":"Turiúba","zona":"ZEU","area_m2":45728.8,"area_ha":4.573,"fonte":"IBGE, Censo 2022 — malha e agregados por setor","pessoas":619.0,"domicilios":232.0,"dom_particulares":232.0,"dom_coletivos":0.0,"moradores_por_dom":3.2,"pct_imputados":0.0103,"dom_ocupados":195.0,"dom_uso_ocasional":13.0,"dom_vagos":24.0,"dens_hab_ha":135.36,"dens_dom_ha":50.73,"pct_vagos":10.3,"pct_uso_ocasional":5.6,"pct_ocupados":84.1},"geometry":{"type":"Polygon","coordinates":[[[-44.097754,-2.564468],[-44.097508,-2.56441],[-44.097114,-2.563473],[-44.096835,-2.562729],[-44.09658,-2.561998],[-44.09643,-2.56162],[-44.09624,-2.561074],[-44.096148,-2.560742],[-44.096155,-2.560606],[-44.096193,-2.560481],[-44.096248,-2.56043],[-44.096819,-2.560433],[-44.097021,-2.560457],[-44.097514,-2.56093],[-44.097732,-2.561161],[-44.09775,-2.562634],[-44.097754,-2.564468]]]}},{"type":"Feature","properties":{"cd_setor":"211120105000045","situacao":"Urbana","bairro":"Turiúba","zona":"ZEU","area_m2":39432.7,"area_ha":3.943,"fonte":"IBGE, Censo 2022 — malha e agregados por setor","pessoas":553.0,"domicilios":205.0,"dom_particulares":205.0,"dom_coletivos":0.0,"moradores_por_dom":3.1,"pct_imputados":0.0795,"dom_ocupados":176.0,"dom_uso_ocasional":12.0,"dom_vagos":17.0,"dens_hab_ha":140.24,"dens_dom_ha":51.99,"pct_vagos":8.3,"pct_uso_ocasional":5.9,"pct_ocupados":85.9},"geometry":{"type":"Polygon","coordinates":[[[-44.097732,-2.561161],[-44.098073,-2.561143],[-44.098493,-2.561149],[-44.09944,-2.561138],[-44.099901,-2.561151],[-44.099891,-2.561551],[-44.099903,-2.562627],[-44.09985,-2.562626],[-44.099401,-2.562634],[-44.09775,-2.562634],[-44.097732,-2.561161]]]}},{"type":"Feature","properties":{"cd_setor":"211120105000046","situacao":"Urbana","bairro":"Turiúba","zona":"ZEU","area_m2":49370.2,"area_ha":4.937,"fonte":"IBGE, Censo 2022 — malha e agregados por setor","pessoas":639.0,"domicilios":254.0,"dom_particulares":254.0,"dom_coletivos":0.0,"moradores_por_dom":3.0,"pct_imputados":0.0463,"dom_ocupados":216.0,"dom_uso_ocasional":12.0,"dom_vagos":26.0,"dens_hab_ha":129.43,"dens_dom_ha":51.45,"pct_vagos":10.2,"pct_uso_ocasional":4.7,"pct_ocupados":85.0},"geometry":{"type":"Polygon","coordinates":[[[-44.09775,-2.562634],[-44.099401,-2.562634],[-44.09985,-2.562626],[-44.099903,-2.562627],[-44.099906,-2.563763],[-44.099901,-2.564165],[-44.099895,-2.564376],[-44.099899,-2.564502],[-44.097756,-2.564497],[-44.097754,-2.564468],[-44.09775,-2.562634]]]}},{"type":"Feature","properties":{"cd_setor":"211120105000047","situacao":"Urbana","bairro":"Turiúba","zona":"ZEU","area_m2":49023.8,"area_ha":4.902,"fonte":"IBGE, Censo 2022 — malha e agregados por setor","pessoas":682.0,"domicilios":262.0,"dom_particulares":262.0,"dom_coletivos":0.0,"moradores_por_dom":3.0,"pct_imputados":0.0308,"dom_ocupados":227.0,"dom_uso_ocasional":4.0,"dom_vagos":31.0,"dens_hab_ha":139.12,"dens_dom_ha":53.44,"pct_vagos":11.8,"pct_uso_ocasional":1.5,"pct_ocupados":86.6},"geometry":{"type":"Polygon","coordinates":[[[-44.097763,-2.566349],[-44.097737,-2.566159],[-44.097756,-2.564497],[-44.099899,-2.564502],[-44.099909,-2.565229],[-44.099916,-2.565316],[-44.099905,-2.566011],[-44.099899,-2.566342],[-44.097763,-2.566349]]]}},{"type":"Feature","properties":{"cd_setor":"211120105000048","situacao":"Urbana","bairro":"Turiúba","zona":"ZEU","area_m2":33359.4,"area_ha":3.336,"fonte":"IBGE, Censo 2022 — malha e agregados por setor","pessoas":456.0,"domicilios":179.0,"dom_particulares":179.0,"dom_coletivos":0.0,"moradores_por_dom":3.0,"pct_imputados":0.0733,"dom_ocupados":150.0,"dom_uso_ocasional":12.0,"dom_vagos":17.0,"dens_hab_ha":136.69,"dens_dom_ha":53.66,"pct_vagos":9.5,"pct_uso_ocasional":6.7,"pct_ocupados":83.8},"geometry":{"type":"Polygon","coordinates":[[[-44.097763,-2.566349],[-44.099899,-2.566342],[-44.099902,-2.566762],[-44.099907,-2.56709],[-44.099902,-2.567152],[-44.099902,-2.567219],[-44.099895,-2.567861],[-44.099501,-2.567841],[-44.098829,-2.567475],[-44.097721,-2.567468],[-44.097727,-2.567147],[-44.097739,-2.56679],[-44.097763,-2.566349]]]}},{"type":"Feature","properties":{"cd_setor":"211120105000049","situacao":"Urbana","bairro":"Turiúba","zona":"ZEU","area_m2":51532.1,"area_ha":5.153,"fonte":"IBGE, Censo 2022 — malha e agregados por setor","pessoas":715.0,"domicilios":265.0,"dom_particulares":265.0,"dom_coletivos":0.0,"moradores_por_dom":2.9,"pct_imputados":0.0247,"dom_ocupados":243.0,"dom_uso_ocasional":15.0,"dom_vagos":7.0,"dens_hab_ha":138.75,"dens_dom_ha":51.42,"pct_vagos":2.6,"pct_uso_ocasional":5.7,"pct_ocupados":91.7},"geometry":{"type":"Polygon","coordinates":[[[-44.099901,-2.561151],[-44.099877,-2.561065],[-44.099883,-2.56101],[-44.100318,-2.560877],[-44.100755,-2.56078],[-44.101442,-2.560776],[-44.102207,-2.560804],[-44.102211,-2.562639],[-44.099903,-2.562627],[-44.099891,-2.561551],[-44.099901,-2.561151]]]}},{"type":"Feature","properties":{"cd_setor":"211120105000050","situacao":"Urbana","bairro":"Turiúba","zona":"ZEU","area_m2":32196.9,"area_ha":3.22,"fonte":"IBGE, Censo 2022 — malha e agregados por setor","pessoas":408.0,"domicilios":163.0,"dom_particulares":163.0,"dom_coletivos":0.0,"moradores_por_dom":3.0,"pct_imputados":0.0652,"dom_ocupados":138.0,"dom_uso_ocasional":5.0,"dom_vagos":20.0,"dens_hab_ha":126.72,"dens_dom_ha":50.63,"pct_vagos":12.3,"pct_uso_ocasional":3.1,"pct_ocupados":84.7},"geometry":{"type":"Polygon","coordinates":[[[-44.099906,-2.563763],[-44.099903,-2.562627],[-44.102211,-2.562639],[-44.102179,-2.563789],[-44.099906,-2.563763]]]}},{"type":"Feature","properties":{"cd_setor":"211120105000051","situacao":"Urbana","bairro":"Turiúba","zona":"ZEU","area_m2":33964.3,"area_ha":3.396,"fonte":"IBGE, Censo 2022 — malha e agregados por setor","pessoas":314.0,"domicilios":115.0,"dom_particulares":115.0,"dom_coletivos":0.0,"moradores_por_dom":3.2,"pct_imputados":0.1313,"dom_ocupados":99.0,"dom_uso_ocasional":7.0,"dom_vagos":9.0,"dens_hab_ha":92.45,"dens_dom_ha":33.86,"pct_vagos":7.8,"pct_uso_ocasional":6.1,"pct_ocupados":86.1},"geometry":{"type":"Polygon","coordinates":[[[-44.104483,-2.56265],[-44.104615,-2.562649],[-44.105263,-2.563629],[-44.10528,-2.564324],[-44.105273,-2.565653],[-44.105276,-2.565856],[-44.105009,-2.56645],[-44.104796,-2.566801],[-44.10449,-2.567113],[-44.104497,-2.566764],[-44.104496,-2.565796],[-44.104504,-2.565227],[-44.10448,-2.564156],[-44.104487,-2.562725],[-44.104483,-2.56265]]]}},{"type":"Feature","properties":{"cd_setor":"211120105000052","situacao":"Urbana","bairro":"Turiúba","zona":"ZEU","area_m2":43270.9,"area_ha":4.327,"fonte":"IBGE, Censo 2022 — malha e agregados por setor","pessoas":524.0,"domicilios":215.0,"dom_particulares":215.0,"dom_coletivos":0.0,"moradores_por_dom":3.0,"pct_imputados":0.0231,"dom_ocupados":173.0,"dom_uso_ocasional":18.0,"dom_vagos":24.0,"dens_hab_ha":121.1,"dens_dom_ha":49.69,"pct_vagos":11.2,"pct_uso_ocasional":8.4,"pct_ocupados":80.5},"geometry":{"type":"Polygon","coordinates":[[[-44.099909,-2.565229],[-44.100718,-2.565232],[-44.102201,-2.565209],[-44.102208,-2.565597],[-44.102209,-2.565966],[-44.102205,-2.566752],[-44.101978,-2.566746],[-44.099902,-2.566762],[-44.099899,-2.566342],[-44.099905,-2.566011],[-44.099916,-2.565316],[-44.099909,-2.565229]]]}},{"type":"Feature","properties":{"cd_setor":"211120105000060","situacao":"Urbana","bairro":"Mutirão","zona":"ZEU","area_m2":294076.5,"area_ha":29.408,"fonte":"IBGE, Censo 2022 — malha e agregados por setor","pessoas":371.0,"domicilios":154.0,"dom_particulares":154.0,"dom_coletivos":0.0,"moradores_por_dom":3.7,"pct_imputados":0.0396,"dom_ocupados":101.0,"dom_uso_ocasional":21.0,"dom_vagos":32.0,"dens_hab_ha":12.62,"dens_dom_ha":5.24,"pct_vagos":20.8,"pct_uso_ocasional":13.6,"pct_ocupados":65.6},"geometry":{"type":"Polygon","coordinates":[[[-44.074938,-2.5303],[-44.074936,-2.530362],[-44.074947,-2.53371],[-44.074907,-2.533787],[-44.074848,-2.533817],[-44.074787,-2.533858],[-44.0747,-2.533957],[-44.074688,-2.533986],[-44.074652,-2.5341],[-44.074604,-2.534101],[-44.074487,-2.534135],[-44.073974,-2.534176],[-44.073442,-2.53422],[-44.072871,-2.534342],[-44.072039,-2.534528],[-44.071917,-2.534554],[-44.071784,-2.534568],[-44.071562,-2.533574],[-44.07133,-2.532611],[-44.070943,-2.532619],[-44.070674,-2.532651],[-44.070431,-2.532769],[-44.070227,-2.532884],[-44.070022,-2.532807],[-44.069927,-2.532764],[-44.06992,-2.532692],[-44.069945,-2.532597],[-44.070103,-2.531853],[-44.07031,-2.530863],[-44.070587,-2.529702],[-44.071127,-2.529774],[-44.071223,-2.528845],[-44.071317,-2.527815],[-44.071336,-2.527605],[-44.071343,-2.527561],[-44.071375,-2.527492],[-44.071408,-2.527455],[-44.071445,-2.527422],[-44.071542,-2.527335],[-44.071544,-2.527375],[-44.071578,-2.527404],[-44.071789,-2.527489],[-44.071966,-2.527549],[-44.072193,-2.52765],[-44.072239,-2.527664],[-44.072352,-2.527683],[-44.072408,-2.527693],[-44.072446,-2.527706],[-44.07248,-2.527727],[-44.07271,-2.527891],[-44.072736,-2.527908],[-44.072812,-2.527974],[-44.072865,-2.528022],[-44.073109,-2.528305],[-44.073141,-2.528339],[-44.073392,-2.528611],[-44.073536,-2.528757],[-44.073634,-2.528868],[-44.073712,-2.52895],[-44.074254,-2.52953],[-44.074652,-2.529971],[-44.074913,-2.530267],[-44.074938,-2.5303]]]}},{"type":"Feature","properties":{"cd_setor":"211120105000062","situacao":"Urbana","bairro":"Maracajá","zona":"ZEU","area_m2":12062.6,"area_ha":1.206,"fonte":"IBGE, Censo 2022 — malha e agregados por setor","pessoas":284.0,"domicilios":159.0,"dom_particulares":159.0,"dom_coletivos":0.0,"moradores_por_dom":2.8,"pct_imputados":0.02,"dom_ocupados":100.0,"dom_uso_ocasional":7.0,"dom_vagos":52.0,"dens_hab_ha":235.44,"dens_dom_ha":131.81,"pct_vagos":32.7,"pct_uso_ocasional":4.4,"pct_ocupados":62.9},"geometry":{"type":"Polygon","coordinates":[[[-44.104448,-2.546103],[-44.105091,-2.545827],[-44.105352,-2.547427],[-44.104799,-2.547295],[-44.104516,-2.547228],[-44.104499,-2.546901],[-44.104579,-2.546884],[-44.104469,-2.546245],[-44.104448,-2.546103]]]}},{"type":"Feature","properties":{"cd_setor":"211120105000063","situacao":"Urbana","bairro":"Maracajá","zona":"ZEU","area_m2":9993.4,"area_ha":0.999,"fonte":"IBGE, Censo 2022 — malha e agregados por setor","pessoas":237.0,"domicilios":192.0,"dom_particulares":192.0,"dom_coletivos":0.0,"moradores_por_dom":2.8,"pct_imputados":0.0833,"dom_ocupados":84.0,"dom_uso_ocasional":25.0,"dom_vagos":83.0,"dens_hab_ha":237.16,"dens_dom_ha":192.13,"pct_vagos":43.2,"pct_uso_ocasional":13.0,"pct_ocupados":43.8},"geometry":{"type":"Polygon","coordinates":[[[-44.105091,-2.545827],[-44.105514,-2.545645],[-44.105847,-2.547544],[-44.105352,-2.547427],[-44.105091,-2.545827]]]}},{"type":"Feature","properties":{"cd_setor":"211120105000064","situacao":"Urbana","bairro":"Maracajá","zona":"ZEU","area_m2":11785.6,"area_ha":1.179,"fonte":"IBGE, Censo 2022 — malha e agregados por setor","pessoas":380.0,"domicilios":257.0,"dom_particulares":257.0,"dom_coletivos":0.0,"moradores_por_dom":2.7,"pct_imputados":0.078,"dom_ocupados":141.0,"dom_uso_ocasional":34.0,"dom_vagos":82.0,"dens_hab_ha":322.43,"dens_dom_ha":218.06,"pct_vagos":31.9,"pct_uso_ocasional":13.2,"pct_ocupados":54.9},"geometry":{"type":"Polygon","coordinates":[[[-44.105514,-2.545645],[-44.105931,-2.545467],[-44.106355,-2.547659],[-44.106007,-2.547582],[-44.105847,-2.547544],[-44.105514,-2.545645]]]}},{"type":"Feature","properties":{"cd_setor":"211120105000065","situacao":"Urbana","bairro":"Maracajá","zona":"ZEU","area_m2":12489.1,"area_ha":1.249,"fonte":"IBGE, Censo 2022 — malha e agregados por setor","pessoas":451.0,"domicilios":256.0,"dom_particulares":256.0,"dom_coletivos":0.0,"moradores_por_dom":2.4,"pct_imputados":0.0538,"dom_ocupados":186.0,"dom_uso_ocasional":8.0,"dom_vagos":62.0,"dens_hab_ha":361.12,"dens_dom_ha":204.98,"pct_vagos":24.2,"pct_uso_ocasional":3.1,"pct_ocupados":72.7},"geometry":{"type":"Polygon","coordinates":[[[-44.105931,-2.545467],[-44.10614,-2.545377],[-44.106336,-2.545297],[-44.106804,-2.547732],[-44.106783,-2.547761],[-44.106781,-2.547753],[-44.106355,-2.547659],[-44.105931,-2.545467]]]}},{"type":"Feature","properties":{"cd_setor":"211120105000066","situacao":"Urbana","bairro":"Riozinho","zona":"ZEU","area_m2":69911.6,"area_ha":6.991,"fonte":"IBGE, Censo 2022 — malha e agregados por setor","pessoas":697.0,"domicilios":284.0,"dom_particulares":284.0,"dom_coletivos":0.0,"moradores_por_dom":3.0,"pct_imputados":0.0429,"dom_ocupados":233.0,"dom_uso_ocasional":19.0,"dom_vagos":32.0,"dens_hab_ha":99.7,"dens_dom_ha":40.62,"pct_vagos":11.3,"pct_uso_ocasional":6.7,"pct_ocupados":82.0},"geometry":{"type":"Polygon","coordinates":[[[-44.110398,-2.554106],[-44.112342,-2.553612],[-44.11501,-2.552953],[-44.114681,-2.554273],[-44.114812,-2.554893],[-44.112777,-2.555409],[-44.112774,-2.555401],[-44.112506,-2.554297],[-44.110565,-2.554787],[-44.110398,-2.554106]]]}},{"type":"Feature","properties":{"cd_setor":"211120105000067","situacao":"Urbana","bairro":"Riozinho","zona":"ZEU","area_m2":49786.5,"area_ha":4.979,"fonte":"IBGE, Censo 2022 — malha e agregados por setor","pessoas":492.0,"domicilios":217.0,"dom_particulares":217.0,"dom_coletivos":0.0,"moradores_por_dom":2.9,"pct_imputados":0.0119,"dom_ocupados":168.0,"dom_uso_ocasional":29.0,"dom_vagos":20.0,"dens_hab_ha":98.82,"dens_dom_ha":43.59,"pct_vagos":9.2,"pct_uso_ocasional":13.4,"pct_ocupados":77.4},"geometry":{"type":"Polygon","coordinates":[[[-44.109835,-2.556144],[-44.109799,-2.556153],[-44.109594,-2.554389],[-44.109562,-2.554378],[-44.109511,-2.554361],[-44.109494,-2.554294],[-44.1095,-2.554263],[-44.109531,-2.554215],[-44.109668,-2.554291],[-44.110398,-2.554106],[-44.110565,-2.554787],[-44.112506,-2.554297],[-44.112774,-2.555401],[-44.110856,-2.555891],[-44.109835,-2.556144]]]}},{"type":"Feature","properties":{"cd_setor":"211120105000072","situacao":"Urbana","bairro":"Panaquatira","zona":"ZDU - P","area_m2":6041562.1,"area_ha":604.156,"fonte":"IBGE, Censo 2022 — malha e agregados por setor","pessoas":160.0,"domicilios":115.0,"dom_particulares":115.0,"dom_coletivos":0.0,"moradores_por_dom":2.9,"pct_imputados":0.1273,"dom_ocupados":55.0,"dom_uso_ocasional":40.0,"dom_vagos":20.0,"dens_hab_ha":0.26,"dens_dom_ha":0.19,"pct_vagos":17.4,"pct_uso_ocasional":34.8,"pct_ocupados":47.8},"geometry":{"type":"Polygon","coordinates":[[[-44.061096,-2.486347],[-44.060864,-2.489146],[-44.060566,-2.490674],[-44.06015,-2.492331],[-44.059495,-2.494025],[-44.058747,-2.495766],[-44.058367,-2.497293],[-44.057015,-2.497458],[-44.055836,-2.497816],[-44.055655,-2.497862],[-44.055473,-2.497908],[-44.054748,-2.497907],[-44.054069,-2.498133],[-44.054068,-2.498631],[-44.054159,-2.49931],[-44.054405,-2.49968],[-44.054431,-2.499718],[-44.054793,-2.500035],[-44.05511,-2.500307],[-44.055518,-2.500669],[-44.055654,-2.501121],[-44.055654,-2.501574],[-44.055653,-2.502162],[-44.055563,-2.502705],[-44.055336,-2.503158],[-44.055019,-2.503565],[-44.054476,-2.503927],[-44.054022,-2.504244],[-44.053796,-2.504379],[-44.05289,-2.504787],[-44.052437,-2.505058],[-44.052058,-2.505158],[-44.051574,-2.505287],[-44.050937,-2.505334],[-44.050212,-2.505333],[-44.050121,-2.505288],[-44.049307,-2.504698],[-44.049082,-2.504335],[-44.048857,-2.503745],[-44.048813,-2.503292],[-44.048814,-2.502794],[-44.048589,-2.502296],[-44.048139,-2.501843],[-44.047733,-2.501798],[-44.047188,-2.501798],[-44.046552,-2.501889],[-44.046233,-2.501934],[-44.045915,-2.501979],[-44.045459,-2.50207],[-44.044869,-2.50216],[-44.044278,-2.502206],[-44.043648,-2.502296],[-44.043111,-2.502566],[-44.042701,-2.503155],[-44.04206,-2.503835],[-44.041829,-2.504424],[-44.042055,-2.505013],[-44.042145,-2.505285],[-44.041895,-2.505844],[-44.039517,-2.504714],[-44.038982,-2.504412],[-44.038062,-2.503895],[-44.035114,-2.502286],[-44.03294,-2.501093],[-44.032834,-2.501032],[-44.033742,-2.499536],[-44.034763,-2.498125],[-44.035878,-2.496719],[-44.037785,-2.494244],[-44.039568,-2.491911],[-44.040536,-2.490628],[-44.040857,-2.490219],[-44.041273,-2.489417],[-44.04179,-2.488871],[-44.04239,-2.489376],[-44.043602,-2.489233],[-44.042735,-2.488058],[-44.042735,-2.48785],[-44.042866,-2.487613],[-44.04321,-2.48725],[-44.043709,-2.486556],[-44.046033,-2.485458],[-44.046692,-2.48506],[-44.058555,-2.469532],[-44.059474,-2.473068],[-44.060306,-2.478056],[-44.061095,-2.485138],[-44.061096,-2.486347]]]}},{"type":"Feature","properties":{"cd_setor":"211120105000073","situacao":"Urbana","bairro":"Panaquatira","zona":"ZDU - P","area_m2":608173.2,"area_ha":60.817,"fonte":"IBGE, Censo 2022 — malha e agregados por setor","pessoas":545.0,"domicilios":250.0,"dom_particulares":250.0,"dom_coletivos":0.0,"moradores_por_dom":3.4,"pct_imputados":0.0443,"dom_ocupados":158.0,"dom_uso_ocasional":60.0,"dom_vagos":32.0,"dens_hab_ha":8.96,"dens_dom_ha":4.11,"pct_vagos":12.8,"pct_uso_ocasional":24.0,"pct_ocupados":63.2},"geometry":{"type":"Polygon","coordinates":[[[-44.023913,-2.511878],[-44.023829,-2.511038],[-44.023856,-2.509974],[-44.023785,-2.509014],[-44.02386,-2.508293],[-44.023995,-2.507613],[-44.024445,-2.506513],[-44.025146,-2.504945],[-44.025454,-2.504351],[-44.025575,-2.504117],[-44.026061,-2.502863],[-44.026723,-2.501661],[-44.027338,-2.50064],[-44.027452,-2.500497],[-44.027553,-2.500692],[-44.027975,-2.501425],[-44.028958,-2.502397],[-44.029315,-2.50318],[-44.030667,-2.506154],[-44.031444,-2.507804],[-44.031656,-2.508255],[-44.031844,-2.508658],[-44.029623,-2.509539],[-44.027787,-2.510264],[-44.026248,-2.510928],[-44.024721,-2.511562],[-44.023913,-2.511878]]]}},{"type":"Feature","properties":{"cd_setor":"211120105000074","situacao":"Urbana","bairro":"Turiúba","zona":"ZEU","area_m2":70590.6,"area_ha":7.059,"fonte":"IBGE, Censo 2022 — malha e agregados por setor","pessoas":449.0,"domicilios":153.0,"dom_particulares":153.0,"dom_coletivos":0.0,"moradores_por_dom":3.3,"pct_imputados":0.073,"dom_ocupados":137.0,"dom_uso_ocasional":4.0,"dom_vagos":12.0,"dens_hab_ha":63.61,"dens_dom_ha":21.67,"pct_vagos":7.8,"pct_uso_ocasional":2.6,"pct_ocupados":89.5},"geometry":{"type":"Polygon","coordinates":[[[-44.099899,-2.564502],[-44.099895,-2.564376],[-44.099901,-2.564165],[-44.099906,-2.563763],[-44.102179,-2.563789],[-44.10218,-2.564144],[-44.103704,-2.564175],[-44.10448,-2.564156],[-44.104504,-2.565227],[-44.102201,-2.565209],[-44.100718,-2.565232],[-44.099909,-2.565229],[-44.099899,-2.564502]]]}},{"type":"Feature","properties":{"cd_setor":"211120105000075","situacao":"Urbana","bairro":"Turiúba","zona":"ZEU","area_m2":42876.0,"area_ha":4.288,"fonte":"IBGE, Censo 2022 — malha e agregados por setor","pessoas":618.0,"domicilios":233.0,"dom_particulares":233.0,"dom_coletivos":0.0,"moradores_por_dom":3.1,"pct_imputados":0.045,"dom_ocupados":200.0,"dom_uso_ocasional":16.0,"dom_vagos":17.0,"dens_hab_ha":144.14,"dens_dom_ha":54.34,"pct_vagos":7.3,"pct_uso_ocasional":6.9,"pct_ocupados":85.8},"geometry":{"type":"Polygon","coordinates":[[[-44.102179,-2.563789],[-44.102211,-2.562639],[-44.103868,-2.562639],[-44.104483,-2.56265],[-44.104487,-2.562725],[-44.10448,-2.564156],[-44.103704,-2.564175],[-44.10218,-2.564144],[-44.102179,-2.563789]]]}},{"type":"Feature","properties":{"cd_setor":"211120105000076","situacao":"Urbana","bairro":"Turiúba","zona":"ZEU","area_m2":37859.4,"area_ha":3.786,"fonte":"IBGE, Censo 2022 — malha e agregados por setor","pessoas":479.0,"domicilios":200.0,"dom_particulares":200.0,"dom_coletivos":0.0,"moradores_por_dom":2.9,"pct_imputados":0.0964,"dom_ocupados":166.0,"dom_uso_ocasional":7.0,"dom_vagos":27.0,"dens_hab_ha":126.52,"dens_dom_ha":52.83,"pct_vagos":13.5,"pct_uso_ocasional":3.5,"pct_ocupados":83.0},"geometry":{"type":"Polygon","coordinates":[[[-44.102207,-2.560804],[-44.102804,-2.560773],[-44.102945,-2.560782],[-44.103066,-2.560835],[-44.103393,-2.561155],[-44.10396,-2.561756],[-44.104428,-2.562411],[-44.104615,-2.562649],[-44.104483,-2.56265],[-44.103868,-2.562639],[-44.102211,-2.562639],[-44.102207,-2.560804]]]}},{"type":"Feature","properties":{"cd_setor":"211120105000077","situacao":"Urbana","bairro":"Turiúba","zona":"ZEU","area_m2":43386.2,"area_ha":4.339,"fonte":"IBGE, Censo 2022 — malha e agregados por setor","pessoas":594.0,"domicilios":237.0,"dom_particulares":237.0,"dom_coletivos":0.0,"moradores_por_dom":3.2,"pct_imputados":0.0957,"dom_ocupados":188.0,"dom_uso_ocasional":17.0,"dom_vagos":32.0,"dens_hab_ha":136.91,"dens_dom_ha":54.63,"pct_vagos":13.5,"pct_uso_ocasional":7.2,"pct_ocupados":79.3},"geometry":{"type":"Polygon","coordinates":[[[-44.102205,-2.566752],[-44.102209,-2.565966],[-44.102208,-2.565597],[-44.102201,-2.565209],[-44.104504,-2.565227],[-44.104496,-2.565796],[-44.104497,-2.566764],[-44.102205,-2.566752]]]}},{"type":"Feature","properties":{"cd_setor":"211120105000078","situacao":"Urbana","bairro":"Turiúba","zona":"ZEU","area_m2":34180.2,"area_ha":3.418,"fonte":"IBGE, Censo 2022 — malha e agregados por setor","pessoas":515.0,"domicilios":196.0,"dom_particulares":196.0,"dom_coletivos":0.0,"moradores_por_dom":3.2,"pct_imputados":0.0563,"dom_ocupados":160.0,"dom_uso_ocasional":13.0,"dom_vagos":23.0,"dens_hab_ha":150.67,"dens_dom_ha":57.34,"pct_vagos":11.7,"pct_uso_ocasional":6.6,"pct_ocupados":81.6},"geometry":{"type":"Polygon","coordinates":[[[-44.102207,-2.567868],[-44.102205,-2.566752],[-44.104497,-2.566764],[-44.10449,-2.567113],[-44.104458,-2.567121],[-44.104365,-2.567498],[-44.104227,-2.567715],[-44.10401,-2.567854],[-44.103554,-2.568042],[-44.102862,-2.568125],[-44.102194,-2.568179],[-44.102207,-2.567868]]]}},{"type":"Feature","properties":{"cd_setor":"211120105000079","situacao":"Urbana","bairro":"Turiúba","zona":"ZEU","area_m2":31421.9,"area_ha":3.142,"fonte":"IBGE, Censo 2022 — malha e agregados por setor","pessoas":405.0,"domicilios":174.0,"dom_particulares":174.0,"dom_coletivos":0.0,"moradores_por_dom":3.2,"pct_imputados":0.0157,"dom_ocupados":127.0,"dom_uso_ocasional":20.0,"dom_vagos":27.0,"dens_hab_ha":128.89,"dens_dom_ha":55.38,"pct_vagos":15.5,"pct_uso_ocasional":11.5,"pct_ocupados":73.0},"geometry":{"type":"Polygon","coordinates":[[[-44.099902,-2.566762],[-44.101978,-2.566746],[-44.102205,-2.566752],[-44.102207,-2.567868],[-44.101942,-2.567867],[-44.100701,-2.567858],[-44.099895,-2.567861],[-44.099902,-2.567219],[-44.099902,-2.567152],[-44.099907,-2.56709],[-44.099902,-2.566762]]]}},{"type":"Feature","properties":{"cd_setor":"211120105000080","situacao":"Urbana","bairro":"Itapary","zona":"ZRI","area_m2":686605.6,"area_ha":68.661,"fonte":"IBGE, Censo 2022 — malha e agregados por setor","pessoas":130.0,"domicilios":40.0,"dom_particulares":40.0,"dom_coletivos":0.0,"moradores_por_dom":3.5,"pct_imputados":0.0541,"dom_ocupados":37.0,"dom_uso_ocasional":2.0,"dom_vagos":1.0,"dens_hab_ha":1.89,"dens_dom_ha":0.58,"pct_vagos":2.5,"pct_uso_ocasional":5.0,"pct_ocupados":92.5},"geometry":{"type":"Polygon","coordinates":[[[-44.060545,-2.520236],[-44.060471,-2.520475],[-44.060334,-2.520836],[-44.060215,-2.521087],[-44.060177,-2.521154],[-44.060117,-2.521225],[-44.059997,-2.521307],[-44.059875,-2.521386],[-44.059738,-2.521467],[-44.059648,-2.521499],[-44.059613,-2.521516],[-44.059586,-2.521538],[-44.059563,-2.521576],[-44.059527,-2.521661],[-44.059506,-2.521743],[-44.059474,-2.521886],[-44.059464,-2.521949],[-44.059466,-2.522004],[-44.059482,-2.522047],[-44.059508,-2.522111],[-44.059544,-2.522184],[-44.059577,-2.52223],[-44.059626,-2.522328],[-44.05967,-2.522464],[-44.059671,-2.52252],[-44.059666,-2.522556],[-44.059636,-2.52261],[-44.059572,-2.522708],[-44.059512,-2.522797],[-44.059441,-2.522869],[-44.059401,-2.522932],[-44.059376,-2.523011],[-44.059379,-2.52308],[-44.059385,-2.523132],[-44.059401,-2.523226],[-44.059432,-2.523343],[-44.059455,-2.523398],[-44.059526,-2.52349],[-44.05957,-2.523503],[-44.059611,-2.523497],[-44.059784,-2.523348],[-44.059924,-2.523246],[-44.059967,-2.523232],[-44.060038,-2.523242],[-44.060086,-2.523228],[-44.060158,-2.523209],[-44.060209,-2.523207],[-44.060251,-2.523214],[-44.060302,-2.523236],[-44.060352,-2.523278],[-44.060395,-2.523329],[-44.060448,-2.523419],[-44.060479,-2.523482],[-44.060488,-2.523532],[-44.060495,-2.523596],[-44.060511,-2.523649],[-44.06053,-2.523687],[-44.060552,-2.523726],[-44.060584,-2.523768],[-44.060638,-2.523808],[-44.060667,-2.523825],[-44.060695,-2.523831],[-44.060729,-2.52383],[-44.060761,-2.523811],[-44.060827,-2.523773],[-44.061042,-2.523631],[-44.061061,-2.523619],[-44.061334,-2.523528],[-44.061384,-2.523514],[-44.061448,-2.523509],[-44.061567,-2.523513],[-44.061718,-2.523525],[-44.061795,-2.523528],[-44.061841,-2.523543],[-44.061881,-2.523576],[-44.061929,-2.52366],[-44.06198,-2.523662],[-44.062027,-2.523657],[-44.062109,-2.523672],[-44.062165,-2.523684],[-44.06234,-2.523775],[-44.06236,-2.523886],[-44.062382,-2.523938],[-44.062429,-2.523985],[-44.062496,-2.524011],[-44.062571,-2.524033],[-44.062593,-2.52404],[-44.062609,-2.524057],[-44.062621,-2.5241],[-44.06262,-2.524134],[-44.062607,-2.524155],[-44.062487,-2.524158],[-44.062429,-2.524165],[-44.062369,-2.524203],[-44.062292,-2.524275],[-44.062216,-2.524347],[-44.062208,-2.52442],[-44.062214,-2.524478],[-44.062231,-2.524666],[-44.062264,-2.524701],[-44.062307,-2.524724],[-44.062351,-2.524729],[-44.062398,-2.524726],[-44.062473,-2.52469],[-44.06259,-2.524548],[-44.062619,-2.524538],[-44.062648,-2.524548],[-44.062664,-2.524559],[-44.062679,-2.524584],[-44.062671,-2.524618],[-44.062645,-2.524659],[-44.06264,-2.5247],[-44.062632,-2.524749],[-44.062645,-2.52485],[-44.062641,-2.524943],[-44.062651,-2.525011],[-44.062672,-2.525062],[-44.062722,-2.525137],[-44.062758,-2.525194],[-44.062788,-2.525234],[-44.062808,-2.525275],[-44.062819,-2.525319],[-44.062812,-2.52544],[-44.062828,-2.525556],[-44.062864,-2.525669],[-44.062906,-2.52583],[-44.062941,-2.525907],[-44.06298,-2.525962],[-44.063053,-2.52602],[-44.063197,-2.526113],[-44.063338,-2.526221],[-44.063476,-2.526332],[-44.06366,-2.526496],[-44.063749,-2.52659],[-44.06391,-2.526677],[-44.06401,-2.52671],[-44.06411,-2.526742],[-44.064277,-2.526833],[-44.064371,-2.52688],[-44.064409,-2.526916],[-44.064449,-2.526983],[-44.064519,-2.527039],[-44.064631,-2.527107],[-44.064709,-2.527152],[-44.064791,-2.527179],[-44.064946,-2.527211],[-44.065019,-2.527216],[-44.065156,-2.52721],[-44.065889,-2.527071],[-44.06599,-2.527441],[-44.065978,-2.527824],[-44.0654,-2.528297],[-44.06531,-2.528346],[-44.064472,-2.528734],[-44.063865,-2.529078],[-44.063183,-2.528708],[-44.062565,-2.528506],[-44.061876,-2.528352],[-44.061341,-2.528323],[-44.060596,-2.527983],[-44.060426,-2.527958],[-44.060159,-2.528037],[-44.059505,-2.528449],[-44.059244,-2.528542],[-44.058418,-2.528583],[-44.058075,-2.528869],[-44.057705,-2.528969],[-44.056873,-2.529329],[-44.05436,-2.525981],[-44.052971,-2.52413],[-44.053248,-2.523976],[-44.053616,-2.523806],[-44.055733,-2.522841],[-44.058965,-2.520737],[-44.060592,-2.519678],[-44.060612,-2.519821],[-44.060598,-2.519971],[-44.060581,-2.520116],[-44.060545,-2.520236]]]}},{"type":"Feature","properties":{"cd_setor":"211120105000082","situacao":"Urbana","bairro":"Vila Roseana Sarney","zona":"ZEU","area_m2":134450.8,"area_ha":13.445,"fonte":"IBGE, Censo 2022 — malha e agregados por setor","pessoas":547.0,"domicilios":220.0,"dom_particulares":220.0,"dom_coletivos":0.0,"moradores_por_dom":3.3,"pct_imputados":0.0419,"dom_ocupados":167.0,"dom_uso_ocasional":11.0,"dom_vagos":42.0,"dens_hab_ha":40.68,"dens_dom_ha":16.36,"pct_vagos":19.1,"pct_uso_ocasional":5.0,"pct_ocupados":75.9},"geometry":{"type":"Polygon","coordinates":[[[-44.082374,-2.545186],[-44.082407,-2.5452],[-44.082514,-2.545227],[-44.082618,-2.545244],[-44.082752,-2.545242],[-44.083057,-2.545178],[-44.08342,-2.545434],[-44.08348,-2.545492],[-44.083487,-2.545534],[-44.08348,-2.54558],[-44.083506,-2.545634],[-44.083565,-2.545643],[-44.084095,-2.545565],[-44.08431,-2.545531],[-44.083862,-2.546099],[-44.083572,-2.546439],[-44.083504,-2.546517],[-44.08296,-2.547145],[-44.082773,-2.547134],[-44.082641,-2.547185],[-44.082326,-2.547341],[-44.081452,-2.547748],[-44.080938,-2.54798],[-44.080883,-2.548005],[-44.080627,-2.548131],[-44.080361,-2.548236],[-44.080268,-2.548276],[-44.07998,-2.548335],[-44.079752,-2.548385],[-44.079498,-2.548406],[-44.079225,-2.548417],[-44.079207,-2.548292],[-44.079181,-2.548148],[-44.079151,-2.547994],[-44.079106,-2.547756],[-44.079081,-2.547628],[-44.079047,-2.547403],[-44.07904,-2.547183],[-44.079029,-2.547105],[-44.07904,-2.547035],[-44.079052,-2.547013],[-44.079128,-2.546872],[-44.079216,-2.546709],[-44.079222,-2.546701],[-44.079297,-2.546606],[-44.079304,-2.546596],[-44.079356,-2.546544],[-44.079408,-2.546492],[-44.079481,-2.546419],[-44.079663,-2.546236],[-44.079742,-2.546157],[-44.079793,-2.546105],[-44.079931,-2.545966],[-44.079962,-2.545935],[-44.080061,-2.545835],[-44.080244,-2.545652],[-44.080521,-2.545364],[-44.080538,-2.545346],[-44.080693,-2.545173],[-44.080867,-2.544981],[-44.080872,-2.544974],[-44.080815,-2.544913],[-44.080964,-2.544562],[-44.081063,-2.544428],[-44.08135,-2.544535],[-44.081691,-2.544753],[-44.08228,-2.545131],[-44.082374,-2.545186]]]}},{"type":"Feature","properties":{"cd_setor":"211120105000083","situacao":"Urbana","bairro":"Vila Roseana Sarney","zona":"ZEU","area_m2":104419.2,"area_ha":10.442,"fonte":"IBGE, Censo 2022 — malha e agregados por setor","pessoas":402.0,"domicilios":149.0,"dom_particulares":149.0,"dom_coletivos":0.0,"moradores_por_dom":3.4,"pct_imputados":0.0171,"dom_ocupados":117.0,"dom_uso_ocasional":10.0,"dom_vagos":22.0,"dens_hab_ha":38.5,"dens_dom_ha":14.27,"pct_vagos":14.8,"pct_uso_ocasional":6.7,"pct_ocupados":78.5},"geometry":{"type":"Polygon","coordinates":[[[-44.077395,-2.546213],[-44.077529,-2.54595],[-44.077607,-2.54581],[-44.077725,-2.545615],[-44.078102,-2.545155],[-44.078585,-2.544676],[-44.079227,-2.544018],[-44.079718,-2.544304],[-44.080228,-2.544575],[-44.080815,-2.544913],[-44.080872,-2.544974],[-44.080867,-2.544981],[-44.080693,-2.545173],[-44.080538,-2.545346],[-44.080521,-2.545364],[-44.080244,-2.545652],[-44.080061,-2.545835],[-44.079962,-2.545935],[-44.079931,-2.545966],[-44.079793,-2.546105],[-44.079742,-2.546157],[-44.079663,-2.546236],[-44.079481,-2.546419],[-44.079408,-2.546492],[-44.079356,-2.546544],[-44.079304,-2.546596],[-44.079297,-2.546606],[-44.079222,-2.546701],[-44.079216,-2.546709],[-44.079128,-2.546872],[-44.079052,-2.547013],[-44.07904,-2.547035],[-44.079029,-2.547105],[-44.07904,-2.547183],[-44.079047,-2.547403],[-44.079081,-2.547628],[-44.079106,-2.547756],[-44.079151,-2.547994],[-44.079181,-2.548148],[-44.079207,-2.548292],[-44.079225,-2.548417],[-44.07894,-2.548407],[-44.078694,-2.548374],[-44.078259,-2.548329],[-44.077843,-2.548251],[-44.077407,-2.548147],[-44.077174,-2.548092],[-44.077172,-2.548029],[-44.077164,-2.54774],[-44.077153,-2.547377],[-44.077142,-2.547028],[-44.077259,-2.54665],[-44.077395,-2.546213]]]}},{"type":"Feature","properties":{"cd_setor":"211120105000084","situacao":"Urbana","bairro":"J. Câmara","zona":"ZS","area_m2":56691.9,"area_ha":5.669,"fonte":"IBGE, Censo 2022 — malha e agregados por setor","pessoas":562.0,"domicilios":198.0,"dom_particulares":198.0,"dom_coletivos":0.0,"moradores_por_dom":3.3,"pct_imputados":0.0116,"dom_ocupados":172.0,"dom_uso_ocasional":3.0,"dom_vagos":23.0,"dens_hab_ha":99.13,"dens_dom_ha":34.93,"pct_vagos":11.6,"pct_uso_ocasional":1.5,"pct_ocupados":86.9},"geometry":{"type":"Polygon","coordinates":[[[-44.065127,-2.545229],[-44.065154,-2.545125],[-44.065198,-2.544912],[-44.065239,-2.544772],[-44.065307,-2.54447],[-44.065316,-2.544315],[-44.065485,-2.543973],[-44.065632,-2.544022],[-44.065814,-2.543544],[-44.065916,-2.543299],[-44.065961,-2.543169],[-44.066051,-2.543111],[-44.06615,-2.543069],[-44.066286,-2.543024],[-44.06644,-2.542986],[-44.066471,-2.54298],[-44.066487,-2.542978],[-44.066531,-2.542973],[-44.06666,-2.543653],[-44.066727,-2.543926],[-44.066951,-2.544993],[-44.067003,-2.545247],[-44.067125,-2.54577],[-44.067138,-2.545817],[-44.06715,-2.54588],[-44.066711,-2.546052],[-44.066686,-2.546062],[-44.066161,-2.546343],[-44.065775,-2.546595],[-44.065556,-2.546274],[-44.065388,-2.546],[-44.065159,-2.54567],[-44.065061,-2.545549],[-44.065094,-2.545375],[-44.065127,-2.545229]]]}},{"type":"Feature","properties":{"cd_setor":"211120105000085","situacao":"Urbana","bairro":"J. Câmara","zona":"ZS","area_m2":32994.9,"area_ha":3.299,"fonte":"IBGE, Censo 2022 — malha e agregados por setor","pessoas":323.0,"domicilios":107.0,"dom_particulares":107.0,"dom_coletivos":0.0,"moradores_por_dom":3.4,"pct_imputados":0.0532,"dom_ocupados":94.0,"dom_uso_ocasional":3.0,"dom_vagos":10.0,"dens_hab_ha":97.89,"dens_dom_ha":32.43,"pct_vagos":9.3,"pct_uso_ocasional":2.8,"pct_ocupados":87.9},"geometry":{"type":"Polygon","coordinates":[[[-44.067138,-2.545817],[-44.067753,-2.545418],[-44.067964,-2.545893],[-44.068012,-2.546053],[-44.068091,-2.546249],[-44.06822,-2.546655],[-44.068456,-2.547218],[-44.067518,-2.547777],[-44.067443,-2.547318],[-44.067413,-2.547154],[-44.067394,-2.547055],[-44.067342,-2.546835],[-44.06726,-2.546506],[-44.067176,-2.546548],[-44.066551,-2.546921],[-44.066139,-2.547173],[-44.065795,-2.546635],[-44.065775,-2.546595],[-44.066161,-2.546343],[-44.066686,-2.546062],[-44.066711,-2.546052],[-44.06715,-2.54588],[-44.067138,-2.545817]]]}},{"type":"Feature","properties":{"cd_setor":"211120105000086","situacao":"Urbana","bairro":"J. Câmara","zona":"ZS","area_m2":31972.3,"area_ha":3.197,"fonte":"IBGE, Censo 2022 — malha e agregados por setor","pessoas":123.0,"domicilios":44.0,"dom_particulares":44.0,"dom_coletivos":0.0,"moradores_por_dom":3.2,"pct_imputados":0.0789,"dom_ocupados":38.0,"dom_uso_ocasional":1.0,"dom_vagos":5.0,"dens_hab_ha":38.47,"dens_dom_ha":13.76,"pct_vagos":11.4,"pct_uso_ocasional":2.3,"pct_ocupados":86.4},"geometry":{"type":"Polygon","coordinates":[[[-44.064259,-2.54464],[-44.0644,-2.5445],[-44.064582,-2.544315],[-44.064676,-2.544179],[-44.064783,-2.544025],[-44.06497,-2.543755],[-44.065,-2.543675],[-44.065048,-2.543549],[-44.065112,-2.543381],[-44.065242,-2.543038],[-44.065408,-2.542603],[-44.065593,-2.542117],[-44.065683,-2.541881],[-44.065682,-2.541879],[-44.066065,-2.542015],[-44.066341,-2.542108],[-44.066531,-2.542973],[-44.066487,-2.542978],[-44.066471,-2.54298],[-44.06644,-2.542986],[-44.066286,-2.543024],[-44.06615,-2.543069],[-44.066051,-2.543111],[-44.065961,-2.543169],[-44.065916,-2.543299],[-44.065814,-2.543544],[-44.065632,-2.544022],[-44.065485,-2.543973],[-44.065316,-2.544315],[-44.065307,-2.54447],[-44.065239,-2.544772],[-44.065198,-2.544912],[-44.065154,-2.545125],[-44.065127,-2.545229],[-44.06506,-2.545206],[-44.064599,-2.544887],[-44.064259,-2.54464]]]}},{"type":"Feature","properties":{"cd_setor":"211120105000087","situacao":"Urbana","bairro":"Vila Sarnambi","zona":"ZS","area_m2":82980.6,"area_ha":8.298,"fonte":"IBGE, Censo 2022 — malha e agregados por setor","pessoas":719.0,"domicilios":237.0,"dom_particulares":237.0,"dom_coletivos":0.0,"moradores_por_dom":3.4,"pct_imputados":0.0144,"dom_ocupados":209.0,"dom_uso_ocasional":5.0,"dom_vagos":23.0,"dens_hab_ha":86.65,"dens_dom_ha":28.56,"pct_vagos":9.7,"pct_uso_ocasional":2.1,"pct_ocupados":88.2},"geometry":{"type":"Polygon","coordinates":[[[-44.06041,-2.544871],[-44.060473,-2.54459],[-44.060503,-2.544425],[-44.060586,-2.544041],[-44.060659,-2.54391],[-44.061735,-2.542663],[-44.061911,-2.542787],[-44.062591,-2.54333],[-44.062974,-2.543608],[-44.063301,-2.543859],[-44.063618,-2.544096],[-44.064217,-2.544597],[-44.064259,-2.54464],[-44.064252,-2.544656],[-44.064014,-2.545201],[-44.063835,-2.545605],[-44.062638,-2.545469],[-44.062566,-2.545463],[-44.06229,-2.54543],[-44.061955,-2.545402],[-44.061478,-2.545341],[-44.061382,-2.545302],[-44.060663,-2.544979],[-44.060526,-2.544918],[-44.06041,-2.544871]]]}},{"type":"Feature","properties":{"cd_setor":"211120105000089","situacao":"Urbana","bairro":"","zona":"ZRI","area_m2":1936702.8,"area_ha":193.67,"fonte":"IBGE, Censo 2022 — malha e agregados por setor","pessoas":267.0,"domicilios":138.0,"dom_particulares":138.0,"dom_coletivos":0.0,"moradores_por_dom":3.3,"pct_imputados":0.0854,"dom_ocupados":82.0,"dom_uso_ocasional":34.0,"dom_vagos":22.0,"dens_hab_ha":1.38,"dens_dom_ha":0.71,"pct_vagos":15.9,"pct_uso_ocasional":24.6,"pct_ocupados":59.4},"geometry":{"type":"Polygon","coordinates":[[[-44.041895,-2.505844],[-44.042145,-2.505285],[-44.042055,-2.505013],[-44.041829,-2.504424],[-44.04206,-2.503835],[-44.042701,-2.503155],[-44.043111,-2.502566],[-44.043648,-2.502296],[-44.044278,-2.502206],[-44.044869,-2.50216],[-44.045459,-2.50207],[-44.045915,-2.501979],[-44.046233,-2.501934],[-44.046552,-2.501889],[-44.047188,-2.501798],[-44.047733,-2.501798],[-44.048139,-2.501843],[-44.048589,-2.502296],[-44.048814,-2.502794],[-44.048813,-2.503292],[-44.048857,-2.503745],[-44.049082,-2.504335],[-44.049307,-2.504698],[-44.050121,-2.505288],[-44.050212,-2.505333],[-44.050937,-2.505334],[-44.051574,-2.505287],[-44.052058,-2.505158],[-44.052053,-2.50532],[-44.052053,-2.505481],[-44.052066,-2.50566],[-44.052037,-2.505809],[-44.051917,-2.506015],[-44.051866,-2.506082],[-44.05181,-2.506108],[-44.051268,-2.507217],[-44.051009,-2.507773],[-44.05068,-2.50848],[-44.049943,-2.510088],[-44.049681,-2.510671],[-44.049058,-2.512102],[-44.048321,-2.513727],[-44.047506,-2.515596],[-44.046825,-2.517108],[-44.046171,-2.51858],[-44.046187,-2.51858],[-44.046184,-2.518588],[-44.045123,-2.518224],[-44.040016,-2.516422],[-44.036631,-2.51529],[-44.035291,-2.514829],[-44.036212,-2.513027],[-44.036298,-2.513034],[-44.036531,-2.513075],[-44.036688,-2.513131],[-44.036857,-2.513166],[-44.036975,-2.513165],[-44.03714,-2.51312],[-44.037049,-2.513048],[-44.03697,-2.512967],[-44.036914,-2.512865],[-44.036858,-2.512764],[-44.036804,-2.512641],[-44.036738,-2.512528],[-44.036649,-2.512435],[-44.036583,-2.512322],[-44.036538,-2.512211],[-44.036482,-2.512109],[-44.036415,-2.512007],[-44.03636,-2.511895],[-44.036281,-2.511813],[-44.03629,-2.511696],[-44.036384,-2.511607],[-44.036436,-2.511493],[-44.036447,-2.511365],[-44.036456,-2.511258],[-44.036466,-2.51113],[-44.036466,-2.511001],[-44.036411,-2.510889],[-44.036351,-2.51083],[-44.036359,-2.510734],[-44.036442,-2.510644],[-44.036656,-2.510533],[-44.036745,-2.510497],[-44.036863,-2.510497],[-44.036962,-2.510472],[-44.037101,-2.510484],[-44.037218,-2.510494],[-44.037337,-2.510493],[-44.037491,-2.510452],[-44.037509,-2.510357],[-44.037442,-2.510265],[-44.037482,-2.510172],[-44.037576,-2.510072],[-44.037648,-2.509981],[-44.037677,-2.509898],[-44.037575,-2.509825],[-44.037594,-2.509729],[-44.037701,-2.509738],[-44.037822,-2.509705],[-44.037944,-2.509662],[-44.038037,-2.509573],[-44.038121,-2.509472],[-44.03824,-2.509461],[-44.038319,-2.509413],[-44.03835,-2.509308],[-44.038359,-2.509191],[-44.038477,-2.508984],[-44.038594,-2.5089],[-44.038713,-2.508799],[-44.038894,-2.508704],[-44.039008,-2.508666],[-44.039143,-2.508551],[-44.039295,-2.508438],[-44.039447,-2.508309],[-44.040399,-2.507037],[-44.041547,-2.506622],[-44.041895,-2.505844]]]}},{"type":"Feature","properties":{"cd_setor":"211120105000090","situacao":"Urbana","bairro":"J. Camara II","zona":"ZEU","area_m2":169898.6,"area_ha":16.99,"fonte":"IBGE, Censo 2022 — malha e agregados por setor","pessoas":513.0,"domicilios":171.0,"dom_particulares":171.0,"dom_coletivos":0.0,"moradores_por_dom":3.4,"pct_imputados":0.0604,"dom_ocupados":149.0,"dom_uso_ocasional":4.0,"dom_vagos":18.0,"dens_hab_ha":30.19,"dens_dom_ha":10.06,"pct_vagos":10.5,"pct_uso_ocasional":2.3,"pct_ocupados":87.1},"geometry":{"type":"Polygon","coordinates":[[[-44.069492,-2.535146],[-44.069634,-2.535072],[-44.06971,-2.535049],[-44.069916,-2.534989],[-44.070279,-2.534906],[-44.071018,-2.535853],[-44.071595,-2.536511],[-44.072012,-2.537053],[-44.07138,-2.537566],[-44.070773,-2.53809],[-44.070192,-2.538591],[-44.070132,-2.538636],[-44.069518,-2.539134],[-44.068886,-2.539664],[-44.068267,-2.54019],[-44.067667,-2.540677],[-44.067409,-2.54038],[-44.067081,-2.540001],[-44.066887,-2.539777],[-44.067076,-2.539437],[-44.067351,-2.538966],[-44.06746,-2.53878],[-44.067772,-2.538262],[-44.067974,-2.537925],[-44.068142,-2.537575],[-44.068144,-2.53749],[-44.068099,-2.537396],[-44.06796,-2.537178],[-44.067855,-2.537],[-44.067832,-2.53679],[-44.067832,-2.536656],[-44.067877,-2.536537],[-44.06799,-2.536403],[-44.068211,-2.536219],[-44.068848,-2.535698],[-44.069263,-2.535348],[-44.069492,-2.535146]]]}},{"type":"Feature","properties":{"cd_setor":"211120105000091","situacao":"Urbana","bairro":"Canavieira","zona":"ZEU","area_m2":196368.8,"area_ha":19.637,"fonte":"IBGE, Censo 2022 — malha e agregados por setor","pessoas":235.0,"domicilios":93.0,"dom_particulares":93.0,"dom_coletivos":0.0,"moradores_por_dom":3.4,"pct_imputados":0.1429,"dom_ocupados":70.0,"dom_uso_ocasional":8.0,"dom_vagos":15.0,"dens_hab_ha":11.97,"dens_dom_ha":4.74,"pct_vagos":16.1,"pct_uso_ocasional":8.6,"pct_ocupados":75.3},"geometry":{"type":"Polygon","coordinates":[[[-44.063662,-2.534488],[-44.064533,-2.534954],[-44.064513,-2.535077],[-44.064432,-2.535264],[-44.064588,-2.535384],[-44.064779,-2.535325],[-44.065016,-2.53521],[-44.065432,-2.534873],[-44.065653,-2.534663],[-44.065831,-2.534462],[-44.066127,-2.534168],[-44.066546,-2.533896],[-44.066817,-2.533727],[-44.067169,-2.533694],[-44.067706,-2.533792],[-44.068132,-2.533835],[-44.068322,-2.533729],[-44.06865,-2.533645],[-44.069252,-2.533563],[-44.069768,-2.533528],[-44.069638,-2.534339],[-44.069492,-2.535146],[-44.069263,-2.535348],[-44.068848,-2.535698],[-44.068211,-2.536219],[-44.06799,-2.536403],[-44.067877,-2.536537],[-44.067832,-2.536656],[-44.067832,-2.53679],[-44.067855,-2.537],[-44.06796,-2.537178],[-44.068099,-2.537396],[-44.068144,-2.53749],[-44.068142,-2.537575],[-44.067974,-2.537925],[-44.067772,-2.538262],[-44.06746,-2.53878],[-44.067351,-2.538966],[-44.06735,-2.538966],[-44.067247,-2.538824],[-44.067057,-2.538561],[-44.06655,-2.537859],[-44.066163,-2.537341],[-44.065661,-2.536691],[-44.065303,-2.536686],[-44.065164,-2.536652],[-44.064878,-2.536658],[-44.064202,-2.535957],[-44.063856,-2.535769],[-44.063651,-2.535619],[-44.063406,-2.535445],[-44.063128,-2.535255],[-44.062971,-2.535101],[-44.063052,-2.535034],[-44.063304,-2.534772],[-44.063583,-2.534483],[-44.063662,-2.534488]]]}},{"type":"Feature","properties":{"cd_setor":"211120105000092","situacao":"Urbana","bairro":"Riozinho","zona":"ZEU","area_m2":520318.1,"area_ha":52.032,"fonte":"IBGE, Censo 2022 — malha e agregados por setor","pessoas":311.0,"domicilios":113.0,"dom_particulares":113.0,"dom_coletivos":0.0,"moradores_por_dom":3.6,"pct_imputados":0.023,"dom_ocupados":87.0,"dom_uso_ocasional":17.0,"dom_vagos":9.0,"dens_hab_ha":5.98,"dens_dom_ha":2.17,"pct_vagos":8.0,"pct_uso_ocasional":15.0,"pct_ocupados":77.0},"geometry":{"type":"Polygon","coordinates":[[[-44.118807,-2.549265],[-44.121464,-2.549965],[-44.121898,-2.550079],[-44.122549,-2.550251],[-44.122353,-2.551367],[-44.122201,-2.551807],[-44.122018,-2.552],[-44.121728,-2.552223],[-44.121528,-2.552378],[-44.121405,-2.55256],[-44.121367,-2.552691],[-44.121302,-2.553003],[-44.121284,-2.553336],[-44.121308,-2.55364],[-44.121375,-2.554143],[-44.121187,-2.555006],[-44.121176,-2.555038],[-44.120988,-2.555579],[-44.120307,-2.556686],[-44.120294,-2.556704],[-44.119912,-2.557209],[-44.119127,-2.558475],[-44.118602,-2.558296],[-44.11875,-2.557862],[-44.118499,-2.557753],[-44.118584,-2.557607],[-44.118717,-2.557404],[-44.118847,-2.556989],[-44.118747,-2.556967],[-44.119193,-2.556243],[-44.118917,-2.556158],[-44.117601,-2.555654],[-44.116819,-2.555315],[-44.116904,-2.554502],[-44.115533,-2.554766],[-44.115424,-2.554836],[-44.114957,-2.554951],[-44.114839,-2.55499],[-44.114837,-2.554991],[-44.114812,-2.554893],[-44.114681,-2.554273],[-44.11501,-2.552953],[-44.115249,-2.552269],[-44.115851,-2.550488],[-44.115943,-2.548912],[-44.115943,-2.548901],[-44.117443,-2.549034],[-44.117995,-2.549091],[-44.118083,-2.549107],[-44.118202,-2.549127],[-44.11842,-2.549163],[-44.118644,-2.549222],[-44.118807,-2.549265]]]}},{"type":"Feature","properties":{"cd_setor":"211120105000093","situacao":"Urbana","bairro":"Riozinho","zona":"ZEU","area_m2":59102.7,"area_ha":5.91,"fonte":"IBGE, Censo 2022 — malha e agregados por setor","pessoas":465.0,"domicilios":231.0,"dom_particulares":231.0,"dom_coletivos":0.0,"moradores_por_dom":2.9,"pct_imputados":0.087,"dom_ocupados":161.0,"dom_uso_ocasional":34.0,"dom_vagos":36.0,"dens_hab_ha":78.68,"dens_dom_ha":39.08,"pct_vagos":15.6,"pct_uso_ocasional":14.7,"pct_ocupados":69.7},"geometry":{"type":"Polygon","coordinates":[[[-44.115523,-2.557744],[-44.115068,-2.555917],[-44.115284,-2.555991],[-44.115882,-2.556185],[-44.116691,-2.556461],[-44.116556,-2.556893],[-44.118408,-2.557534],[-44.118349,-2.557709],[-44.118499,-2.557753],[-44.11875,-2.557862],[-44.118602,-2.558296],[-44.119127,-2.558475],[-44.11908,-2.55855],[-44.11892,-2.558905],[-44.115523,-2.557744]]]}},{"type":"Feature","properties":{"cd_setor":"211120105000094","situacao":"Urbana","bairro":"Riozinho","zona":"ZEU","area_m2":76128.4,"area_ha":7.613,"fonte":"IBGE, Censo 2022 — malha e agregados por setor","pessoas":729.0,"domicilios":284.0,"dom_particulares":284.0,"dom_coletivos":0.0,"moradores_por_dom":3.1,"pct_imputados":0.0385,"dom_ocupados":234.0,"dom_uso_ocasional":21.0,"dom_vagos":29.0,"dens_hab_ha":95.76,"dens_dom_ha":37.31,"pct_vagos":10.2,"pct_uso_ocasional":7.4,"pct_ocupados":82.4},"geometry":{"type":"Polygon","coordinates":[[[-44.114837,-2.554991],[-44.114839,-2.55499],[-44.114957,-2.554951],[-44.115424,-2.554836],[-44.115533,-2.554766],[-44.116904,-2.554502],[-44.116819,-2.555315],[-44.117601,-2.555654],[-44.118917,-2.556158],[-44.119193,-2.556243],[-44.118747,-2.556967],[-44.118847,-2.556989],[-44.118717,-2.557404],[-44.118584,-2.557607],[-44.118499,-2.557753],[-44.118349,-2.557709],[-44.118408,-2.557534],[-44.116556,-2.556893],[-44.116691,-2.556461],[-44.115882,-2.556185],[-44.115284,-2.555991],[-44.115068,-2.555917],[-44.114837,-2.554991]]]}},{"type":"Feature","properties":{"cd_setor":"211120105000097","situacao":"Urbana","bairro":"Itapary","zona":"ZDU - P","area_m2":463055.7,"area_ha":46.306,"fonte":"IBGE, Censo 2022 — malha e agregados por setor","pessoas":408.0,"domicilios":266.0,"dom_particulares":266.0,"dom_coletivos":0.0,"moradores_por_dom":3.1,"pct_imputados":0.0227,"dom_ocupados":132.0,"dom_uso_ocasional":43.0,"dom_vagos":91.0,"dens_hab_ha":8.81,"dens_dom_ha":5.74,"pct_vagos":34.2,"pct_uso_ocasional":16.2,"pct_ocupados":49.6},"geometry":{"type":"Polygon","coordinates":[[[-44.047654,-2.531703],[-44.047532,-2.531079],[-44.047565,-2.531035],[-44.047486,-2.530457],[-44.047356,-2.529835],[-44.04723,-2.529222],[-44.047142,-2.528605],[-44.047021,-2.527964],[-44.046912,-2.527321],[-44.046909,-2.527304],[-44.047741,-2.527157],[-44.049023,-2.526956],[-44.049512,-2.526828],[-44.051085,-2.526587],[-44.051609,-2.526492],[-44.053429,-2.526051],[-44.05436,-2.525981],[-44.056873,-2.529329],[-44.056914,-2.529383],[-44.057253,-2.529829],[-44.056517,-2.5299],[-44.055231,-2.530154],[-44.054625,-2.530274],[-44.053967,-2.530405],[-44.0527,-2.530665],[-44.050897,-2.531033],[-44.049671,-2.531286],[-44.047654,-2.531703]]]}},{"type":"Feature","properties":{"cd_setor":"211120105000098","situacao":"Urbana","bairro":"Piçarreira","zona":"ZEU","area_m2":234876.2,"area_ha":23.488,"fonte":"IBGE, Censo 2022 — malha e agregados por setor","pessoas":677.0,"domicilios":235.0,"dom_particulares":235.0,"dom_coletivos":0.0,"moradores_por_dom":3.4,"pct_imputados":0.0448,"dom_ocupados":201.0,"dom_uso_ocasional":13.0,"dom_vagos":21.0,"dens_hab_ha":28.82,"dens_dom_ha":10.01,"pct_vagos":8.9,"pct_uso_ocasional":5.5,"pct_ocupados":85.5},"geometry":{"type":"Polygon","coordinates":[[[-44.103057,-2.546636],[-44.103176,-2.546612],[-44.103256,-2.546587],[-44.103976,-2.546305],[-44.104448,-2.546103],[-44.104469,-2.546245],[-44.104579,-2.546884],[-44.104499,-2.546901],[-44.104516,-2.547228],[-44.104799,-2.547295],[-44.105352,-2.547427],[-44.105847,-2.547544],[-44.106007,-2.547582],[-44.106355,-2.547659],[-44.106781,-2.547753],[-44.106783,-2.547761],[-44.106953,-2.548353],[-44.107015,-2.548933],[-44.107004,-2.549269],[-44.106945,-2.549622],[-44.106675,-2.550485],[-44.10659,-2.550703],[-44.106151,-2.552126],[-44.105911,-2.552912],[-44.105899,-2.55295],[-44.105864,-2.553014],[-44.105806,-2.553122],[-44.105623,-2.553196],[-44.104669,-2.55047],[-44.102321,-2.551343],[-44.102368,-2.550764],[-44.102502,-2.548616],[-44.102609,-2.547145],[-44.102664,-2.546835],[-44.102493,-2.54672],[-44.102634,-2.546711],[-44.102854,-2.546676],[-44.103057,-2.546636]]]}},{"type":"Feature","properties":{"cd_setor":"211120105000099","situacao":"Urbana","bairro":"Piçarreira","zona":"ZEU","area_m2":112913.1,"area_ha":11.291,"fonte":"IBGE, Censo 2022 — malha e agregados por setor","pessoas":0.0,"domicilios":0.0,"dom_particulares":0.0,"dom_coletivos":0.0,"moradores_por_dom":0.0,"pct_imputados":0.0,"dom_ocupados":0.0,"dom_uso_ocasional":0.0,"dom_vagos":0.0,"dens_hab_ha":null,"dens_dom_ha":null,"pct_vagos":null,"pct_uso_ocasional":null,"pct_ocupados":null},"geometry":{"type":"Polygon","coordinates":[[[-44.102321,-2.551343],[-44.104669,-2.55047],[-44.105623,-2.553196],[-44.104584,-2.553621],[-44.102126,-2.554544],[-44.102125,-2.55416],[-44.102199,-2.552925],[-44.102274,-2.551931],[-44.102275,-2.551918],[-44.102321,-2.551343]]]}},{"type":"Feature","properties":{"cd_setor":"211120105000100","situacao":"Urbana","bairro":"Riozinho","zona":"ZEU","area_m2":59061.7,"area_ha":5.906,"fonte":"IBGE, Censo 2022 — malha e agregados por setor","pessoas":602.0,"domicilios":237.0,"dom_particulares":237.0,"dom_coletivos":0.0,"moradores_por_dom":2.9,"pct_imputados":0.0483,"dom_ocupados":207.0,"dom_uso_ocasional":13.0,"dom_vagos":17.0,"dens_hab_ha":101.93,"dens_dom_ha":40.13,"pct_vagos":7.2,"pct_uso_ocasional":5.5,"pct_ocupados":87.3},"geometry":{"type":"Polygon","coordinates":[[[-44.112777,-2.555409],[-44.114812,-2.554893],[-44.114837,-2.554991],[-44.115068,-2.555917],[-44.115523,-2.557744],[-44.115445,-2.557718],[-44.115386,-2.557699],[-44.113827,-2.557185],[-44.113177,-2.557078],[-44.113174,-2.557074],[-44.113154,-2.55699],[-44.11306,-2.556501],[-44.112777,-2.555409]]]}},{"type":"Feature","properties":{"cd_setor":"211120105000101","situacao":"Urbana","bairro":"Riozinho","zona":"ZEU","area_m2":45462.8,"area_ha":4.546,"fonte":"IBGE, Censo 2022 — malha e agregados por setor","pessoas":384.0,"domicilios":173.0,"dom_particulares":173.0,"dom_coletivos":0.0,"moradores_por_dom":3.0,"pct_imputados":0.0078,"dom_ocupados":128.0,"dom_uso_ocasional":24.0,"dom_vagos":21.0,"dens_hab_ha":84.46,"dens_dom_ha":38.05,"pct_vagos":12.1,"pct_uso_ocasional":13.9,"pct_ocupados":74.0},"geometry":{"type":"Polygon","coordinates":[[[-44.109835,-2.556144],[-44.110856,-2.555891],[-44.112774,-2.555401],[-44.112777,-2.555409],[-44.11306,-2.556501],[-44.113154,-2.55699],[-44.113174,-2.557074],[-44.113177,-2.557078],[-44.112742,-2.557007],[-44.111522,-2.556806],[-44.111482,-2.556812],[-44.109905,-2.557055],[-44.109822,-2.556248],[-44.109835,-2.556144]]]}},{"type":"Feature","properties":{"cd_setor":"211120105000102","situacao":"Urbana","bairro":"Piçarreira","zona":"ZEU","area_m2":304817.3,"area_ha":30.482,"fonte":"IBGE, Censo 2022 — malha e agregados por setor","pessoas":149.0,"domicilios":60.0,"dom_particulares":60.0,"dom_coletivos":0.0,"moradores_por_dom":3.7,"pct_imputados":0.175,"dom_ocupados":40.0,"dom_uso_ocasional":14.0,"dom_vagos":6.0,"dens_hab_ha":4.89,"dens_dom_ha":1.97,"pct_vagos":10.0,"pct_uso_ocasional":23.3,"pct_ocupados":66.7},"geometry":{"type":"Polygon","coordinates":[[[-44.107688,-2.544748],[-44.107779,-2.544768],[-44.108499,-2.544931],[-44.110188,-2.545392],[-44.110347,-2.545439],[-44.110905,-2.545611],[-44.111156,-2.545702],[-44.1115,-2.545823],[-44.111672,-2.545897],[-44.111812,-2.545975],[-44.113468,-2.546755],[-44.113609,-2.546825],[-44.114238,-2.547122],[-44.114439,-2.547209],[-44.114893,-2.547387],[-44.11601,-2.547749],[-44.116183,-2.547811],[-44.116365,-2.54787],[-44.11647,-2.547908],[-44.116557,-2.547947],[-44.116753,-2.548048],[-44.117049,-2.548244],[-44.117239,-2.548382],[-44.11756,-2.548614],[-44.117656,-2.54867],[-44.117728,-2.548718],[-44.117816,-2.54881],[-44.117985,-2.549007],[-44.118029,-2.549059],[-44.118083,-2.549107],[-44.117995,-2.549091],[-44.117443,-2.549034],[-44.115943,-2.548901],[-44.115943,-2.548912],[-44.1148,-2.548819],[-44.11257,-2.548623],[-44.111351,-2.548522],[-44.111343,-2.548521],[-44.111032,-2.548495],[-44.110026,-2.548385],[-44.109936,-2.548375],[-44.109778,-2.548356],[-44.108953,-2.54826],[-44.108079,-2.548062],[-44.107164,-2.54785],[-44.106878,-2.547775],[-44.106783,-2.547761],[-44.106804,-2.547732],[-44.106336,-2.545297],[-44.107229,-2.544932],[-44.107517,-2.544814],[-44.107646,-2.544752],[-44.107688,-2.544748]]]}},{"type":"Feature","properties":{"cd_setor":"211120105000104","situacao":"Urbana","bairro":"Piçarreira","zona":"ZEU","area_m2":37605.2,"area_ha":3.761,"fonte":"IBGE, Censo 2022 — malha e agregados por setor","pessoas":236.0,"domicilios":105.0,"dom_particulares":105.0,"dom_coletivos":0.0,"moradores_por_dom":2.7,"pct_imputados":0.0581,"dom_ocupados":86.0,"dom_uso_ocasional":11.0,"dom_vagos":8.0,"dens_hab_ha":62.76,"dens_dom_ha":27.92,"pct_vagos":7.6,"pct_uso_ocasional":10.5,"pct_ocupados":81.9},"geometry":{"type":"Polygon","coordinates":[[[-44.111343,-2.548521],[-44.111395,-2.550137],[-44.109365,-2.550246],[-44.109416,-2.549942],[-44.109533,-2.549546],[-44.109715,-2.548962],[-44.109763,-2.548839],[-44.109901,-2.548462],[-44.109936,-2.548375],[-44.110026,-2.548385],[-44.111032,-2.548495],[-44.111343,-2.548521]]]}},{"type":"Feature","properties":{"cd_setor":"211120105000105","situacao":"Urbana","bairro":"Centro","zona":"ZC","area_m2":50912.1,"area_ha":5.091,"fonte":"IBGE, Censo 2022 — malha e agregados por setor","pessoas":214.0,"domicilios":102.0,"dom_particulares":102.0,"dom_coletivos":0.0,"moradores_por_dom":3.4,"pct_imputados":0.0635,"dom_ocupados":63.0,"dom_uso_ocasional":12.0,"dom_vagos":27.0,"dens_hab_ha":42.03,"dens_dom_ha":20.03,"pct_vagos":26.5,"pct_uso_ocasional":11.8,"pct_ocupados":61.8},"geometry":{"type":"Polygon","coordinates":[[[-44.053282,-2.558717],[-44.053261,-2.558611],[-44.053094,-2.557772],[-44.052878,-2.556974],[-44.052723,-2.556639],[-44.053219,-2.556676],[-44.053358,-2.556659],[-44.053691,-2.556754],[-44.054053,-2.556857],[-44.054521,-2.556998],[-44.054658,-2.55704],[-44.055048,-2.557158],[-44.055567,-2.557317],[-44.055556,-2.557354],[-44.055533,-2.557422],[-44.055435,-2.55769],[-44.055273,-2.55809],[-44.054991,-2.558698],[-44.054981,-2.558719],[-44.05492,-2.558838],[-44.054377,-2.558763],[-44.054294,-2.558752],[-44.054022,-2.558731],[-44.053954,-2.558725],[-44.053773,-2.558725],[-44.053679,-2.558724],[-44.053282,-2.558717]]]}},{"type":"Feature","properties":{"cd_setor":"211120105000106","situacao":"Urbana","bairro":"Santuário","zona":"ZC","area_m2":129050.8,"area_ha":12.905,"fonte":"IBGE, Censo 2022 — malha e agregados por setor","pessoas":200.0,"domicilios":114.0,"dom_particulares":112.0,"dom_coletivos":2.0,"moradores_por_dom":3.1,"pct_imputados":0.127,"dom_ocupados":63.0,"dom_uso_ocasional":22.0,"dom_vagos":27.0,"dens_hab_ha":15.5,"dens_dom_ha":8.68,"pct_vagos":24.1,"pct_uso_ocasional":19.6,"pct_ocupados":56.2},"geometry":{"type":"Polygon","coordinates":[[[-44.057336,-2.563065],[-44.0573,-2.563098],[-44.057282,-2.563116],[-44.057101,-2.563248],[-44.056986,-2.563346],[-44.056982,-2.56335],[-44.056879,-2.563493],[-44.056741,-2.563729],[-44.056686,-2.563791],[-44.056676,-2.563802],[-44.056613,-2.563874],[-44.056465,-2.563938],[-44.056446,-2.563946],[-44.056238,-2.563976],[-44.056223,-2.563979],[-44.056019,-2.56399],[-44.056008,-2.56399],[-44.055846,-2.56399],[-44.055681,-2.563988],[-44.05546,-2.56405],[-44.055438,-2.564054],[-44.055249,-2.56415],[-44.055227,-2.564161],[-44.054965,-2.5643],[-44.054947,-2.564304],[-44.05484,-2.564366],[-44.054653,-2.564457],[-44.054398,-2.564572],[-44.054145,-2.564683],[-44.053985,-2.564723],[-44.053973,-2.564727],[-44.053957,-2.564731],[-44.053769,-2.564739],[-44.053741,-2.564731],[-44.053696,-2.564714],[-44.053573,-2.564666],[-44.053445,-2.56459],[-44.053354,-2.564496],[-44.053326,-2.564466],[-44.053262,-2.56433],[-44.053239,-2.564194],[-44.053227,-2.564035],[-44.053235,-2.564003],[-44.053257,-2.563912],[-44.053265,-2.5639],[-44.053349,-2.56378],[-44.053361,-2.56376],[-44.053441,-2.563649],[-44.053542,-2.56347],[-44.05361,-2.56332],[-44.05361,-2.563304],[-44.053785,-2.562857],[-44.053799,-2.562467],[-44.053741,-2.561767],[-44.053611,-2.561069],[-44.053511,-2.560094],[-44.053339,-2.559005],[-44.053282,-2.558717],[-44.053679,-2.558724],[-44.053773,-2.558725],[-44.053954,-2.558725],[-44.054022,-2.558731],[-44.054294,-2.558752],[-44.054377,-2.558763],[-44.05492,-2.558838],[-44.054808,-2.559028],[-44.054592,-2.559484],[-44.054821,-2.559579],[-44.055608,-2.559877],[-44.055507,-2.560264],[-44.055462,-2.560531],[-44.055417,-2.560751],[-44.055413,-2.561104],[-44.055443,-2.56124],[-44.055478,-2.561342],[-44.055423,-2.561427],[-44.055376,-2.561621],[-44.05531,-2.56193],[-44.055278,-2.562085],[-44.055036,-2.562843],[-44.054902,-2.563267],[-44.054893,-2.563352],[-44.054927,-2.563385],[-44.055085,-2.563446],[-44.055284,-2.563529],[-44.055549,-2.563627],[-44.055849,-2.56318],[-44.056068,-2.563315],[-44.05632,-2.563537],[-44.056619,-2.563387],[-44.056816,-2.563298],[-44.057336,-2.563065]]]}},{"type":"Feature","properties":{"cd_setor":"211120105000107","situacao":"Urbana","bairro":"Centro","zona":"ZC","area_m2":44621.8,"area_ha":4.462,"fonte":"IBGE, Censo 2022 — malha e agregados por setor","pessoas":267.0,"domicilios":111.0,"dom_particulares":111.0,"dom_coletivos":0.0,"moradores_por_dom":3.3,"pct_imputados":0.0854,"dom_ocupados":82.0,"dom_uso_ocasional":10.0,"dom_vagos":19.0,"dens_hab_ha":59.84,"dens_dom_ha":24.88,"pct_vagos":17.1,"pct_uso_ocasional":9.0,"pct_ocupados":73.9},"geometry":{"type":"Polygon","coordinates":[[[-44.054991,-2.558698],[-44.055273,-2.55809],[-44.055435,-2.55769],[-44.055533,-2.557422],[-44.055556,-2.557354],[-44.055567,-2.557317],[-44.05563,-2.557335],[-44.056504,-2.557625],[-44.056665,-2.55764],[-44.057852,-2.557972],[-44.057934,-2.558004],[-44.057872,-2.55807],[-44.057839,-2.558099],[-44.057675,-2.558279],[-44.05764,-2.558317],[-44.057571,-2.558395],[-44.057201,-2.558916],[-44.057181,-2.558941],[-44.056729,-2.55954],[-44.056662,-2.559642],[-44.056606,-2.559608],[-44.056453,-2.559508],[-44.055984,-2.559274],[-44.055901,-2.559232],[-44.055975,-2.559071],[-44.055397,-2.558851],[-44.054996,-2.558699],[-44.054991,-2.558698]]]}},{"type":"Feature","properties":{"cd_setor":"211120105000108","situacao":"Urbana","bairro":"Santuário","zona":"ZC","area_m2":57721.7,"area_ha":5.772,"fonte":"IBGE, Censo 2022 — malha e agregados por setor","pessoas":176.0,"domicilios":74.0,"dom_particulares":73.0,"dom_coletivos":1.0,"moradores_por_dom":3.4,"pct_imputados":0.08,"dom_ocupados":50.0,"dom_uso_ocasional":14.0,"dom_vagos":9.0,"dens_hab_ha":30.49,"dens_dom_ha":12.65,"pct_vagos":12.3,"pct_uso_ocasional":19.2,"pct_ocupados":68.5},"geometry":{"type":"Polygon","coordinates":[[[-44.05492,-2.558838],[-44.054981,-2.558719],[-44.054991,-2.558698],[-44.054996,-2.558699],[-44.055397,-2.558851],[-44.055975,-2.559071],[-44.055901,-2.559232],[-44.055984,-2.559274],[-44.056453,-2.559508],[-44.056606,-2.559608],[-44.056567,-2.559654],[-44.056209,-2.560123],[-44.056177,-2.560178],[-44.056042,-2.560447],[-44.056,-2.56053],[-44.05609,-2.560551],[-44.056176,-2.560568],[-44.056391,-2.560639],[-44.056433,-2.56068],[-44.056423,-2.56073],[-44.056133,-2.561023],[-44.055923,-2.561337],[-44.056126,-2.5614],[-44.05644,-2.561513],[-44.056729,-2.561683],[-44.056494,-2.562095],[-44.056322,-2.562401],[-44.056304,-2.562437],[-44.056019,-2.562899],[-44.055909,-2.563075],[-44.055866,-2.56314],[-44.055849,-2.56318],[-44.055549,-2.563627],[-44.055284,-2.563529],[-44.055085,-2.563446],[-44.054927,-2.563385],[-44.054893,-2.563352],[-44.054902,-2.563267],[-44.055036,-2.562843],[-44.055278,-2.562085],[-44.05531,-2.56193],[-44.055376,-2.561621],[-44.055423,-2.561427],[-44.055478,-2.561342],[-44.055443,-2.56124],[-44.055413,-2.561104],[-44.055417,-2.560751],[-44.055462,-2.560531],[-44.055507,-2.560264],[-44.055608,-2.559877],[-44.054821,-2.559579],[-44.054592,-2.559484],[-44.054808,-2.559028],[-44.05492,-2.558838]]]}},{"type":"Feature","properties":{"cd_setor":"211120105000109","situacao":"Urbana","bairro":"Barbosa","zona":"ZC","area_m2":71995.9,"area_ha":7.2,"fonte":"IBGE, Censo 2022 — malha e agregados por setor","pessoas":475.0,"domicilios":219.0,"dom_particulares":219.0,"dom_coletivos":0.0,"moradores_por_dom":3.1,"pct_imputados":0.0065,"dom_ocupados":155.0,"dom_uso_ocasional":20.0,"dom_vagos":44.0,"dens_hab_ha":65.98,"dens_dom_ha":30.42,"pct_vagos":20.1,"pct_uso_ocasional":9.1,"pct_ocupados":70.8},"geometry":{"type":"Polygon","coordinates":[[[-44.055849,-2.56318],[-44.055866,-2.56314],[-44.055909,-2.563075],[-44.056019,-2.562899],[-44.056304,-2.562437],[-44.056322,-2.562401],[-44.056494,-2.562095],[-44.056729,-2.561683],[-44.05644,-2.561513],[-44.056126,-2.5614],[-44.055923,-2.561337],[-44.056133,-2.561023],[-44.056423,-2.56073],[-44.056433,-2.56068],[-44.056391,-2.560639],[-44.056176,-2.560568],[-44.05609,-2.560551],[-44.056,-2.56053],[-44.056042,-2.560447],[-44.056177,-2.560178],[-44.056209,-2.560123],[-44.056567,-2.559654],[-44.056606,-2.559608],[-44.056662,-2.559642],[-44.056883,-2.559776],[-44.057009,-2.559852],[-44.057648,-2.560222],[-44.058016,-2.560437],[-44.05824,-2.560591],[-44.0585,-2.560884],[-44.05824,-2.561074],[-44.058225,-2.561109],[-44.058185,-2.561278],[-44.058094,-2.56145],[-44.058313,-2.561609],[-44.05859,-2.561794],[-44.058406,-2.561824],[-44.058222,-2.561931],[-44.058061,-2.562079],[-44.058048,-2.562083],[-44.0579,-2.562262],[-44.057726,-2.56248],[-44.057589,-2.562747],[-44.05746,-2.562947],[-44.057336,-2.563065],[-44.056816,-2.563298],[-44.056619,-2.563387],[-44.05632,-2.563537],[-44.056068,-2.563315],[-44.055849,-2.56318]]]}},{"type":"Feature","properties":{"cd_setor":"211120105000110","situacao":"Urbana","bairro":"Centro","zona":"ZC","area_m2":15774.1,"area_ha":1.577,"fonte":"IBGE, Censo 2022 — malha e agregados por setor","pessoas":117.0,"domicilios":46.0,"dom_particulares":46.0,"dom_coletivos":0.0,"moradores_por_dom":3.2,"pct_imputados":0.027,"dom_ocupados":37.0,"dom_uso_ocasional":0.0,"dom_vagos":9.0,"dens_hab_ha":74.17,"dens_dom_ha":29.16,"pct_vagos":19.6,"pct_uso_ocasional":0.0,"pct_ocupados":80.4},"geometry":{"type":"Polygon","coordinates":[[[-44.057648,-2.560222],[-44.058138,-2.559444],[-44.058647,-2.559735],[-44.059067,-2.559934],[-44.059236,-2.560038],[-44.059467,-2.560207],[-44.05921,-2.560372],[-44.0585,-2.560884],[-44.05824,-2.560591],[-44.058016,-2.560437],[-44.057648,-2.560222]]]}},{"type":"Feature","properties":{"cd_setor":"211120105000111","situacao":"Urbana","bairro":"Campina","zona":"ZC","area_m2":17501.6,"area_ha":1.75,"fonte":"IBGE, Censo 2022 — malha e agregados por setor","pessoas":61.0,"domicilios":18.0,"dom_particulares":18.0,"dom_coletivos":0.0,"moradores_por_dom":3.8,"pct_imputados":0.0,"dom_ocupados":16.0,"dom_uso_ocasional":0.0,"dom_vagos":2.0,"dens_hab_ha":34.85,"dens_dom_ha":10.28,"pct_vagos":11.1,"pct_uso_ocasional":0.0,"pct_ocupados":88.9},"geometry":{"type":"Polygon","coordinates":[[[-44.0585,-2.560884],[-44.05921,-2.560372],[-44.059361,-2.560706],[-44.059805,-2.561501],[-44.059733,-2.561547],[-44.059618,-2.561641],[-44.059539,-2.561661],[-44.059424,-2.56169],[-44.059213,-2.561726],[-44.058961,-2.561766],[-44.058853,-2.561779],[-44.058656,-2.561784],[-44.05859,-2.561794],[-44.058313,-2.561609],[-44.058094,-2.56145],[-44.058185,-2.561278],[-44.058225,-2.561109],[-44.05824,-2.561074],[-44.0585,-2.560884]]]}},{"type":"Feature","properties":{"cd_setor":"211120105000112","situacao":"Urbana","bairro":"Centro","zona":"ZC","area_m2":45939.3,"area_ha":4.594,"fonte":"IBGE, Censo 2022 — malha e agregados por setor","pessoas":565.0,"domicilios":194.0,"dom_particulares":194.0,"dom_coletivos":0.0,"moradores_por_dom":3.3,"pct_imputados":0.0824,"dom_ocupados":170.0,"dom_uso_ocasional":4.0,"dom_vagos":20.0,"dens_hab_ha":122.99,"dens_dom_ha":42.23,"pct_vagos":10.3,"pct_uso_ocasional":2.1,"pct_ocupados":87.6},"geometry":{"type":"Polygon","coordinates":[[[-44.056662,-2.559642],[-44.056729,-2.55954],[-44.057181,-2.558941],[-44.057201,-2.558916],[-44.057571,-2.558395],[-44.05764,-2.558317],[-44.057675,-2.558279],[-44.057839,-2.558099],[-44.057872,-2.55807],[-44.057934,-2.558004],[-44.059593,-2.558546],[-44.059538,-2.558764],[-44.059462,-2.55915],[-44.059406,-2.559405],[-44.059373,-2.559496],[-44.059323,-2.559695],[-44.059236,-2.560038],[-44.059067,-2.559934],[-44.058647,-2.559735],[-44.058138,-2.559444],[-44.057648,-2.560222],[-44.057009,-2.559852],[-44.056883,-2.559776],[-44.056662,-2.559642]]]}},{"type":"Feature","properties":{"cd_setor":"211120105000113","situacao":"Urbana","bairro":"Campina","zona":"ZC","area_m2":20092.2,"area_ha":2.009,"fonte":"IBGE, Censo 2022 — malha e agregados por setor","pessoas":82.0,"domicilios":30.0,"dom_particulares":30.0,"dom_coletivos":0.0,"moradores_por_dom":2.7,"pct_imputados":0.0333,"dom_ocupados":30.0,"dom_uso_ocasional":0.0,"dom_vagos":0.0,"dens_hab_ha":40.81,"dens_dom_ha":14.93,"pct_vagos":0.0,"pct_uso_ocasional":0.0,"pct_ocupados":100.0},"geometry":{"type":"Polygon","coordinates":[[[-44.059236,-2.560038],[-44.059323,-2.559695],[-44.059373,-2.559496],[-44.059406,-2.559405],[-44.05966,-2.559528],[-44.059792,-2.559625],[-44.059924,-2.559738],[-44.059979,-2.559768],[-44.060054,-2.559848],[-44.06009,-2.559884],[-44.060236,-2.560203],[-44.060647,-2.560967],[-44.060107,-2.56131],[-44.059805,-2.561501],[-44.059361,-2.560706],[-44.05921,-2.560372],[-44.059467,-2.560207],[-44.059236,-2.560038]]]}},{"type":"Feature","properties":{"cd_setor":"211120105000114","situacao":"Urbana","bairro":"Centro","zona":"ZC","area_m2":18079.8,"area_ha":1.808,"fonte":"IBGE, Censo 2022 — malha e agregados por setor","pessoas":231.0,"domicilios":70.0,"dom_particulares":70.0,"dom_coletivos":0.0,"moradores_por_dom":3.5,"pct_imputados":0.0303,"dom_ocupados":66.0,"dom_uso_ocasional":1.0,"dom_vagos":3.0,"dens_hab_ha":127.77,"dens_dom_ha":38.72,"pct_vagos":4.3,"pct_uso_ocasional":1.4,"pct_ocupados":94.3},"geometry":{"type":"Polygon","coordinates":[[[-44.057934,-2.558004],[-44.057968,-2.557973],[-44.058087,-2.557862],[-44.058265,-2.557665],[-44.058506,-2.557398],[-44.058878,-2.557054],[-44.059014,-2.557204],[-44.059024,-2.557213],[-44.059275,-2.557417],[-44.059588,-2.557674],[-44.059804,-2.55788],[-44.059846,-2.557907],[-44.059622,-2.558555],[-44.059593,-2.558546],[-44.057934,-2.558004]]]}},{"type":"Feature","properties":{"cd_setor":"211120105000115","situacao":"Urbana","bairro":"Campina","zona":"ZC","area_m2":59152.5,"area_ha":5.915,"fonte":"IBGE, Censo 2022 — malha e agregados por setor","pessoas":277.0,"domicilios":93.0,"dom_particulares":93.0,"dom_coletivos":0.0,"moradores_por_dom":3.5,"pct_imputados":0.025,"dom_ocupados":80.0,"dom_uso_ocasional":1.0,"dom_vagos":12.0,"dens_hab_ha":46.83,"dens_dom_ha":15.72,"pct_vagos":12.9,"pct_uso_ocasional":1.1,"pct_ocupados":86.0},"geometry":{"type":"Polygon","coordinates":[[[-44.059593,-2.558546],[-44.059622,-2.558555],[-44.059846,-2.557907],[-44.059939,-2.557968],[-44.060133,-2.55807],[-44.060294,-2.558119],[-44.06058,-2.558196],[-44.060816,-2.558266],[-44.061253,-2.558363],[-44.060835,-2.559039],[-44.06098,-2.559305],[-44.061266,-2.559082],[-44.061402,-2.558821],[-44.061434,-2.558687],[-44.062105,-2.558936],[-44.06229,-2.559022],[-44.062369,-2.559212],[-44.062265,-2.559562],[-44.06218,-2.559856],[-44.062198,-2.559902],[-44.062133,-2.559938],[-44.061879,-2.560078],[-44.061851,-2.560092],[-44.061829,-2.560114],[-44.061764,-2.560157],[-44.061545,-2.56035],[-44.061316,-2.560551],[-44.06128,-2.560565],[-44.060647,-2.560967],[-44.060236,-2.560203],[-44.06009,-2.559884],[-44.060054,-2.559848],[-44.059979,-2.559768],[-44.059924,-2.559738],[-44.059792,-2.559625],[-44.05966,-2.559528],[-44.059406,-2.559405],[-44.059462,-2.55915],[-44.059538,-2.558764],[-44.059593,-2.558546]]]}},{"type":"Feature","properties":{"cd_setor":"211120105000116","situacao":"Urbana","bairro":"Cruzeiro","zona":"ZS","area_m2":26262.1,"area_ha":2.626,"fonte":"IBGE, Censo 2022 — malha e agregados por setor","pessoas":269.0,"domicilios":78.0,"dom_particulares":78.0,"dom_coletivos":0.0,"moradores_por_dom":3.7,"pct_imputados":0.0822,"dom_ocupados":73.0,"dom_uso_ocasional":1.0,"dom_vagos":4.0,"dens_hab_ha":102.43,"dens_dom_ha":29.7,"pct_vagos":5.1,"pct_uso_ocasional":1.3,"pct_ocupados":93.6},"geometry":{"type":"Polygon","coordinates":[[[-44.059771,-2.556387],[-44.059865,-2.556309],[-44.060336,-2.555818],[-44.060705,-2.556057],[-44.061105,-2.556268],[-44.061102,-2.556268],[-44.061081,-2.556305],[-44.060901,-2.556619],[-44.060849,-2.556698],[-44.060793,-2.556766],[-44.060709,-2.55687],[-44.060623,-2.556975],[-44.060553,-2.557061],[-44.060341,-2.557321],[-44.060134,-2.55757],[-44.059846,-2.557907],[-44.059804,-2.55788],[-44.059588,-2.557674],[-44.059275,-2.557417],[-44.059024,-2.557213],[-44.059014,-2.557204],[-44.058878,-2.557054],[-44.05908,-2.556891],[-44.059744,-2.556411],[-44.059771,-2.556387]]]}},{"type":"Feature","properties":{"cd_setor":"211120105000117","situacao":"Urbana","bairro":"Campina","zona":"ZC","area_m2":27005.3,"area_ha":2.701,"fonte":"IBGE, Censo 2022 — malha e agregados por setor","pessoas":365.0,"domicilios":122.0,"dom_particulares":122.0,"dom_coletivos":0.0,"moradores_por_dom":3.4,"pct_imputados":0.0278,"dom_ocupados":108.0,"dom_uso_ocasional":1.0,"dom_vagos":13.0,"dens_hab_ha":135.16,"dens_dom_ha":45.18,"pct_vagos":10.7,"pct_uso_ocasional":0.8,"pct_ocupados":88.5},"geometry":{"type":"Polygon","coordinates":[[[-44.059846,-2.557907],[-44.060134,-2.55757],[-44.060341,-2.557321],[-44.060553,-2.557061],[-44.060623,-2.556975],[-44.060709,-2.55687],[-44.060793,-2.556766],[-44.060849,-2.556698],[-44.060901,-2.556619],[-44.061081,-2.556305],[-44.061102,-2.556268],[-44.061105,-2.556268],[-44.061285,-2.556363],[-44.061428,-2.556435],[-44.061588,-2.556488],[-44.061659,-2.556488],[-44.061654,-2.556621],[-44.061655,-2.556744],[-44.061656,-2.556867],[-44.06166,-2.557044],[-44.061673,-2.55742],[-44.061637,-2.557557],[-44.06152,-2.557793],[-44.0614,-2.55809],[-44.061253,-2.558363],[-44.060816,-2.558266],[-44.06058,-2.558196],[-44.060294,-2.558119],[-44.060133,-2.55807],[-44.059939,-2.557968],[-44.059846,-2.557907]]]}},{"type":"Feature","properties":{"cd_setor":"211120105000118","situacao":"Urbana","bairro":"Cruzeiro","zona":"ZS","area_m2":72672.4,"area_ha":7.267,"fonte":"IBGE, Censo 2022 — malha e agregados por setor","pessoas":440.0,"domicilios":159.0,"dom_particulares":159.0,"dom_coletivos":0.0,"moradores_por_dom":3.3,"pct_imputados":0.1037,"dom_ocupados":135.0,"dom_uso_ocasional":4.0,"dom_vagos":20.0,"dens_hab_ha":60.55,"dens_dom_ha":21.88,"pct_vagos":12.6,"pct_uso_ocasional":2.5,"pct_ocupados":84.9},"geometry":{"type":"Polygon","coordinates":[[[-44.058781,-2.5537],[-44.058837,-2.553716],[-44.059738,-2.552942],[-44.060044,-2.55336],[-44.060321,-2.553726],[-44.060471,-2.553962],[-44.060628,-2.554194],[-44.060734,-2.554162],[-44.060925,-2.554101],[-44.061321,-2.554007],[-44.061467,-2.554591],[-44.061485,-2.554655],[-44.061481,-2.554656],[-44.061409,-2.554707],[-44.061058,-2.554955],[-44.06082,-2.555217],[-44.060567,-2.55552],[-44.060336,-2.555818],[-44.059865,-2.556309],[-44.059771,-2.556387],[-44.059441,-2.556035],[-44.059423,-2.556014],[-44.059399,-2.555987],[-44.058977,-2.555517],[-44.058942,-2.555478],[-44.058678,-2.555198],[-44.05864,-2.555162],[-44.058605,-2.555127],[-44.058219,-2.554726],[-44.058097,-2.554607],[-44.057956,-2.554489],[-44.058292,-2.55416],[-44.058781,-2.5537]]]}},{"type":"Feature","properties":{"cd_setor":"211120105000119","situacao":"Urbana","bairro":"Campina","zona":"ZC","area_m2":17536.1,"area_ha":1.754,"fonte":"IBGE, Censo 2022 — malha e agregados por setor","pessoas":173.0,"domicilios":65.0,"dom_particulares":65.0,"dom_coletivos":0.0,"moradores_por_dom":2.8,"pct_imputados":0.0,"dom_ocupados":61.0,"dom_uso_ocasional":1.0,"dom_vagos":3.0,"dens_hab_ha":98.65,"dens_dom_ha":37.07,"pct_vagos":4.6,"pct_uso_ocasional":1.5,"pct_ocupados":93.8},"geometry":{"type":"Polygon","coordinates":[[[-44.060336,-2.555818],[-44.060567,-2.55552],[-44.06082,-2.555217],[-44.061058,-2.554955],[-44.061409,-2.554707],[-44.061481,-2.554656],[-44.061485,-2.554655],[-44.061596,-2.555057],[-44.061631,-2.555184],[-44.06168,-2.555489],[-44.061685,-2.555804],[-44.061675,-2.556187],[-44.061659,-2.556488],[-44.061588,-2.556488],[-44.061428,-2.556435],[-44.061285,-2.556363],[-44.061105,-2.556268],[-44.060705,-2.556057],[-44.060336,-2.555818]]]}},{"type":"Feature","properties":{"cd_setor":"211120105000120","situacao":"Urbana","bairro":"Campina","zona":"ZC","area_m2":10486.0,"area_ha":1.049,"fonte":"IBGE, Censo 2022 — malha e agregados por setor","pessoas":145.0,"domicilios":51.0,"dom_particulares":51.0,"dom_coletivos":0.0,"moradores_por_dom":3.4,"pct_imputados":0.0698,"dom_ocupados":43.0,"dom_uso_ocasional":0.0,"dom_vagos":8.0,"dens_hab_ha":138.28,"dens_dom_ha":48.64,"pct_vagos":15.7,"pct_uso_ocasional":0.0,"pct_ocupados":84.3},"geometry":{"type":"Polygon","coordinates":[[[-44.061596,-2.555057],[-44.061859,-2.554986],[-44.062025,-2.55502],[-44.062142,-2.555219],[-44.062248,-2.555596],[-44.062342,-2.555897],[-44.062361,-2.556042],[-44.062407,-2.556377],[-44.062002,-2.556432],[-44.061806,-2.556453],[-44.061659,-2.556488],[-44.061675,-2.556187],[-44.061685,-2.555804],[-44.06168,-2.555489],[-44.061631,-2.555184],[-44.061596,-2.555057]]]}},{"type":"Feature","properties":{"cd_setor":"211120105000121","situacao":"Urbana","bairro":"São Raimundo","zona":"ZS","area_m2":115529.8,"area_ha":11.553,"fonte":"IBGE, Censo 2022 — malha e agregados por setor","pessoas":718.0,"domicilios":251.0,"dom_particulares":251.0,"dom_coletivos":0.0,"moradores_por_dom":3.3,"pct_imputados":0.0233,"dom_ocupados":215.0,"dom_uso_ocasional":8.0,"dom_vagos":28.0,"dens_hab_ha":62.15,"dens_dom_ha":21.73,"pct_vagos":11.2,"pct_uso_ocasional":3.2,"pct_ocupados":85.7},"geometry":{"type":"Polygon","coordinates":[[[-44.061321,-2.554007],[-44.061691,-2.553939],[-44.061933,-2.553898],[-44.062131,-2.553872],[-44.062293,-2.55386],[-44.062367,-2.55386],[-44.062597,-2.553885],[-44.06283,-2.553937],[-44.063122,-2.554066],[-44.06366,-2.554346],[-44.063947,-2.554472],[-44.064249,-2.554533],[-44.06437,-2.554554],[-44.064567,-2.55453],[-44.064733,-2.554784],[-44.064874,-2.55501],[-44.064981,-2.555176],[-44.065191,-2.555422],[-44.065393,-2.555566],[-44.065537,-2.555637],[-44.065816,-2.555759],[-44.066104,-2.555919],[-44.066412,-2.55608],[-44.066698,-2.556252],[-44.065565,-2.557561],[-44.065556,-2.557554],[-44.065364,-2.55742],[-44.064997,-2.557164],[-44.065006,-2.557088],[-44.064721,-2.556959],[-44.064031,-2.556613],[-44.06386,-2.556674],[-44.063782,-2.556701],[-44.063692,-2.556691],[-44.063233,-2.556536],[-44.06301,-2.55645],[-44.062838,-2.556347],[-44.062697,-2.556321],[-44.062407,-2.556377],[-44.062361,-2.556042],[-44.062342,-2.555897],[-44.062248,-2.555596],[-44.062142,-2.555219],[-44.062025,-2.55502],[-44.061859,-2.554986],[-44.061596,-2.555057],[-44.061485,-2.554655],[-44.061467,-2.554591],[-44.061321,-2.554007]]]}},{"type":"Feature","properties":{"cd_setor":"211120105000122","situacao":"Urbana","bairro":"Campina","zona":"ZC","area_m2":31942.0,"area_ha":3.194,"fonte":"IBGE, Censo 2022 — malha e agregados por setor","pessoas":223.0,"domicilios":73.0,"dom_particulares":73.0,"dom_coletivos":0.0,"moradores_por_dom":3.9,"pct_imputados":0.0877,"dom_ocupados":57.0,"dom_uso_ocasional":3.0,"dom_vagos":13.0,"dens_hab_ha":69.81,"dens_dom_ha":22.85,"pct_vagos":17.8,"pct_uso_ocasional":4.1,"pct_ocupados":78.1},"geometry":{"type":"Polygon","coordinates":[[[-44.062407,-2.556377],[-44.062697,-2.556321],[-44.062838,-2.556347],[-44.062829,-2.556545],[-44.062667,-2.5568],[-44.062536,-2.556969],[-44.062482,-2.557262],[-44.062497,-2.557686],[-44.062436,-2.557964],[-44.062289,-2.558388],[-44.062258,-2.558711],[-44.06229,-2.559022],[-44.062105,-2.558936],[-44.061434,-2.558687],[-44.061402,-2.558821],[-44.061266,-2.559082],[-44.06098,-2.559305],[-44.060835,-2.559039],[-44.061253,-2.558363],[-44.0614,-2.55809],[-44.06152,-2.557793],[-44.061637,-2.557557],[-44.061673,-2.55742],[-44.06166,-2.557044],[-44.061656,-2.556867],[-44.061655,-2.556744],[-44.061654,-2.556621],[-44.061659,-2.556488],[-44.061806,-2.556453],[-44.062002,-2.556432],[-44.062407,-2.556377]]]}},{"type":"Feature","properties":{"cd_setor":"211120105000124","situacao":"Urbana","bairro":"Centro","zona":"ZC","area_m2":49969.8,"area_ha":4.997,"fonte":"IBGE, Censo 2022 — malha e agregados por setor","pessoas":329.0,"domicilios":112.0,"dom_particulares":112.0,"dom_coletivos":0.0,"moradores_por_dom":3.6,"pct_imputados":0.0761,"dom_ocupados":92.0,"dom_uso_ocasional":7.0,"dom_vagos":13.0,"dens_hab_ha":65.84,"dens_dom_ha":22.41,"pct_vagos":11.6,"pct_uso_ocasional":6.2,"pct_ocupados":82.1},"geometry":{"type":"Polygon","coordinates":[[[-44.055974,-2.556095],[-44.056096,-2.55582],[-44.056388,-2.555175],[-44.056542,-2.555226],[-44.056744,-2.555293],[-44.05676,-2.555577],[-44.05678,-2.555943],[-44.056939,-2.556234],[-44.057068,-2.55647],[-44.057145,-2.556611],[-44.057255,-2.556802],[-44.057379,-2.557017],[-44.057626,-2.556909],[-44.058465,-2.556544],[-44.058878,-2.557054],[-44.058506,-2.557398],[-44.058265,-2.557665],[-44.058087,-2.557862],[-44.057968,-2.557973],[-44.057934,-2.558004],[-44.057852,-2.557972],[-44.056665,-2.55764],[-44.056504,-2.557625],[-44.05563,-2.557335],[-44.055567,-2.557317],[-44.055974,-2.556095]]]}},{"type":"Feature","properties":{"cd_setor":"211120105000125","situacao":"Urbana","bairro":"Cruzeiro","zona":"ZS","area_m2":72414.2,"area_ha":7.241,"fonte":"IBGE, Censo 2022 — malha e agregados por setor","pessoas":455.0,"domicilios":165.0,"dom_particulares":165.0,"dom_coletivos":0.0,"moradores_por_dom":3.3,"pct_imputados":0.0662,"dom_ocupados":136.0,"dom_uso_ocasional":3.0,"dom_vagos":26.0,"dens_hab_ha":62.83,"dens_dom_ha":22.79,"pct_vagos":15.8,"pct_uso_ocasional":1.8,"pct_ocupados":82.4},"geometry":{"type":"Polygon","coordinates":[[[-44.056328,-2.555142],[-44.056396,-2.554966],[-44.056686,-2.5542],[-44.056961,-2.553533],[-44.056965,-2.553523],[-44.05699,-2.553548],[-44.057956,-2.554489],[-44.058097,-2.554607],[-44.058219,-2.554726],[-44.058605,-2.555127],[-44.05864,-2.555162],[-44.058678,-2.555198],[-44.058942,-2.555478],[-44.058977,-2.555517],[-44.059399,-2.555987],[-44.059423,-2.556014],[-44.059441,-2.556035],[-44.059771,-2.556387],[-44.059744,-2.556411],[-44.05908,-2.556891],[-44.058878,-2.557054],[-44.058465,-2.556544],[-44.057626,-2.556909],[-44.057379,-2.557017],[-44.057255,-2.556802],[-44.057145,-2.556611],[-44.057068,-2.55647],[-44.056939,-2.556234],[-44.05678,-2.555943],[-44.05676,-2.555577],[-44.056744,-2.555293],[-44.056542,-2.555226],[-44.056388,-2.555175],[-44.056328,-2.555142]]]}},{"type":"Feature","properties":{"cd_setor":"211120105000126","situacao":"Urbana","bairro":"Vieira","zona":"ZC","area_m2":23374.2,"area_ha":2.337,"fonte":"IBGE, Censo 2022 — malha e agregados por setor","pessoas":96.0,"domicilios":28.0,"dom_particulares":28.0,"dom_coletivos":0.0,"moradores_por_dom":3.8,"pct_imputados":0.04,"dom_ocupados":25.0,"dom_uso_ocasional":3.0,"dom_vagos":0.0,"dens_hab_ha":41.07,"dens_dom_ha":11.98,"pct_vagos":0.0,"pct_uso_ocasional":10.7,"pct_ocupados":89.3},"geometry":{"type":"Polygon","coordinates":[[[-44.05198,-2.553395],[-44.051892,-2.5522],[-44.053189,-2.552408],[-44.053202,-2.552476],[-44.053256,-2.552647],[-44.05338,-2.552766],[-44.053464,-2.552886],[-44.05351,-2.55303],[-44.05363,-2.553213],[-44.05382,-2.553503],[-44.053546,-2.553972],[-44.053061,-2.553531],[-44.05294,-2.553466],[-44.05259,-2.553387],[-44.05198,-2.553395]]]}},{"type":"Feature","properties":{"cd_setor":"211120105000127","situacao":"Urbana","bairro":"Olho D'água","zona":"ZS","area_m2":95366.5,"area_ha":9.537,"fonte":"IBGE, Censo 2022 — malha e agregados por setor","pessoas":748.0,"domicilios":260.0,"dom_particulares":260.0,"dom_coletivos":0.0,"moradores_por_dom":3.3,"pct_imputados":0.0261,"dom_ocupados":230.0,"dom_uso_ocasional":3.0,"dom_vagos":27.0,"dens_hab_ha":78.43,"dens_dom_ha":27.26,"pct_vagos":10.4,"pct_uso_ocasional":1.2,"pct_ocupados":88.5},"geometry":{"type":"Polygon","coordinates":[[[-44.051892,-2.5522],[-44.051938,-2.551241],[-44.052124,-2.55044],[-44.052362,-2.549937],[-44.052808,-2.550507],[-44.053152,-2.550671],[-44.053479,-2.551112],[-44.053628,-2.551223],[-44.053889,-2.550906],[-44.054055,-2.550725],[-44.054154,-2.550856],[-44.054284,-2.551109],[-44.054323,-2.551169],[-44.054413,-2.551241],[-44.054665,-2.55144],[-44.055196,-2.551898],[-44.055512,-2.552175],[-44.055857,-2.552453],[-44.055875,-2.552468],[-44.05587,-2.552475],[-44.055625,-2.552865],[-44.055612,-2.552882],[-44.0555,-2.553029],[-44.055425,-2.553209],[-44.05531,-2.553672],[-44.055132,-2.553999],[-44.055058,-2.554202],[-44.05421,-2.553699],[-44.05382,-2.553503],[-44.05363,-2.553213],[-44.05351,-2.55303],[-44.053464,-2.552886],[-44.05338,-2.552766],[-44.053256,-2.552647],[-44.053202,-2.552476],[-44.053189,-2.552408],[-44.051892,-2.5522]]]}},{"type":"Feature","properties":{"cd_setor":"211120105000128","situacao":"Urbana","bairro":"Vila Mestre Antônio","zona":"ZEU","area_m2":28329.3,"area_ha":2.833,"fonte":"IBGE, Censo 2022 — malha e agregados por setor","pessoas":367.0,"domicilios":118.0,"dom_particulares":118.0,"dom_coletivos":0.0,"moradores_por_dom":3.5,"pct_imputados":0.0192,"dom_ocupados":104.0,"dom_uso_ocasional":3.0,"dom_vagos":11.0,"dens_hab_ha":129.55,"dens_dom_ha":41.65,"pct_vagos":9.3,"pct_uso_ocasional":2.5,"pct_ocupados":88.1},"geometry":{"type":"Polygon","coordinates":[[[-44.076821,-2.55031],[-44.076819,-2.550302],[-44.076779,-2.55019],[-44.076663,-2.549866],[-44.076618,-2.549701],[-44.076551,-2.549453],[-44.076545,-2.54936],[-44.076537,-2.54921],[-44.076595,-2.548929],[-44.076652,-2.54871],[-44.076677,-2.548553],[-44.076649,-2.548342],[-44.076611,-2.547905],[-44.076789,-2.547964],[-44.077174,-2.548092],[-44.077407,-2.548147],[-44.077843,-2.548251],[-44.077708,-2.548582],[-44.077647,-2.548734],[-44.07758,-2.548923],[-44.07759,-2.549116],[-44.077595,-2.549206],[-44.077692,-2.549536],[-44.077778,-2.549825],[-44.077819,-2.549966],[-44.07786,-2.550104],[-44.076843,-2.550306],[-44.076821,-2.55031]]]}},{"type":"Feature","properties":{"cd_setor":"211120105000129","situacao":"Urbana","bairro":"Vila Dr. Julinho","zona":"ZEU","area_m2":156403.7,"area_ha":15.64,"fonte":"IBGE, Censo 2022 — malha e agregados por setor","pessoas":229.0,"domicilios":82.0,"dom_particulares":82.0,"dom_coletivos":0.0,"moradores_por_dom":3.5,"pct_imputados":0.0152,"dom_ocupados":66.0,"dom_uso_ocasional":6.0,"dom_vagos":10.0,"dens_hab_ha":14.64,"dens_dom_ha":5.24,"pct_vagos":12.2,"pct_uso_ocasional":7.3,"pct_ocupados":80.5},"geometry":{"type":"Polygon","coordinates":[[[-44.078319,-2.554947],[-44.079575,-2.554485],[-44.079827,-2.554248],[-44.080142,-2.553985],[-44.08056,-2.553639],[-44.080548,-2.553043],[-44.08151,-2.553466],[-44.081514,-2.553469],[-44.081846,-2.553713],[-44.082618,-2.553866],[-44.084166,-2.554099],[-44.084655,-2.554197],[-44.085048,-2.554268],[-44.085351,-2.554295],[-44.085551,-2.554309],[-44.085629,-2.554321],[-44.085939,-2.554326],[-44.086101,-2.554329],[-44.086208,-2.55431],[-44.086287,-2.554324],[-44.086294,-2.55448],[-44.086287,-2.55461],[-44.086287,-2.555624],[-44.085396,-2.555699],[-44.084802,-2.555562],[-44.083996,-2.555757],[-44.083076,-2.555611],[-44.081777,-2.555437],[-44.081633,-2.555763],[-44.081378,-2.5564],[-44.080038,-2.555733],[-44.079021,-2.555301],[-44.078319,-2.554947]]]}},{"type":"Feature","properties":{"cd_setor":"211120105000130","situacao":"Urbana","bairro":"Vieira","zona":"ZC","area_m2":46419.7,"area_ha":4.642,"fonte":"IBGE, Censo 2022 — malha e agregados por setor","pessoas":316.0,"domicilios":118.0,"dom_particulares":118.0,"dom_coletivos":0.0,"moradores_por_dom":3.4,"pct_imputados":0.0538,"dom_ocupados":93.0,"dom_uso_ocasional":4.0,"dom_vagos":21.0,"dens_hab_ha":68.07,"dens_dom_ha":25.42,"pct_vagos":17.8,"pct_uso_ocasional":3.4,"pct_ocupados":78.8},"geometry":{"type":"Polygon","coordinates":[[[-44.052247,-2.555851],[-44.052423,-2.555821],[-44.05269,-2.555773],[-44.0532,-2.55571],[-44.053722,-2.555744],[-44.05406,-2.555756],[-44.054737,-2.555775],[-44.055044,-2.5558],[-44.055301,-2.555854],[-44.055883,-2.556047],[-44.055974,-2.556095],[-44.055567,-2.557317],[-44.055048,-2.557158],[-44.054658,-2.55704],[-44.054521,-2.556998],[-44.054053,-2.556857],[-44.053691,-2.556754],[-44.053358,-2.556659],[-44.053219,-2.556676],[-44.052723,-2.556639],[-44.05269,-2.556566],[-44.052416,-2.55636],[-44.052247,-2.555851]]]}},{"type":"Feature","properties":{"cd_setor":"211120105000131","situacao":"Urbana","bairro":"São Benedito","zona":"ZS","area_m2":105330.7,"area_ha":10.533,"fonte":"IBGE, Censo 2022 — malha e agregados por setor","pessoas":324.0,"domicilios":115.0,"dom_particulares":115.0,"dom_coletivos":0.0,"moradores_por_dom":3.3,"pct_imputados":0.0309,"dom_ocupados":97.0,"dom_uso_ocasional":1.0,"dom_vagos":17.0,"dens_hab_ha":30.76,"dens_dom_ha":10.92,"pct_vagos":14.8,"pct_uso_ocasional":0.9,"pct_ocupados":84.3},"geometry":{"type":"Polygon","coordinates":[[[-44.054065,-2.548682],[-44.054282,-2.548174],[-44.054487,-2.547898],[-44.054642,-2.546729],[-44.056299,-2.548125],[-44.056846,-2.548547],[-44.057272,-2.548906],[-44.057796,-2.549297],[-44.058726,-2.550037],[-44.058601,-2.55029],[-44.058549,-2.55043],[-44.058203,-2.551027],[-44.058137,-2.55111],[-44.058045,-2.551257],[-44.058002,-2.551229],[-44.057808,-2.551077],[-44.057642,-2.551],[-44.057047,-2.551],[-44.056961,-2.550851],[-44.055615,-2.549816],[-44.054619,-2.549125],[-44.054065,-2.548682]]]}},{"type":"Feature","properties":{"cd_setor":"211120105000132","situacao":"Urbana","bairro":"Olho D'água","zona":"ZS","area_m2":96299.9,"area_ha":9.63,"fonte":"IBGE, Censo 2022 — malha e agregados por setor","pessoas":448.0,"domicilios":155.0,"dom_particulares":155.0,"dom_coletivos":0.0,"moradores_por_dom":3.3,"pct_imputados":0.0074,"dom_ocupados":135.0,"dom_uso_ocasional":1.0,"dom_vagos":19.0,"dens_hab_ha":46.52,"dens_dom_ha":16.1,"pct_vagos":12.3,"pct_uso_ocasional":0.6,"pct_ocupados":87.1},"geometry":{"type":"Polygon","coordinates":[[[-44.052362,-2.549937],[-44.052818,-2.549467],[-44.053704,-2.549112],[-44.054026,-2.548774],[-44.054065,-2.548682],[-44.054619,-2.549125],[-44.055615,-2.549816],[-44.056961,-2.550851],[-44.057047,-2.551],[-44.056781,-2.551133],[-44.05675,-2.551149],[-44.056608,-2.551261],[-44.056412,-2.551529],[-44.056085,-2.552051],[-44.055869,-2.55245],[-44.055857,-2.552453],[-44.055512,-2.552175],[-44.055196,-2.551898],[-44.054665,-2.55144],[-44.054413,-2.551241],[-44.054323,-2.551169],[-44.054284,-2.551109],[-44.054154,-2.550856],[-44.054055,-2.550725],[-44.053889,-2.550906],[-44.053628,-2.551223],[-44.053479,-2.551112],[-44.053152,-2.550671],[-44.052808,-2.550507],[-44.052362,-2.549937]]]}},{"type":"Feature","properties":{"cd_setor":"211120105000133","situacao":"Urbana","bairro":"São Benedito","zona":"ZS","area_m2":219112.4,"area_ha":21.911,"fonte":"IBGE, Censo 2022 — malha e agregados por setor","pessoas":138.0,"domicilios":47.0,"dom_particulares":47.0,"dom_coletivos":0.0,"moradores_por_dom":3.5,"pct_imputados":0.025,"dom_ocupados":40.0,"dom_uso_ocasional":1.0,"dom_vagos":6.0,"dens_hab_ha":6.3,"dens_dom_ha":2.15,"pct_vagos":12.8,"pct_uso_ocasional":2.1,"pct_ocupados":85.1},"geometry":{"type":"Polygon","coordinates":[[[-44.054642,-2.546729],[-44.054652,-2.545564],[-44.054819,-2.544026],[-44.060422,-2.546653],[-44.059974,-2.547616],[-44.059626,-2.548359],[-44.059264,-2.549048],[-44.058848,-2.549791],[-44.058726,-2.550037],[-44.057796,-2.549297],[-44.057272,-2.548906],[-44.056846,-2.548547],[-44.056299,-2.548125],[-44.054642,-2.546729]]]}},{"type":"Feature","properties":{"cd_setor":"211120105000134","situacao":"Urbana","bairro":"Mojó","zona":"ZS","area_m2":558599.3,"area_ha":55.86,"fonte":"IBGE, Censo 2022 — malha e agregados por setor","pessoas":452.0,"domicilios":216.0,"dom_particulares":216.0,"dom_coletivos":0.0,"moradores_por_dom":2.9,"pct_imputados":0.0065,"dom_ocupados":155.0,"dom_uso_ocasional":32.0,"dom_vagos":29.0,"dens_hab_ha":8.09,"dens_dom_ha":3.87,"pct_vagos":13.4,"pct_uso_ocasional":14.8,"pct_ocupados":71.8},"geometry":{"type":"Polygon","coordinates":[[[-44.054819,-2.544026],[-44.055251,-2.542267],[-44.055433,-2.540325],[-44.055805,-2.539912],[-44.056101,-2.539711],[-44.056381,-2.539735],[-44.056632,-2.539614],[-44.057329,-2.53887],[-44.057691,-2.538719],[-44.057783,-2.53883],[-44.057629,-2.539023],[-44.05749,-2.539184],[-44.057568,-2.539369],[-44.057876,-2.539554],[-44.058909,-2.540287],[-44.06005,-2.540387],[-44.060928,-2.540056],[-44.062297,-2.539233],[-44.062364,-2.539288],[-44.06267,-2.539545],[-44.062862,-2.539709],[-44.063207,-2.540032],[-44.063455,-2.540423],[-44.06361,-2.540677],[-44.063686,-2.540829],[-44.063767,-2.540991],[-44.06405,-2.54117],[-44.064463,-2.54139],[-44.06496,-2.541612],[-44.065655,-2.541869],[-44.065682,-2.541879],[-44.065683,-2.541881],[-44.065593,-2.542117],[-44.065408,-2.542603],[-44.065242,-2.543038],[-44.065112,-2.543381],[-44.065048,-2.543549],[-44.065,-2.543675],[-44.06497,-2.543755],[-44.064783,-2.544025],[-44.064676,-2.544179],[-44.064582,-2.544315],[-44.0644,-2.5445],[-44.064259,-2.54464],[-44.064217,-2.544597],[-44.063618,-2.544096],[-44.063301,-2.543859],[-44.062974,-2.543608],[-44.062591,-2.54333],[-44.061911,-2.542787],[-44.061735,-2.542663],[-44.060659,-2.54391],[-44.060586,-2.544041],[-44.060503,-2.544425],[-44.060473,-2.54459],[-44.06041,-2.544871],[-44.060384,-2.545351],[-44.060409,-2.545976],[-44.060403,-2.546334],[-44.060422,-2.546653],[-44.054819,-2.544026]]]}},{"type":"Feature","properties":{"cd_setor":"211120105000136","situacao":"Urbana","bairro":"Gambarrinha","zona":"ZEU","area_m2":254506.8,"area_ha":25.451,"fonte":"IBGE, Censo 2022 — malha e agregados por setor","pessoas":564.0,"domicilios":190.0,"dom_particulares":190.0,"dom_coletivos":0.0,"moradores_por_dom":3.5,"pct_imputados":0.0063,"dom_ocupados":160.0,"dom_uso_ocasional":13.0,"dom_vagos":17.0,"dens_hab_ha":22.16,"dens_dom_ha":7.47,"pct_vagos":8.9,"pct_uso_ocasional":6.8,"pct_ocupados":84.2},"geometry":{"type":"Polygon","coordinates":[[[-44.07056,-2.559224],[-44.071082,-2.557518],[-44.071464,-2.556366],[-44.071491,-2.556285],[-44.071494,-2.556276],[-44.071885,-2.556341],[-44.072075,-2.55641],[-44.072233,-2.55647],[-44.072389,-2.556515],[-44.072608,-2.556587],[-44.072854,-2.556522],[-44.073044,-2.556293],[-44.073132,-2.556214],[-44.073259,-2.556101],[-44.073561,-2.555959],[-44.073879,-2.55597],[-44.074327,-2.555958],[-44.074442,-2.555946],[-44.074673,-2.55607],[-44.074771,-2.556138],[-44.07483,-2.556237],[-44.074872,-2.556611],[-44.07503,-2.557058],[-44.075036,-2.557079],[-44.075242,-2.557779],[-44.075245,-2.55782],[-44.075272,-2.558192],[-44.075356,-2.558562],[-44.075591,-2.559003],[-44.075836,-2.559305],[-44.07628,-2.560355],[-44.076109,-2.5613],[-44.075921,-2.561752],[-44.075862,-2.56173],[-44.075666,-2.561723],[-44.075192,-2.561738],[-44.074923,-2.561659],[-44.074496,-2.561484],[-44.074156,-2.561293],[-44.073714,-2.561087],[-44.07324,-2.560929],[-44.073043,-2.560762],[-44.072624,-2.560414],[-44.072206,-2.560066],[-44.071882,-2.559741],[-44.071605,-2.559543],[-44.071306,-2.559377],[-44.070998,-2.559266],[-44.07056,-2.559224]]]}},{"type":"Feature","properties":{"cd_setor":"211120105000138","situacao":"Urbana","bairro":"Mirititiua","zona":"ZEU","area_m2":250004.1,"area_ha":25.0,"fonte":"IBGE, Censo 2022 — malha e agregados por setor","pessoas":487.0,"domicilios":199.0,"dom_particulares":199.0,"dom_coletivos":0.0,"moradores_por_dom":3.3,"pct_imputados":0.027,"dom_ocupados":148.0,"dom_uso_ocasional":6.0,"dom_vagos":45.0,"dens_hab_ha":19.48,"dens_dom_ha":7.96,"pct_vagos":22.6,"pct_uso_ocasional":3.0,"pct_ocupados":74.4},"geometry":{"type":"Polygon","coordinates":[[[-44.076821,-2.55031],[-44.076843,-2.550306],[-44.077021,-2.550628],[-44.077229,-2.551042],[-44.077408,-2.551278],[-44.07755,-2.551398],[-44.078616,-2.55212],[-44.079014,-2.552317],[-44.079742,-2.552652],[-44.080189,-2.552866],[-44.080411,-2.552982],[-44.080548,-2.553043],[-44.08056,-2.553639],[-44.080142,-2.553985],[-44.079827,-2.554248],[-44.079575,-2.554485],[-44.078319,-2.554947],[-44.077726,-2.554299],[-44.077063,-2.55376],[-44.073923,-2.555035],[-44.073874,-2.554906],[-44.073842,-2.554755],[-44.073734,-2.554162],[-44.073791,-2.553918],[-44.073867,-2.553626],[-44.073881,-2.553356],[-44.073892,-2.553166],[-44.073872,-2.552961],[-44.073684,-2.552335],[-44.073701,-2.552152],[-44.073907,-2.551602],[-44.073742,-2.550913],[-44.076033,-2.55045],[-44.076821,-2.55031]]]}},{"type":"Feature","properties":{"cd_setor":"211120105000139","situacao":"Urbana","bairro":"Outeiro","zona":"ZS","area_m2":39046.8,"area_ha":3.905,"fonte":"IBGE, Censo 2022 — malha e agregados por setor","pessoas":304.0,"domicilios":113.0,"dom_particulares":113.0,"dom_coletivos":0.0,"moradores_por_dom":3.2,"pct_imputados":0.0211,"dom_ocupados":95.0,"dom_uso_ocasional":6.0,"dom_vagos":12.0,"dens_hab_ha":77.86,"dens_dom_ha":28.94,"pct_vagos":10.6,"pct_uso_ocasional":5.3,"pct_ocupados":84.1},"geometry":{"type":"Polygon","coordinates":[[[-44.064767,-2.551345],[-44.065588,-2.550933],[-44.065721,-2.550866],[-44.066182,-2.550635],[-44.066625,-2.550413],[-44.066729,-2.550354],[-44.066963,-2.550204],[-44.067079,-2.550142],[-44.067245,-2.550065],[-44.067548,-2.549924],[-44.067554,-2.550029],[-44.067703,-2.550747],[-44.067913,-2.551303],[-44.067979,-2.551473],[-44.067965,-2.551479],[-44.067753,-2.551556],[-44.067638,-2.551585],[-44.067311,-2.550907],[-44.067045,-2.551025],[-44.066621,-2.551239],[-44.066384,-2.551457],[-44.066237,-2.551542],[-44.066106,-2.551643],[-44.065872,-2.551824],[-44.065706,-2.552011],[-44.065644,-2.552246],[-44.065637,-2.552385],[-44.065687,-2.552698],[-44.065383,-2.552868],[-44.065272,-2.552894],[-44.065203,-2.552918],[-44.065144,-2.552255],[-44.065037,-2.551762],[-44.064944,-2.551613],[-44.064767,-2.551345]]]}},{"type":"Feature","properties":{"cd_setor":"211120105000140","situacao":"Urbana","bairro":"Moropóia","zona":"ZS","area_m2":73747.5,"area_ha":7.375,"fonte":"IBGE, Censo 2022 — malha e agregados por setor","pessoas":532.0,"domicilios":197.0,"dom_particulares":197.0,"dom_coletivos":0.0,"moradores_por_dom":3.1,"pct_imputados":0.0526,"dom_ocupados":171.0,"dom_uso_ocasional":7.0,"dom_vagos":19.0,"dens_hab_ha":72.14,"dens_dom_ha":26.71,"pct_vagos":9.6,"pct_uso_ocasional":3.6,"pct_ocupados":86.8},"geometry":{"type":"Polygon","coordinates":[[[-44.066741,-2.548238],[-44.067518,-2.547777],[-44.067541,-2.548171],[-44.067474,-2.548514],[-44.06751,-2.549317],[-44.067548,-2.549924],[-44.067245,-2.550065],[-44.067079,-2.550142],[-44.066963,-2.550204],[-44.066729,-2.550354],[-44.066625,-2.550413],[-44.066182,-2.550635],[-44.065721,-2.550866],[-44.065588,-2.550933],[-44.064767,-2.551345],[-44.064734,-2.551295],[-44.064386,-2.550862],[-44.064046,-2.550413],[-44.064541,-2.549939],[-44.065339,-2.549249],[-44.065905,-2.54878],[-44.06596,-2.548741],[-44.066169,-2.548587],[-44.066452,-2.548412],[-44.066714,-2.548254],[-44.066741,-2.548238]]]}},{"type":"Feature","properties":{"cd_setor":"211120105000141","situacao":"Urbana","bairro":"Moropóia","zona":"ZS","area_m2":39408.3,"area_ha":3.941,"fonte":"IBGE, Censo 2022 — malha e agregados por setor","pessoas":110.0,"domicilios":38.0,"dom_particulares":38.0,"dom_coletivos":0.0,"moradores_por_dom":3.1,"pct_imputados":0.0,"dom_ocupados":36.0,"dom_uso_ocasional":0.0,"dom_vagos":2.0,"dens_hab_ha":27.91,"dens_dom_ha":9.64,"pct_vagos":5.3,"pct_uso_ocasional":0.0,"pct_ocupados":94.7},"geometry":{"type":"Polygon","coordinates":[[[-44.064583,-2.547303],[-44.064616,-2.547202],[-44.064676,-2.547024],[-44.064705,-2.546911],[-44.064771,-2.546628],[-44.064823,-2.546438],[-44.06495,-2.54597],[-44.065061,-2.545549],[-44.065159,-2.54567],[-44.065388,-2.546],[-44.065556,-2.546274],[-44.065775,-2.546595],[-44.065795,-2.546635],[-44.066139,-2.547173],[-44.066301,-2.547408],[-44.06652,-2.547747],[-44.066511,-2.547832],[-44.066741,-2.548238],[-44.066714,-2.548254],[-44.066452,-2.548412],[-44.066169,-2.548587],[-44.06596,-2.548741],[-44.065905,-2.54878],[-44.065752,-2.548592],[-44.06533,-2.548145],[-44.064696,-2.547442],[-44.064583,-2.547303]]]}},{"type":"Feature","properties":{"cd_setor":"211120105000142","situacao":"Urbana","bairro":"Vila Sarnambi","zona":"ZS","area_m2":90624.7,"area_ha":9.062,"fonte":"IBGE, Censo 2022 — malha e agregados por setor","pessoas":578.0,"domicilios":214.0,"dom_particulares":214.0,"dom_coletivos":0.0,"moradores_por_dom":3.3,"pct_imputados":0.0231,"dom_ocupados":173.0,"dom_uso_ocasional":14.0,"dom_vagos":27.0,"dens_hab_ha":63.78,"dens_dom_ha":23.61,"pct_vagos":12.6,"pct_uso_ocasional":6.5,"pct_ocupados":80.8},"geometry":{"type":"Polygon","coordinates":[[[-44.06041,-2.544871],[-44.060526,-2.544918],[-44.060663,-2.544979],[-44.061382,-2.545302],[-44.061478,-2.545341],[-44.061955,-2.545402],[-44.06229,-2.54543],[-44.062566,-2.545463],[-44.062638,-2.545469],[-44.063835,-2.545605],[-44.064014,-2.545201],[-44.064252,-2.544656],[-44.064259,-2.54464],[-44.064599,-2.544887],[-44.06506,-2.545206],[-44.065127,-2.545229],[-44.065094,-2.545375],[-44.065061,-2.545549],[-44.06495,-2.54597],[-44.064823,-2.546438],[-44.064771,-2.546628],[-44.064705,-2.546911],[-44.064676,-2.547024],[-44.064616,-2.547202],[-44.064583,-2.547303],[-44.06455,-2.547263],[-44.064029,-2.546652],[-44.06363,-2.546164],[-44.063335,-2.546538],[-44.063093,-2.546774],[-44.062532,-2.546975],[-44.062234,-2.547022],[-44.061874,-2.547083],[-44.061425,-2.547143],[-44.060853,-2.547232],[-44.060572,-2.546738],[-44.060422,-2.546653],[-44.060403,-2.546334],[-44.060409,-2.545976],[-44.060384,-2.545351],[-44.06041,-2.544871]]]}},{"type":"Feature","properties":{"cd_setor":"211120105000143","situacao":"Urbana","bairro":"J. Câmara","zona":"ZS","area_m2":16642.2,"area_ha":1.664,"fonte":"IBGE, Censo 2022 — malha e agregados por setor","pessoas":115.0,"domicilios":44.0,"dom_particulares":44.0,"dom_coletivos":0.0,"moradores_por_dom":3.3,"pct_imputados":0.1143,"dom_ocupados":35.0,"dom_uso_ocasional":1.0,"dom_vagos":8.0,"dens_hab_ha":69.1,"dens_dom_ha":26.44,"pct_vagos":18.2,"pct_uso_ocasional":2.3,"pct_ocupados":79.5},"geometry":{"type":"Polygon","coordinates":[[[-44.066139,-2.547173],[-44.066551,-2.546921],[-44.067176,-2.546548],[-44.06726,-2.546506],[-44.067342,-2.546835],[-44.067394,-2.547055],[-44.067413,-2.547154],[-44.067443,-2.547318],[-44.067518,-2.547777],[-44.066741,-2.548238],[-44.066511,-2.547832],[-44.06652,-2.547747],[-44.066301,-2.547408],[-44.066139,-2.547173]]]}},{"type":"Feature","properties":{"cd_setor":"211120105000144","situacao":"Urbana","bairro":"J. Câmara","zona":"ZS","area_m2":5802.2,"area_ha":0.58,"fonte":"IBGE, Censo 2022 — malha e agregados por setor","pessoas":55.0,"domicilios":19.0,"dom_particulares":19.0,"dom_coletivos":0.0,"moradores_por_dom":3.4,"pct_imputados":0.25,"dom_ocupados":16.0,"dom_uso_ocasional":1.0,"dom_vagos":2.0,"dens_hab_ha":94.79,"dens_dom_ha":32.75,"pct_vagos":10.5,"pct_uso_ocasional":5.3,"pct_ocupados":84.2},"geometry":{"type":"Polygon","coordinates":[[[-44.06751,-2.549317],[-44.067474,-2.548514],[-44.067541,-2.548171],[-44.067703,-2.548431],[-44.067802,-2.548555],[-44.06797,-2.548569],[-44.068135,-2.549145],[-44.068163,-2.54922],[-44.06751,-2.549317]]]}},{"type":"Feature","properties":{"cd_setor":"211120105000145","situacao":"Urbana","bairro":"Sítio Do Apicum","zona":"ZEU","area_m2":325036.9,"area_ha":32.504,"fonte":"IBGE, Censo 2022 — malha e agregados por setor","pessoas":290.0,"domicilios":95.0,"dom_particulares":95.0,"dom_coletivos":0.0,"moradores_por_dom":3.4,"pct_imputados":0.0471,"dom_ocupados":85.0,"dom_uso_ocasional":3.0,"dom_vagos":7.0,"dens_hab_ha":8.92,"dens_dom_ha":2.92,"pct_vagos":7.4,"pct_uso_ocasional":3.2,"pct_ocupados":89.5},"geometry":{"type":"Polygon","coordinates":[[[-44.057691,-2.538719],[-44.058331,-2.53689],[-44.059667,-2.53613],[-44.059876,-2.535907],[-44.060091,-2.53561],[-44.060393,-2.53523],[-44.06057,-2.535009],[-44.06073,-2.534872],[-44.060914,-2.534733],[-44.060956,-2.534692],[-44.061838,-2.535785],[-44.063644,-2.538104],[-44.063673,-2.53814],[-44.065455,-2.540286],[-44.065878,-2.540831],[-44.066043,-2.541036],[-44.066069,-2.541108],[-44.066176,-2.54141],[-44.066258,-2.541695],[-44.066341,-2.542108],[-44.066065,-2.542015],[-44.065682,-2.541879],[-44.065655,-2.541869],[-44.06496,-2.541612],[-44.064463,-2.54139],[-44.06405,-2.54117],[-44.063767,-2.540991],[-44.063686,-2.540829],[-44.06361,-2.540677],[-44.063455,-2.540423],[-44.063207,-2.540032],[-44.062862,-2.539709],[-44.06267,-2.539545],[-44.062364,-2.539288],[-44.062297,-2.539233],[-44.060928,-2.540056],[-44.06005,-2.540387],[-44.058909,-2.540287],[-44.057876,-2.539554],[-44.057568,-2.539369],[-44.05749,-2.539184],[-44.057629,-2.539023],[-44.057783,-2.53883],[-44.057691,-2.538719]]]}},{"type":"Feature","properties":{"cd_setor":"211120105000146","situacao":"Urbana","bairro":"Sítio Do Apicum","zona":"ZDU - P","area_m2":1287455.0,"area_ha":128.745,"fonte":"IBGE, Censo 2022 — malha e agregados por setor","pessoas":246.0,"domicilios":102.0,"dom_particulares":102.0,"dom_coletivos":0.0,"moradores_por_dom":3.2,"pct_imputados":0.0128,"dom_ocupados":78.0,"dom_uso_ocasional":10.0,"dom_vagos":14.0,"dens_hab_ha":1.91,"dens_dom_ha":0.79,"pct_vagos":13.7,"pct_uso_ocasional":9.8,"pct_ocupados":76.5},"geometry":{"type":"Polygon","coordinates":[[[-44.041542,-2.545996],[-44.042358,-2.545305],[-44.04333,-2.545189],[-44.044794,-2.545475],[-44.046028,-2.545883],[-44.046791,-2.545783],[-44.046933,-2.545475],[-44.047026,-2.544819],[-44.047238,-2.544604],[-44.047554,-2.544534],[-44.047747,-2.544654],[-44.048144,-2.544912],[-44.048363,-2.544993],[-44.048868,-2.544908],[-44.049119,-2.544438],[-44.049408,-2.54418],[-44.049863,-2.543752],[-44.050352,-2.543131],[-44.050715,-2.542464],[-44.051054,-2.542125],[-44.051281,-2.54159],[-44.051497,-2.541092],[-44.05152,-2.541],[-44.051516,-2.54085],[-44.051605,-2.540557],[-44.051632,-2.540241],[-44.051586,-2.539963],[-44.051493,-2.539639],[-44.051362,-2.539292],[-44.051019,-2.538545],[-44.050572,-2.537716],[-44.050537,-2.537465],[-44.050583,-2.537192],[-44.050741,-2.536895],[-44.051058,-2.53654],[-44.051339,-2.536382],[-44.054141,-2.535403],[-44.055337,-2.534027],[-44.05524,-2.533892],[-44.055123,-2.53373],[-44.055064,-2.533648],[-44.055194,-2.533673],[-44.055435,-2.533791],[-44.055827,-2.533982],[-44.056166,-2.533869],[-44.056689,-2.533694],[-44.057092,-2.533771],[-44.057343,-2.533718],[-44.057508,-2.533684],[-44.057623,-2.53366],[-44.057783,-2.533626],[-44.057886,-2.533681],[-44.058082,-2.533626],[-44.058194,-2.533595],[-44.058239,-2.533552],[-44.058326,-2.533184],[-44.05837,-2.532776],[-44.058397,-2.532521],[-44.058488,-2.532249],[-44.058828,-2.531955],[-44.060841,-2.534586],[-44.060911,-2.534642],[-44.060956,-2.534692],[-44.060914,-2.534733],[-44.06073,-2.534872],[-44.06057,-2.535009],[-44.060393,-2.53523],[-44.060091,-2.53561],[-44.059876,-2.535907],[-44.059667,-2.53613],[-44.058331,-2.53689],[-44.057691,-2.538719],[-44.057329,-2.53887],[-44.056632,-2.539614],[-44.056381,-2.539735],[-44.056101,-2.539711],[-44.055805,-2.539912],[-44.055433,-2.540325],[-44.055251,-2.542267],[-44.054819,-2.544026],[-44.054652,-2.545564],[-44.054642,-2.546729],[-44.054487,-2.547898],[-44.054282,-2.548174],[-44.054065,-2.548682],[-44.054026,-2.548774],[-44.053704,-2.549112],[-44.052818,-2.549467],[-44.052362,-2.549937],[-44.051925,-2.549668],[-44.051339,-2.549545],[-44.050861,-2.549175],[-44.050784,-2.548697],[-44.050815,-2.548065],[-44.050291,-2.547772],[-44.049751,-2.547664],[-44.049504,-2.547834],[-44.049705,-2.548188],[-44.049982,-2.548466],[-44.050044,-2.548913],[-44.049751,-2.549175],[-44.048795,-2.549144],[-44.048024,-2.549144],[-44.047793,-2.548774],[-44.047269,-2.548342],[-44.041542,-2.545996]]]}},{"type":"Feature","properties":{"cd_setor":"211120105000147","situacao":"Urbana","bairro":"Itapary","zona":"ZDU - P","area_m2":2477290.8,"area_ha":247.729,"fonte":"IBGE, Censo 2022 — malha e agregados por setor","pessoas":115.0,"domicilios":62.0,"dom_particulares":61.0,"dom_coletivos":1.0,"moradores_por_dom":3.0,"pct_imputados":0.1892,"dom_ocupados":37.0,"dom_uso_ocasional":15.0,"dom_vagos":9.0,"dens_hab_ha":0.46,"dens_dom_ha":0.25,"pct_vagos":14.8,"pct_uso_ocasional":24.6,"pct_ocupados":60.7},"geometry":{"type":"Polygon","coordinates":[[[-44.047654,-2.531703],[-44.049671,-2.531286],[-44.050897,-2.531033],[-44.0527,-2.530665],[-44.053967,-2.530405],[-44.054625,-2.530274],[-44.055231,-2.530154],[-44.056517,-2.5299],[-44.057253,-2.529829],[-44.058806,-2.531893],[-44.058828,-2.531955],[-44.058488,-2.532249],[-44.058397,-2.532521],[-44.05837,-2.532776],[-44.058326,-2.533184],[-44.058239,-2.533552],[-44.058194,-2.533595],[-44.058082,-2.533626],[-44.057886,-2.533681],[-44.057783,-2.533626],[-44.057623,-2.53366],[-44.057508,-2.533684],[-44.057343,-2.533718],[-44.057092,-2.533771],[-44.056689,-2.533694],[-44.056166,-2.533869],[-44.055827,-2.533982],[-44.055435,-2.533791],[-44.055194,-2.533673],[-44.055064,-2.533648],[-44.055123,-2.53373],[-44.05524,-2.533892],[-44.055337,-2.534027],[-44.054141,-2.535403],[-44.051339,-2.536382],[-44.051058,-2.53654],[-44.050741,-2.536895],[-44.050583,-2.537192],[-44.050537,-2.537465],[-44.050572,-2.537716],[-44.051019,-2.538545],[-44.051362,-2.539292],[-44.051493,-2.539639],[-44.051586,-2.539963],[-44.051632,-2.540241],[-44.051605,-2.540557],[-44.051516,-2.54085],[-44.05152,-2.541],[-44.051497,-2.541092],[-44.051281,-2.54159],[-44.051054,-2.542125],[-44.050715,-2.542464],[-44.050352,-2.543131],[-44.049863,-2.543752],[-44.049408,-2.54418],[-44.049119,-2.544438],[-44.048868,-2.544908],[-44.048363,-2.544993],[-44.048144,-2.544912],[-44.047747,-2.544654],[-44.047554,-2.544534],[-44.047238,-2.544604],[-44.047026,-2.544819],[-44.046933,-2.545475],[-44.046791,-2.545783],[-44.046028,-2.545883],[-44.044794,-2.545475],[-44.04333,-2.545189],[-44.042358,-2.545305],[-44.041542,-2.545996],[-44.041418,-2.546377],[-44.04114,-2.546492],[-44.040077,-2.546423],[-44.039013,-2.545883],[-44.036523,-2.545313],[-44.035197,-2.544812],[-44.033812,-2.5449],[-44.033706,-2.543758],[-44.033706,-2.542851],[-44.033888,-2.541962],[-44.034134,-2.541124],[-44.034314,-2.540017],[-44.034315,-2.539612],[-44.035886,-2.539618],[-44.036326,-2.539481],[-44.036991,-2.53906],[-44.040717,-2.538074],[-44.043183,-2.537421],[-44.042327,-2.533052],[-44.042297,-2.532945],[-44.042434,-2.532785],[-44.042951,-2.532726],[-44.046582,-2.531925],[-44.047654,-2.531703]]]}},{"type":"Feature","properties":{"cd_setor":"211120105000148","situacao":"Urbana","bairro":"Caúra","zona":"ZDU - P","area_m2":1875304.8,"area_ha":187.53,"fonte":"IBGE, Censo 2022 — malha e agregados por setor","pessoas":99.0,"domicilios":64.0,"dom_particulares":64.0,"dom_coletivos":0.0,"moradores_por_dom":3.5,"pct_imputados":0.0714,"dom_ocupados":28.0,"dom_uso_ocasional":26.0,"dom_vagos":10.0,"dens_hab_ha":0.53,"dens_dom_ha":0.34,"pct_vagos":15.6,"pct_uso_ocasional":40.6,"pct_ocupados":43.8},"geometry":{"type":"Polygon","coordinates":[[[-44.033812,-2.5449],[-44.035197,-2.544812],[-44.036523,-2.545313],[-44.039013,-2.545883],[-44.040077,-2.546423],[-44.04114,-2.546492],[-44.041418,-2.546377],[-44.041542,-2.545996],[-44.047269,-2.548342],[-44.047793,-2.548774],[-44.048024,-2.549144],[-44.048795,-2.549144],[-44.049751,-2.549175],[-44.050044,-2.548913],[-44.049982,-2.548466],[-44.049705,-2.548188],[-44.049504,-2.547834],[-44.049751,-2.547664],[-44.050291,-2.547772],[-44.050815,-2.548065],[-44.050784,-2.548697],[-44.050861,-2.549175],[-44.051339,-2.549545],[-44.051925,-2.549668],[-44.052362,-2.549937],[-44.052124,-2.55044],[-44.051938,-2.551241],[-44.051892,-2.5522],[-44.05198,-2.553395],[-44.052247,-2.555851],[-44.052416,-2.55636],[-44.052297,-2.556271],[-44.051744,-2.556021],[-44.051178,-2.555848],[-44.051068,-2.55581],[-44.050922,-2.55579],[-44.050763,-2.555764],[-44.050753,-2.555757],[-44.05056,-2.555693],[-44.05055,-2.555687],[-44.050344,-2.55551],[-44.050327,-2.555497],[-44.050121,-2.555337],[-44.050115,-2.55533],[-44.049975,-2.55526],[-44.049816,-2.555197],[-44.049796,-2.555187],[-44.049637,-2.555077],[-44.049424,-2.554901],[-44.049295,-2.554781],[-44.049161,-2.554704],[-44.049031,-2.554634],[-44.048948,-2.554623],[-44.048805,-2.554653],[-44.048675,-2.554676],[-44.048549,-2.554689],[-44.048332,-2.554719],[-44.048077,-2.554728],[-44.048064,-2.554728],[-44.047841,-2.554711],[-44.047831,-2.554708],[-44.047652,-2.554634],[-44.047642,-2.554631],[-44.047514,-2.554554],[-44.047411,-2.554412],[-44.047323,-2.554343],[-44.047203,-2.554265],[-44.047082,-2.554222],[-44.046827,-2.554169],[-44.046641,-2.554153],[-44.046415,-2.554159],[-44.046232,-2.554171],[-44.046216,-2.554175],[-44.04598,-2.554207],[-44.045741,-2.554226],[-44.045686,-2.554223],[-44.045403,-2.554206],[-44.04539,-2.554206],[-44.045367,-2.554203],[-44.045099,-2.554202],[-44.04508,-2.554202],[-44.045057,-2.554202],[-44.045051,-2.554202],[-44.044764,-2.554211],[-44.044532,-2.554213],[-44.044377,-2.554216],[-44.044175,-2.55424],[-44.043968,-2.554264],[-44.043949,-2.554267],[-44.043769,-2.554318],[-44.043755,-2.554321],[-44.043593,-2.554358],[-44.043489,-2.554391],[-44.043481,-2.554391],[-44.043357,-2.554442],[-44.043207,-2.554536],[-44.043072,-2.554687],[-44.042937,-2.554838],[-44.042932,-2.554841],[-44.042856,-2.554954],[-44.042745,-2.555132],[-44.042676,-2.555207],[-44.042668,-2.55521],[-44.042521,-2.555342],[-44.042341,-2.555459],[-44.042174,-2.555667],[-44.042023,-2.555919],[-44.041896,-2.5562],[-44.041683,-2.556526],[-44.041675,-2.556526],[-44.041429,-2.556771],[-44.041173,-2.556992],[-44.041161,-2.556996],[-44.040914,-2.557152],[-44.04061,-2.557364],[-44.040282,-2.557512],[-44.039906,-2.55754],[-44.039595,-2.557576],[-44.039059,-2.557577],[-44.038528,-2.557558],[-44.038193,-2.557528],[-44.038165,-2.557518],[-44.037662,-2.557371],[-44.037303,-2.557167],[-44.037152,-2.557079],[-44.036914,-2.557012],[-44.036718,-2.557007],[-44.036439,-2.556873],[-44.036161,-2.556688],[-44.036063,-2.556544],[-44.035935,-2.556282],[-44.035851,-2.55575],[-44.035698,-2.555211],[-44.035468,-2.554617],[-44.035228,-2.554056],[-44.035096,-2.553572],[-44.034966,-2.55299],[-44.034879,-2.552528],[-44.034747,-2.552066],[-44.034583,-2.551594],[-44.034376,-2.550912],[-44.034365,-2.550868],[-44.034093,-2.550254],[-44.034017,-2.549903],[-44.033974,-2.546184],[-44.033906,-2.545542],[-44.033894,-2.545506],[-44.033812,-2.5449]]]}},{"type":"Feature","properties":{"cd_setor":"211120105000149","situacao":"Urbana","bairro":"Sítio Do Apicum","zona":"ZEU","area_m2":208478.8,"area_ha":20.848,"fonte":"IBGE, Censo 2022 — malha e agregados por setor","pessoas":483.0,"domicilios":169.0,"dom_particulares":169.0,"dom_coletivos":0.0,"moradores_por_dom":3.4,"pct_imputados":0.0634,"dom_ocupados":142.0,"dom_uso_ocasional":14.0,"dom_vagos":13.0,"dens_hab_ha":23.17,"dens_dom_ha":8.11,"pct_vagos":7.7,"pct_uso_ocasional":8.3,"pct_ocupados":84.0},"geometry":{"type":"Polygon","coordinates":[[[-44.060956,-2.534692],[-44.061347,-2.53438],[-44.061711,-2.534017],[-44.062114,-2.533403],[-44.062351,-2.532861],[-44.063794,-2.534194],[-44.063688,-2.534333],[-44.06366,-2.534415],[-44.063662,-2.534488],[-44.063583,-2.534483],[-44.063304,-2.534772],[-44.063052,-2.535034],[-44.062971,-2.535101],[-44.063128,-2.535255],[-44.063406,-2.535445],[-44.063651,-2.535619],[-44.063856,-2.535769],[-44.064202,-2.535957],[-44.064878,-2.536658],[-44.065164,-2.536652],[-44.065303,-2.536686],[-44.065661,-2.536691],[-44.066163,-2.537341],[-44.06655,-2.537859],[-44.067057,-2.538561],[-44.067247,-2.538824],[-44.06735,-2.538966],[-44.067351,-2.538966],[-44.067076,-2.539437],[-44.066887,-2.539777],[-44.066733,-2.540052],[-44.066454,-2.540486],[-44.066426,-2.54053],[-44.066136,-2.541003],[-44.066069,-2.541108],[-44.066043,-2.541036],[-44.065878,-2.540831],[-44.065455,-2.540286],[-44.063673,-2.53814],[-44.063644,-2.538104],[-44.061838,-2.535785],[-44.060956,-2.534692]]]}},{"type":"Feature","properties":{"cd_setor":"211120105000150","situacao":"Urbana","bairro":"Canavieira","zona":"ZEU","area_m2":834200.9,"area_ha":83.42,"fonte":"IBGE, Censo 2022 — malha e agregados por setor","pessoas":322.0,"domicilios":138.0,"dom_particulares":138.0,"dom_coletivos":0.0,"moradores_por_dom":3.3,"pct_imputados":0.1237,"dom_ocupados":97.0,"dom_uso_ocasional":22.0,"dom_vagos":19.0,"dens_hab_ha":3.86,"dens_dom_ha":1.65,"pct_vagos":13.8,"pct_uso_ocasional":15.9,"pct_ocupados":70.3},"geometry":{"type":"Polygon","coordinates":[[[-44.073281,-2.525023],[-44.072246,-2.526449],[-44.072022,-2.52673],[-44.071542,-2.527335],[-44.071445,-2.527422],[-44.071408,-2.527455],[-44.071375,-2.527492],[-44.071343,-2.527561],[-44.071336,-2.527605],[-44.071317,-2.527815],[-44.071223,-2.528845],[-44.071127,-2.529774],[-44.070587,-2.529702],[-44.07031,-2.530863],[-44.070103,-2.531853],[-44.069945,-2.532597],[-44.06992,-2.532692],[-44.069927,-2.532764],[-44.069768,-2.533528],[-44.069252,-2.533563],[-44.06865,-2.533645],[-44.068322,-2.533729],[-44.068132,-2.533835],[-44.067706,-2.533792],[-44.067169,-2.533694],[-44.066817,-2.533727],[-44.066546,-2.533896],[-44.066127,-2.534168],[-44.065831,-2.534462],[-44.065653,-2.534663],[-44.065432,-2.534873],[-44.065016,-2.53521],[-44.064779,-2.535325],[-44.064588,-2.535384],[-44.064432,-2.535264],[-44.064513,-2.535077],[-44.064533,-2.534954],[-44.063662,-2.534488],[-44.06366,-2.534415],[-44.063688,-2.534333],[-44.063794,-2.534194],[-44.062351,-2.532861],[-44.062604,-2.532243],[-44.062866,-2.531898],[-44.062998,-2.531726],[-44.062711,-2.531536],[-44.062368,-2.531337],[-44.061935,-2.531084],[-44.061715,-2.530948],[-44.061332,-2.53067],[-44.06118,-2.530627],[-44.060893,-2.530544],[-44.06086,-2.530648],[-44.060814,-2.530796],[-44.06076,-2.530969],[-44.060731,-2.531058],[-44.060501,-2.530985],[-44.060215,-2.530893],[-44.059301,-2.530642],[-44.059391,-2.530218],[-44.059387,-2.529967],[-44.059385,-2.529824],[-44.059475,-2.529152],[-44.059561,-2.528909],[-44.059596,-2.528811],[-44.059624,-2.528732],[-44.059505,-2.528449],[-44.060159,-2.528037],[-44.060426,-2.527958],[-44.060596,-2.527983],[-44.061341,-2.528323],[-44.061876,-2.528352],[-44.062565,-2.528506],[-44.063183,-2.528708],[-44.063865,-2.529078],[-44.064472,-2.528734],[-44.06531,-2.528346],[-44.0654,-2.528297],[-44.065978,-2.527824],[-44.06599,-2.527441],[-44.065889,-2.527071],[-44.065915,-2.527066],[-44.06627,-2.527018],[-44.066845,-2.526954],[-44.067279,-2.526889],[-44.067567,-2.526845],[-44.068093,-2.526764],[-44.068493,-2.52675],[-44.068524,-2.526694],[-44.068918,-2.525741],[-44.069245,-2.524951],[-44.069816,-2.524892],[-44.07106,-2.524763],[-44.071519,-2.524716],[-44.071881,-2.524783],[-44.071935,-2.524793],[-44.073281,-2.525023]]]}},{"type":"Feature","properties":{"cd_setor":"211120105000151","situacao":"Urbana","bairro":"Sítio Do Apicum","zona":"ZEU","area_m2":182122.9,"area_ha":18.212,"fonte":"IBGE, Censo 2022 — malha e agregados por setor","pessoas":131.0,"domicilios":48.0,"dom_particulares":48.0,"dom_coletivos":0.0,"moradores_por_dom":4.0,"pct_imputados":0.0606,"dom_ocupados":33.0,"dom_uso_ocasional":11.0,"dom_vagos":4.0,"dens_hab_ha":7.19,"dens_dom_ha":2.64,"pct_vagos":8.3,"pct_uso_ocasional":22.9,"pct_ocupados":68.8},"geometry":{"type":"Polygon","coordinates":[[[-44.056873,-2.529329],[-44.057705,-2.528969],[-44.058075,-2.528869],[-44.058418,-2.528583],[-44.059244,-2.528542],[-44.059505,-2.528449],[-44.059624,-2.528732],[-44.059596,-2.528811],[-44.059561,-2.528909],[-44.059475,-2.529152],[-44.059385,-2.529824],[-44.059387,-2.529967],[-44.059391,-2.530218],[-44.059301,-2.530642],[-44.060215,-2.530893],[-44.060501,-2.530985],[-44.060731,-2.531058],[-44.06076,-2.530969],[-44.060814,-2.530796],[-44.06086,-2.530648],[-44.060893,-2.530544],[-44.06118,-2.530627],[-44.061332,-2.53067],[-44.061715,-2.530948],[-44.061935,-2.531084],[-44.062368,-2.531337],[-44.062711,-2.531536],[-44.062998,-2.531726],[-44.062866,-2.531898],[-44.062604,-2.532243],[-44.062351,-2.532861],[-44.062114,-2.533403],[-44.061711,-2.534017],[-44.061347,-2.53438],[-44.060956,-2.534692],[-44.060911,-2.534642],[-44.060841,-2.534586],[-44.058828,-2.531955],[-44.058806,-2.531893],[-44.057253,-2.529829],[-44.056914,-2.529383],[-44.056873,-2.529329]]]}},{"type":"Feature","properties":{"cd_setor":"211120105000152","situacao":"Urbana","bairro":"Mutirão","zona":"ZEU","area_m2":48554.0,"area_ha":4.855,"fonte":"IBGE, Censo 2022 — malha e agregados por setor","pessoas":220.0,"domicilios":77.0,"dom_particulares":77.0,"dom_coletivos":0.0,"moradores_por_dom":3.2,"pct_imputados":0.0147,"dom_ocupados":68.0,"dom_uso_ocasional":3.0,"dom_vagos":6.0,"dens_hab_ha":45.31,"dens_dom_ha":15.86,"pct_vagos":7.8,"pct_uso_ocasional":3.9,"pct_ocupados":88.3},"geometry":{"type":"Polygon","coordinates":[[[-44.069927,-2.532764],[-44.070022,-2.532807],[-44.070227,-2.532884],[-44.070431,-2.532769],[-44.070674,-2.532651],[-44.070943,-2.532619],[-44.07133,-2.532611],[-44.071562,-2.533574],[-44.071784,-2.534568],[-44.071197,-2.534711],[-44.070279,-2.534906],[-44.069916,-2.534989],[-44.06971,-2.535049],[-44.069634,-2.535072],[-44.069492,-2.535146],[-44.069638,-2.534339],[-44.069768,-2.533528],[-44.069927,-2.532764]]]}},{"type":"Feature","properties":{"cd_setor":"211120105000154","situacao":"Urbana","bairro":"Mirititiua","zona":"ZEU","area_m2":206511.3,"area_ha":20.651,"fonte":"IBGE, Censo 2022 — malha e agregados por setor","pessoas":341.0,"domicilios":115.0,"dom_particulares":115.0,"dom_coletivos":0.0,"moradores_por_dom":3.5,"pct_imputados":0.0722,"dom_ocupados":97.0,"dom_uso_ocasional":3.0,"dom_vagos":15.0,"dens_hab_ha":16.51,"dens_dom_ha":5.57,"pct_vagos":13.0,"pct_uso_ocasional":2.6,"pct_ocupados":84.3},"geometry":{"type":"Polygon","coordinates":[[[-44.068163,-2.54922],[-44.068181,-2.549198],[-44.069392,-2.549251],[-44.070576,-2.549304],[-44.07096,-2.549321],[-44.071102,-2.548837],[-44.071196,-2.54852],[-44.071269,-2.548508],[-44.07144,-2.548479],[-44.071683,-2.548438],[-44.071867,-2.548407],[-44.072017,-2.548233],[-44.072124,-2.54811],[-44.071925,-2.547753],[-44.072685,-2.547215],[-44.072794,-2.547305],[-44.073071,-2.547481],[-44.073411,-2.547729],[-44.073545,-2.547852],[-44.073657,-2.548042],[-44.07393,-2.548592],[-44.074042,-2.548729],[-44.074073,-2.548936],[-44.074023,-2.549541],[-44.074055,-2.549963],[-44.074058,-2.550368],[-44.074035,-2.550475],[-44.073984,-2.550572],[-44.073853,-2.550754],[-44.073742,-2.550913],[-44.073546,-2.550964],[-44.072654,-2.551254],[-44.072283,-2.551394],[-44.069814,-2.552231],[-44.069739,-2.552256],[-44.069628,-2.552293],[-44.069281,-2.552407],[-44.068806,-2.551084],[-44.068318,-2.549646],[-44.068196,-2.54931],[-44.068163,-2.54922]]]}},{"type":"Feature","properties":{"cd_setor":"211120105000155","situacao":"Urbana","bairro":"Vila Roseana Sarney","zona":"ZEU","area_m2":78601.2,"area_ha":7.86,"fonte":"IBGE, Censo 2022 — malha e agregados por setor","pessoas":396.0,"domicilios":153.0,"dom_particulares":153.0,"dom_coletivos":0.0,"moradores_por_dom":3.3,"pct_imputados":0.0252,"dom_ocupados":119.0,"dom_uso_ocasional":4.0,"dom_vagos":30.0,"dens_hab_ha":50.38,"dens_dom_ha":19.47,"pct_vagos":19.6,"pct_uso_ocasional":2.6,"pct_ocupados":77.8},"geometry":{"type":"Polygon","coordinates":[[[-44.079225,-2.548417],[-44.079498,-2.548406],[-44.079752,-2.548385],[-44.07998,-2.548335],[-44.080268,-2.548276],[-44.080361,-2.548236],[-44.080627,-2.548131],[-44.080883,-2.548005],[-44.080938,-2.54798],[-44.081452,-2.547748],[-44.082326,-2.547341],[-44.082641,-2.547185],[-44.082773,-2.547134],[-44.08296,-2.547145],[-44.082847,-2.547294],[-44.082812,-2.547323],[-44.082551,-2.547635],[-44.082332,-2.547894],[-44.081963,-2.54833],[-44.081634,-2.548699],[-44.081426,-2.548898],[-44.081049,-2.549192],[-44.080793,-2.549353],[-44.0806,-2.549449],[-44.080136,-2.549632],[-44.079904,-2.549701],[-44.079683,-2.549766],[-44.079438,-2.549811],[-44.078025,-2.550071],[-44.07786,-2.550104],[-44.077819,-2.549966],[-44.077778,-2.549825],[-44.077692,-2.549536],[-44.077595,-2.549206],[-44.07759,-2.549116],[-44.07758,-2.548923],[-44.077647,-2.548734],[-44.077708,-2.548582],[-44.077843,-2.548251],[-44.078259,-2.548329],[-44.078694,-2.548374],[-44.07894,-2.548407],[-44.079225,-2.548417]]]}},{"type":"Feature","properties":{"cd_setor":"211120105000156","situacao":"Urbana","bairro":"Mirititiua","zona":"ZEU","area_m2":276615.2,"area_ha":27.662,"fonte":"IBGE, Censo 2022 — malha e agregados por setor","pessoas":147.0,"domicilios":53.0,"dom_particulares":53.0,"dom_coletivos":0.0,"moradores_por_dom":3.4,"pct_imputados":0.0698,"dom_ocupados":43.0,"dom_uso_ocasional":3.0,"dom_vagos":7.0,"dens_hab_ha":5.31,"dens_dom_ha":1.92,"pct_vagos":13.2,"pct_uso_ocasional":5.7,"pct_ocupados":81.1},"geometry":{"type":"Polygon","coordinates":[[[-44.073144,-2.544364],[-44.073341,-2.544248],[-44.074494,-2.543638],[-44.07471,-2.543522],[-44.075366,-2.544593],[-44.07537,-2.544601],[-44.075613,-2.545131],[-44.075738,-2.545327],[-44.075856,-2.545462],[-44.076008,-2.545571],[-44.076014,-2.545574],[-44.076201,-2.545682],[-44.076764,-2.545941],[-44.077395,-2.546213],[-44.077259,-2.54665],[-44.077142,-2.547028],[-44.077153,-2.547377],[-44.077164,-2.54774],[-44.077172,-2.548029],[-44.077174,-2.548092],[-44.076789,-2.547964],[-44.076611,-2.547905],[-44.076649,-2.548342],[-44.076677,-2.548553],[-44.076652,-2.54871],[-44.076595,-2.548929],[-44.076537,-2.54921],[-44.076545,-2.54936],[-44.076551,-2.549453],[-44.076618,-2.549701],[-44.076663,-2.549866],[-44.076779,-2.55019],[-44.076819,-2.550302],[-44.076821,-2.55031],[-44.076033,-2.55045],[-44.073742,-2.550913],[-44.073853,-2.550754],[-44.073984,-2.550572],[-44.074035,-2.550475],[-44.074058,-2.550368],[-44.074055,-2.549963],[-44.074023,-2.549541],[-44.074073,-2.548936],[-44.074042,-2.548729],[-44.07393,-2.548592],[-44.073657,-2.548042],[-44.073545,-2.547852],[-44.073411,-2.547729],[-44.073071,-2.547481],[-44.072794,-2.547305],[-44.072685,-2.547215],[-44.072669,-2.547202],[-44.072573,-2.547087],[-44.07241,-2.546611],[-44.072092,-2.54564],[-44.072014,-2.545344],[-44.071957,-2.545155],[-44.071937,-2.545099],[-44.072344,-2.544846],[-44.073144,-2.544364]]]}},{"type":"Feature","properties":{"cd_setor":"211120105000157","situacao":"Urbana","bairro":"","zona":"ZRI","area_m2":584181.0,"area_ha":58.418,"fonte":"IBGE, Censo 2022 — malha e agregados por setor","pessoas":391.0,"domicilios":171.0,"dom_particulares":171.0,"dom_coletivos":0.0,"moradores_por_dom":3.2,"pct_imputados":0.0744,"dom_ocupados":121.0,"dom_uso_ocasional":21.0,"dom_vagos":29.0,"dens_hab_ha":6.69,"dens_dom_ha":2.93,"pct_vagos":17.0,"pct_uso_ocasional":12.3,"pct_ocupados":70.8},"geometry":{"type":"Polygon","coordinates":[[[-44.048721,-2.519412],[-44.048706,-2.519456],[-44.048696,-2.51945],[-44.046184,-2.518588],[-44.046187,-2.51858],[-44.046171,-2.51858],[-44.046825,-2.517108],[-44.047506,-2.515596],[-44.048321,-2.513727],[-44.049058,-2.512102],[-44.049681,-2.510671],[-44.049943,-2.510088],[-44.05068,-2.50848],[-44.051009,-2.507773],[-44.051268,-2.507217],[-44.05181,-2.506108],[-44.051866,-2.506082],[-44.051917,-2.506015],[-44.052037,-2.505809],[-44.052066,-2.50566],[-44.052053,-2.505481],[-44.052053,-2.50532],[-44.052058,-2.505158],[-44.052337,-2.50556],[-44.052744,-2.505853],[-44.05306,-2.506677],[-44.053342,-2.507705],[-44.053481,-2.50831],[-44.053942,-2.509354],[-44.054079,-2.511611],[-44.053997,-2.512399],[-44.053539,-2.512698],[-44.053259,-2.512552],[-44.053135,-2.512552],[-44.053067,-2.512772],[-44.052823,-2.513557],[-44.052754,-2.513745],[-44.05262,-2.514103],[-44.052419,-2.514377],[-44.052331,-2.514503],[-44.051824,-2.515204],[-44.051746,-2.515313],[-44.051458,-2.515711],[-44.051213,-2.51604],[-44.050343,-2.517226],[-44.05024,-2.517362],[-44.050129,-2.517505],[-44.050007,-2.517668],[-44.049888,-2.517827],[-44.049721,-2.518048],[-44.049631,-2.518176],[-44.049202,-2.518746],[-44.049114,-2.518865],[-44.049021,-2.518995],[-44.048721,-2.519412]]]}},{"type":"Feature","properties":{"cd_setor":"211120105000158","situacao":"Rural","bairro":"","zona":"ZRI","area_m2":1514255.7,"area_ha":151.426,"fonte":"IBGE, Censo 2022 — malha e agregados por setor","pessoas":0.0,"domicilios":0.0,"dom_particulares":0.0,"dom_coletivos":0.0,"moradores_por_dom":0.0,"pct_imputados":0.0,"dom_ocupados":0.0,"dom_uso_ocasional":0.0,"dom_vagos":0.0,"dens_hab_ha":null,"dens_dom_ha":null,"pct_vagos":null,"pct_uso_ocasional":null,"pct_ocupados":null},"geometry":{"type":"Polygon","coordinates":[[[-44.053997,-2.512399],[-44.054079,-2.511611],[-44.053942,-2.509354],[-44.053481,-2.50831],[-44.053342,-2.507705],[-44.05306,-2.506677],[-44.052744,-2.505853],[-44.052337,-2.50556],[-44.052058,-2.505158],[-44.052437,-2.505058],[-44.05289,-2.504787],[-44.053796,-2.504379],[-44.054022,-2.504244],[-44.054476,-2.503927],[-44.055019,-2.503565],[-44.055336,-2.503158],[-44.055563,-2.502705],[-44.055653,-2.502162],[-44.055654,-2.501574],[-44.055654,-2.501121],[-44.055518,-2.500669],[-44.05511,-2.500307],[-44.054793,-2.500035],[-44.054431,-2.499718],[-44.054405,-2.49968],[-44.054159,-2.49931],[-44.054068,-2.498631],[-44.054069,-2.498133],[-44.054748,-2.497907],[-44.055473,-2.497908],[-44.055655,-2.497862],[-44.055836,-2.497816],[-44.057015,-2.497458],[-44.058367,-2.497293],[-44.058321,-2.499194],[-44.058362,-2.500329],[-44.058377,-2.500735],[-44.058633,-2.50225],[-44.059118,-2.504578],[-44.059948,-2.505925],[-44.060839,-2.50678],[-44.061704,-2.507942],[-44.062396,-2.508872],[-44.062897,-2.509657],[-44.063065,-2.510026],[-44.063142,-2.510371],[-44.06317,-2.511647],[-44.063206,-2.512745],[-44.06327,-2.513299],[-44.063362,-2.513827],[-44.063467,-2.514235],[-44.063583,-2.514573],[-44.063681,-2.514906],[-44.063743,-2.51533],[-44.063732,-2.515404],[-44.063692,-2.515486],[-44.063653,-2.515556],[-44.063597,-2.515607],[-44.063512,-2.51563],[-44.063395,-2.515642],[-44.063172,-2.515609],[-44.062681,-2.515527],[-44.062596,-2.515522],[-44.061988,-2.515528],[-44.061484,-2.515587],[-44.060962,-2.515662],[-44.060703,-2.515718],[-44.060478,-2.515795],[-44.060154,-2.516014],[-44.059829,-2.516294],[-44.059742,-2.516404],[-44.059647,-2.516555],[-44.059588,-2.516732],[-44.059572,-2.516816],[-44.059554,-2.516959],[-44.059581,-2.517242],[-44.059642,-2.517514],[-44.059726,-2.51779],[-44.059872,-2.518144],[-44.060316,-2.519015],[-44.060472,-2.519383],[-44.060592,-2.519678],[-44.058965,-2.520737],[-44.058708,-2.520181],[-44.058585,-2.5196],[-44.058639,-2.519133],[-44.058392,-2.518794],[-44.058282,-2.518419],[-44.058145,-2.518025],[-44.057701,-2.517393],[-44.057669,-2.517155],[-44.057646,-2.516825],[-44.057609,-2.516527],[-44.057403,-2.515964],[-44.057074,-2.515667],[-44.056552,-2.515424],[-44.056565,-2.515003],[-44.056506,-2.514568],[-44.056103,-2.514325],[-44.05619,-2.51406],[-44.056185,-2.513446],[-44.05597,-2.512974],[-44.055535,-2.51269],[-44.054867,-2.51248],[-44.054459,-2.512462],[-44.053997,-2.512399]]]}},{"type":"Feature","properties":{"cd_setor":"211120105000159","situacao":"Urbana","bairro":"","zona":"ZRI","area_m2":840130.0,"area_ha":84.013,"fonte":"IBGE, Censo 2022 — malha e agregados por setor","pessoas":356.0,"domicilios":151.0,"dom_particulares":151.0,"dom_coletivos":0.0,"moradores_por_dom":3.2,"pct_imputados":0.0531,"dom_ocupados":113.0,"dom_uso_ocasional":14.0,"dom_vagos":24.0,"dens_hab_ha":4.24,"dens_dom_ha":1.8,"pct_vagos":15.9,"pct_uso_ocasional":9.3,"pct_ocupados":74.8},"geometry":{"type":"Polygon","coordinates":[[[-44.058965,-2.520737],[-44.055733,-2.522841],[-44.053616,-2.523806],[-44.053248,-2.523976],[-44.052971,-2.52413],[-44.052839,-2.523983],[-44.052169,-2.523017],[-44.052081,-2.522891],[-44.05033,-2.520593],[-44.050268,-2.520511],[-44.049415,-2.519832],[-44.048706,-2.519456],[-44.048721,-2.519412],[-44.049021,-2.518995],[-44.049114,-2.518865],[-44.049202,-2.518746],[-44.049631,-2.518176],[-44.049721,-2.518048],[-44.049888,-2.517827],[-44.050007,-2.517668],[-44.050129,-2.517505],[-44.05024,-2.517362],[-44.050343,-2.517226],[-44.051213,-2.51604],[-44.051458,-2.515711],[-44.051746,-2.515313],[-44.051824,-2.515204],[-44.052331,-2.514503],[-44.052419,-2.514377],[-44.05262,-2.514103],[-44.052754,-2.513745],[-44.052823,-2.513557],[-44.053067,-2.512772],[-44.053135,-2.512552],[-44.053259,-2.512552],[-44.053539,-2.512698],[-44.053997,-2.512399],[-44.054459,-2.512462],[-44.054867,-2.51248],[-44.055535,-2.51269],[-44.05597,-2.512974],[-44.056185,-2.513446],[-44.05619,-2.51406],[-44.056103,-2.514325],[-44.056506,-2.514568],[-44.056565,-2.515003],[-44.056552,-2.515424],[-44.057074,-2.515667],[-44.057403,-2.515964],[-44.057609,-2.516527],[-44.057646,-2.516825],[-44.057669,-2.517155],[-44.057701,-2.517393],[-44.058145,-2.518025],[-44.058282,-2.518419],[-44.058392,-2.518794],[-44.058639,-2.519133],[-44.058585,-2.5196],[-44.058708,-2.520181],[-44.058965,-2.520737]]]}},{"type":"Feature","properties":{"cd_setor":"211120105000160","situacao":"Urbana","bairro":"São Raimundo","zona":"ZS","area_m2":92031.4,"area_ha":9.203,"fonte":"IBGE, Censo 2022 — malha e agregados por setor","pessoas":812.0,"domicilios":276.0,"dom_particulares":276.0,"dom_coletivos":0.0,"moradores_por_dom":3.3,"pct_imputados":0.0281,"dom_ocupados":249.0,"dom_uso_ocasional":4.0,"dom_vagos":23.0,"dens_hab_ha":88.23,"dens_dom_ha":29.99,"pct_vagos":8.3,"pct_uso_ocasional":1.4,"pct_ocupados":90.2},"geometry":{"type":"Polygon","coordinates":[[[-44.067541,-2.553206],[-44.067698,-2.553121],[-44.068253,-2.55284],[-44.068423,-2.552765],[-44.068773,-2.552612],[-44.068913,-2.55332],[-44.069261,-2.554985],[-44.06933,-2.555313],[-44.069434,-2.555943],[-44.069668,-2.557141],[-44.069533,-2.557123],[-44.0693,-2.557119],[-44.068699,-2.557084],[-44.068162,-2.557002],[-44.067781,-2.556948],[-44.067629,-2.556916],[-44.067504,-2.556856],[-44.067318,-2.556724],[-44.067158,-2.556591],[-44.067035,-2.556498],[-44.066981,-2.556458],[-44.067247,-2.555729],[-44.06738,-2.555315],[-44.067507,-2.554837],[-44.067571,-2.554662],[-44.067707,-2.554212],[-44.067727,-2.553945],[-44.067635,-2.553376],[-44.067541,-2.553206]]]}},{"type":"Feature","properties":{"cd_setor":"211120105000161","situacao":"Urbana","bairro":"São Raimundo","zona":"ZS","area_m2":66961.3,"area_ha":6.696,"fonte":"IBGE, Censo 2022 — malha e agregados por setor","pessoas":460.0,"domicilios":168.0,"dom_particulares":168.0,"dom_coletivos":0.0,"moradores_por_dom":3.1,"pct_imputados":0.02,"dom_ocupados":150.0,"dom_uso_ocasional":3.0,"dom_vagos":15.0,"dens_hab_ha":68.7,"dens_dom_ha":25.09,"pct_vagos":8.9,"pct_uso_ocasional":1.8,"pct_ocupados":89.3},"geometry":{"type":"Polygon","coordinates":[[[-44.066981,-2.556458],[-44.066698,-2.556252],[-44.066412,-2.55608],[-44.066104,-2.555919],[-44.065816,-2.555759],[-44.065537,-2.555637],[-44.065393,-2.555566],[-44.065191,-2.555422],[-44.064981,-2.555176],[-44.064874,-2.55501],[-44.064733,-2.554784],[-44.064567,-2.55453],[-44.064899,-2.554387],[-44.065508,-2.554143],[-44.066549,-2.553724],[-44.0669,-2.553554],[-44.067541,-2.553206],[-44.067635,-2.553376],[-44.067727,-2.553945],[-44.067707,-2.554212],[-44.067571,-2.554662],[-44.067507,-2.554837],[-44.06738,-2.555315],[-44.067247,-2.555729],[-44.066981,-2.556458]]]}},{"type":"Feature","properties":{"cd_setor":"211120105000162","situacao":"Urbana","bairro":"São Raimundo","zona":"ZEU","area_m2":206631.8,"area_ha":20.663,"fonte":"IBGE, Censo 2022 — malha e agregados por setor","pessoas":234.0,"domicilios":72.0,"dom_particulares":72.0,"dom_coletivos":0.0,"moradores_por_dom":3.6,"pct_imputados":0.0308,"dom_ocupados":65.0,"dom_uso_ocasional":4.0,"dom_vagos":3.0,"dens_hab_ha":11.32,"dens_dom_ha":3.48,"pct_vagos":4.2,"pct_uso_ocasional":5.6,"pct_ocupados":90.3},"geometry":{"type":"Polygon","coordinates":[[[-44.069739,-2.552256],[-44.069814,-2.552231],[-44.072283,-2.551394],[-44.072654,-2.551254],[-44.073546,-2.550964],[-44.073742,-2.550913],[-44.073907,-2.551602],[-44.073701,-2.552152],[-44.073684,-2.552335],[-44.073872,-2.552961],[-44.073892,-2.553166],[-44.073881,-2.553356],[-44.073867,-2.553626],[-44.073791,-2.553918],[-44.073734,-2.554162],[-44.073842,-2.554755],[-44.073874,-2.554906],[-44.073923,-2.555035],[-44.074275,-2.555527],[-44.074442,-2.555946],[-44.074327,-2.555958],[-44.073879,-2.55597],[-44.073561,-2.555959],[-44.073259,-2.556101],[-44.073132,-2.556214],[-44.073044,-2.556293],[-44.072854,-2.556522],[-44.072608,-2.556587],[-44.072389,-2.556515],[-44.072233,-2.55647],[-44.072075,-2.55641],[-44.071885,-2.556341],[-44.071494,-2.556276],[-44.071491,-2.556285],[-44.07125,-2.556206],[-44.07094,-2.556226],[-44.070984,-2.555939],[-44.071159,-2.555356],[-44.071171,-2.555175],[-44.071127,-2.55506],[-44.070877,-2.554521],[-44.070265,-2.554635],[-44.069739,-2.552256]]]}},{"type":"Feature","properties":{"cd_setor":"211120105000163","situacao":"Urbana","bairro":"São Raimundo","zona":"ZS","area_m2":111339.5,"area_ha":11.134,"fonte":"IBGE, Censo 2022 — malha e agregados por setor","pessoas":935.0,"domicilios":328.0,"dom_particulares":328.0,"dom_coletivos":0.0,"moradores_por_dom":3.2,"pct_imputados":0.0035,"dom_ocupados":289.0,"dom_uso_ocasional":4.0,"dom_vagos":35.0,"dens_hab_ha":83.98,"dens_dom_ha":29.46,"pct_vagos":10.7,"pct_uso_ocasional":1.2,"pct_ocupados":88.1},"geometry":{"type":"Polygon","coordinates":[[[-44.071491,-2.556285],[-44.071464,-2.556366],[-44.071082,-2.557518],[-44.07056,-2.559224],[-44.070279,-2.559213],[-44.069944,-2.55925],[-44.069807,-2.558779],[-44.069721,-2.558402],[-44.069736,-2.557968],[-44.069731,-2.557385],[-44.069736,-2.557182],[-44.069668,-2.557141],[-44.069434,-2.555943],[-44.06933,-2.555313],[-44.069261,-2.554985],[-44.068913,-2.55332],[-44.068773,-2.552612],[-44.069281,-2.552407],[-44.069628,-2.552293],[-44.069739,-2.552256],[-44.070265,-2.554635],[-44.070877,-2.554521],[-44.071127,-2.55506],[-44.071171,-2.555175],[-44.071159,-2.555356],[-44.070984,-2.555939],[-44.07094,-2.556226],[-44.07125,-2.556206],[-44.071491,-2.556285]]]}},{"type":"Feature","properties":{"cd_setor":"211120105000164","situacao":"Urbana","bairro":"Moropóia","zona":"ZS","area_m2":164652.3,"area_ha":16.465,"fonte":"IBGE, Censo 2022 — malha e agregados por setor","pessoas":591.0,"domicilios":218.0,"dom_particulares":218.0,"dom_coletivos":0.0,"moradores_por_dom":3.5,"pct_imputados":0.0176,"dom_ocupados":170.0,"dom_uso_ocasional":13.0,"dom_vagos":35.0,"dens_hab_ha":35.89,"dens_dom_ha":13.24,"pct_vagos":16.1,"pct_uso_ocasional":6.0,"pct_ocupados":78.0},"geometry":{"type":"Polygon","coordinates":[[[-44.061232,-2.549343],[-44.061235,-2.549273],[-44.06121,-2.549005],[-44.061196,-2.548745],[-44.061184,-2.548477],[-44.061181,-2.548106],[-44.061093,-2.547799],[-44.061056,-2.547624],[-44.060992,-2.547445],[-44.060853,-2.547232],[-44.061425,-2.547143],[-44.061874,-2.547083],[-44.062234,-2.547022],[-44.062532,-2.546975],[-44.063093,-2.546774],[-44.063335,-2.546538],[-44.06363,-2.546164],[-44.064029,-2.546652],[-44.06455,-2.547263],[-44.064583,-2.547303],[-44.064696,-2.547442],[-44.06533,-2.548145],[-44.065752,-2.548592],[-44.065905,-2.54878],[-44.065339,-2.549249],[-44.064541,-2.549939],[-44.064046,-2.550413],[-44.063508,-2.550916],[-44.062713,-2.551602],[-44.062693,-2.550762],[-44.062648,-2.549862],[-44.062283,-2.549748],[-44.061764,-2.549536],[-44.061232,-2.549343]]]}},{"type":"Feature","properties":{"cd_setor":"211120105000165","situacao":"Urbana","bairro":"Moropóia","zona":"ZS","area_m2":97193.3,"area_ha":9.719,"fonte":"IBGE, Censo 2022 — malha e agregados por setor","pessoas":624.0,"domicilios":211.0,"dom_particulares":211.0,"dom_coletivos":0.0,"moradores_por_dom":3.5,"pct_imputados":0.0393,"dom_ocupados":178.0,"dom_uso_ocasional":10.0,"dom_vagos":23.0,"dens_hab_ha":64.2,"dens_dom_ha":21.71,"pct_vagos":10.9,"pct_uso_ocasional":4.7,"pct_ocupados":84.4},"geometry":{"type":"Polygon","coordinates":[[[-44.062713,-2.551602],[-44.062712,-2.551603],[-44.062416,-2.551856],[-44.061823,-2.552377],[-44.06165,-2.55252],[-44.061064,-2.553072],[-44.060471,-2.553611],[-44.060321,-2.553726],[-44.060044,-2.55336],[-44.059738,-2.552942],[-44.059318,-2.552414],[-44.059516,-2.552072],[-44.059857,-2.551564],[-44.060009,-2.551342],[-44.060329,-2.550952],[-44.060526,-2.550745],[-44.060865,-2.550388],[-44.06115,-2.549982],[-44.061216,-2.549717],[-44.061232,-2.549343],[-44.061764,-2.549536],[-44.062283,-2.549748],[-44.062648,-2.549862],[-44.062693,-2.550762],[-44.062713,-2.551602]]]}},{"type":"Feature","properties":{"cd_setor":"211120105000166","situacao":"Urbana","bairro":"","zona":"ZS","area_m2":59514.2,"area_ha":5.951,"fonte":"IBGE, Censo 2022 — malha e agregados por setor","pessoas":489.0,"domicilios":161.0,"dom_particulares":161.0,"dom_coletivos":0.0,"moradores_por_dom":3.5,"pct_imputados":0.0,"dom_ocupados":140.0,"dom_uso_ocasional":6.0,"dom_vagos":15.0,"dens_hab_ha":82.17,"dens_dom_ha":27.05,"pct_vagos":9.3,"pct_uso_ocasional":3.7,"pct_ocupados":87.0},"geometry":{"type":"Polygon","coordinates":[[[-44.05587,-2.552475],[-44.055875,-2.552468],[-44.055857,-2.552453],[-44.055869,-2.55245],[-44.056085,-2.552051],[-44.056412,-2.551529],[-44.056608,-2.551261],[-44.05675,-2.551149],[-44.056781,-2.551133],[-44.057047,-2.551],[-44.057642,-2.551],[-44.057808,-2.551077],[-44.058002,-2.551229],[-44.057974,-2.551274],[-44.057535,-2.552221],[-44.057479,-2.552341],[-44.057795,-2.552592],[-44.05815,-2.553035],[-44.058781,-2.5537],[-44.058292,-2.55416],[-44.057956,-2.554489],[-44.05699,-2.553548],[-44.056965,-2.553523],[-44.056961,-2.553533],[-44.05587,-2.552475]]]}},{"type":"Feature","properties":{"cd_setor":"211120105000167","situacao":"Urbana","bairro":"","zona":"ZS","area_m2":36109.6,"area_ha":3.611,"fonte":"IBGE, Censo 2022 — malha e agregados por setor","pessoas":388.0,"domicilios":151.0,"dom_particulares":151.0,"dom_coletivos":0.0,"moradores_por_dom":3.2,"pct_imputados":0.0163,"dom_ocupados":123.0,"dom_uso_ocasional":5.0,"dom_vagos":23.0,"dens_hab_ha":107.45,"dens_dom_ha":41.82,"pct_vagos":15.2,"pct_uso_ocasional":3.3,"pct_ocupados":81.5},"geometry":{"type":"Polygon","coordinates":[[[-44.056961,-2.553533],[-44.056686,-2.5542],[-44.056396,-2.554966],[-44.056328,-2.555142],[-44.05599,-2.555024],[-44.055636,-2.554878],[-44.055312,-2.554781],[-44.055326,-2.554658],[-44.05533,-2.55443],[-44.055257,-2.554302],[-44.055058,-2.554202],[-44.055132,-2.553999],[-44.05531,-2.553672],[-44.055425,-2.553209],[-44.0555,-2.553029],[-44.055612,-2.552882],[-44.055625,-2.552865],[-44.05587,-2.552475],[-44.056961,-2.553533]]]}},{"type":"Feature","properties":{"cd_setor":"211120105000168","situacao":"Urbana","bairro":"Panaquatira","zona":"ZDU - P","area_m2":463056.0,"area_ha":46.306,"fonte":"IBGE, Censo 2022 — malha e agregados por setor","pessoas":280.0,"domicilios":146.0,"dom_particulares":146.0,"dom_coletivos":0.0,"moradores_por_dom":3.3,"pct_imputados":0.0698,"dom_ocupados":86.0,"dom_uso_ocasional":31.0,"dom_vagos":29.0,"dens_hab_ha":6.05,"dens_dom_ha":3.15,"pct_vagos":19.9,"pct_uso_ocasional":21.2,"pct_ocupados":58.9},"geometry":{"type":"Polygon","coordinates":[[[-44.02672,-2.516541],[-44.026601,-2.516164],[-44.02638,-2.515723],[-44.026028,-2.515117],[-44.025192,-2.514377],[-44.024875,-2.514048],[-44.024399,-2.513537],[-44.024191,-2.51313],[-44.024065,-2.512635],[-44.023922,-2.511969],[-44.023913,-2.511878],[-44.024721,-2.511562],[-44.026248,-2.510928],[-44.027787,-2.510264],[-44.029623,-2.509539],[-44.031844,-2.508658],[-44.032588,-2.510253],[-44.03327,-2.511703],[-44.03202,-2.512645],[-44.031665,-2.51293],[-44.031255,-2.513226],[-44.030757,-2.513636],[-44.029144,-2.514867],[-44.028094,-2.515654],[-44.027951,-2.515748],[-44.027718,-2.515922],[-44.02672,-2.516541]]]}},{"type":"Feature","properties":{"cd_setor":"211120105000169","situacao":"Urbana","bairro":"Panaquatira","zona":"ZDU - P","area_m2":404045.4,"area_ha":40.405,"fonte":"IBGE, Censo 2022 — malha e agregados por setor","pessoas":463.0,"domicilios":229.0,"dom_particulares":229.0,"dom_coletivos":0.0,"moradores_por_dom":3.3,"pct_imputados":0.0496,"dom_ocupados":141.0,"dom_uso_ocasional":49.0,"dom_vagos":39.0,"dens_hab_ha":11.46,"dens_dom_ha":5.67,"pct_vagos":17.0,"pct_uso_ocasional":21.4,"pct_ocupados":61.6},"geometry":{"type":"Polygon","coordinates":[[[-44.03327,-2.511703],[-44.033818,-2.51287],[-44.034374,-2.514084],[-44.034698,-2.514532],[-44.034939,-2.51468],[-44.035256,-2.514835],[-44.033594,-2.516344],[-44.029839,-2.519284],[-44.029346,-2.519782],[-44.027839,-2.520632],[-44.027843,-2.520578],[-44.027831,-2.519768],[-44.027788,-2.51925],[-44.027712,-2.518776],[-44.027472,-2.51816],[-44.027102,-2.51749],[-44.02684,-2.51692],[-44.02672,-2.516541],[-44.027718,-2.515922],[-44.027951,-2.515748],[-44.028094,-2.515654],[-44.029144,-2.514867],[-44.030757,-2.513636],[-44.031255,-2.513226],[-44.031665,-2.51293],[-44.03202,-2.512645],[-44.03327,-2.511703]]]}},{"type":"Feature","properties":{"cd_setor":"211120105000170","situacao":"Urbana","bairro":"Itapary","zona":"ZDU - P","area_m2":1425394.8,"area_ha":142.539,"fonte":"IBGE, Censo 2022 — malha e agregados por setor","pessoas":286.0,"domicilios":175.0,"dom_particulares":175.0,"dom_coletivos":0.0,"moradores_por_dom":3.8,"pct_imputados":0.2763,"dom_ocupados":76.0,"dom_uso_ocasional":53.0,"dom_vagos":46.0,"dens_hab_ha":2.01,"dens_dom_ha":1.23,"pct_vagos":26.3,"pct_uso_ocasional":30.3,"pct_ocupados":43.4},"geometry":{"type":"Polygon","coordinates":[[[-44.027406,-2.524485],[-44.027442,-2.524262],[-44.02761,-2.522938],[-44.027769,-2.52163],[-44.027839,-2.520632],[-44.029346,-2.519782],[-44.029839,-2.519284],[-44.033594,-2.516344],[-44.035256,-2.514835],[-44.035291,-2.514829],[-44.036631,-2.51529],[-44.040016,-2.516422],[-44.045123,-2.518224],[-44.046184,-2.518588],[-44.048696,-2.51945],[-44.048706,-2.519456],[-44.049415,-2.519832],[-44.050268,-2.520511],[-44.05033,-2.520593],[-44.050221,-2.520709],[-44.049968,-2.520789],[-44.049454,-2.520867],[-44.046529,-2.521385],[-44.045033,-2.521636],[-44.043785,-2.521873],[-44.042311,-2.522125],[-44.041692,-2.522243],[-44.04055,-2.522439],[-44.038947,-2.522732],[-44.037412,-2.523031],[-44.035033,-2.52346],[-44.033842,-2.523689],[-44.031776,-2.524043],[-44.031189,-2.524152],[-44.029847,-2.524378],[-44.029748,-2.524403],[-44.029251,-2.524439],[-44.027406,-2.524485]]]}},{"type":"Feature","properties":{"cd_setor":"211120105000171","situacao":"Urbana","bairro":"Itapary","zona":"ZDU - P","area_m2":879222.8,"area_ha":87.922,"fonte":"IBGE, Censo 2022 — malha e agregados por setor","pessoas":209.0,"domicilios":188.0,"dom_particulares":188.0,"dom_coletivos":0.0,"moradores_por_dom":3.0,"pct_imputados":0.5286,"dom_ocupados":70.0,"dom_uso_ocasional":59.0,"dom_vagos":59.0,"dens_hab_ha":2.38,"dens_dom_ha":2.14,"pct_vagos":31.4,"pct_uso_ocasional":31.4,"pct_ocupados":37.2},"geometry":{"type":"Polygon","coordinates":[[[-44.05033,-2.520593],[-44.052081,-2.522891],[-44.052169,-2.523017],[-44.051347,-2.52313],[-44.050651,-2.523274],[-44.048999,-2.523614],[-44.047563,-2.523871],[-44.045827,-2.524182],[-44.043503,-2.524597],[-44.04064,-2.525098],[-44.040799,-2.525916],[-44.040784,-2.525919],[-44.038153,-2.526458],[-44.035651,-2.526954],[-44.03314,-2.527386],[-44.032952,-2.526485],[-44.030812,-2.526863],[-44.028321,-2.527314],[-44.028143,-2.527332],[-44.027042,-2.527446],[-44.027118,-2.526572],[-44.027132,-2.526503],[-44.027303,-2.525122],[-44.027406,-2.524485],[-44.029251,-2.524439],[-44.029748,-2.524403],[-44.029847,-2.524378],[-44.031189,-2.524152],[-44.031776,-2.524043],[-44.033842,-2.523689],[-44.035033,-2.52346],[-44.037412,-2.523031],[-44.038947,-2.522732],[-44.04055,-2.522439],[-44.041692,-2.522243],[-44.042311,-2.522125],[-44.043785,-2.521873],[-44.045033,-2.521636],[-44.046529,-2.521385],[-44.049454,-2.520867],[-44.049968,-2.520789],[-44.050221,-2.520709],[-44.05033,-2.520593]]]}},{"type":"Feature","properties":{"cd_setor":"211120105000172","situacao":"Urbana","bairro":"Outeiro","zona":"ZS","area_m2":70011.6,"area_ha":7.001,"fonte":"IBGE, Censo 2022 — malha e agregados por setor","pessoas":466.0,"domicilios":190.0,"dom_particulares":190.0,"dom_coletivos":0.0,"moradores_por_dom":2.9,"pct_imputados":0.0123,"dom_ocupados":162.0,"dom_uso_ocasional":8.0,"dom_vagos":20.0,"dens_hab_ha":66.56,"dens_dom_ha":27.14,"pct_vagos":10.5,"pct_uso_ocasional":4.2,"pct_ocupados":85.3},"geometry":{"type":"Polygon","coordinates":[[[-44.068423,-2.552765],[-44.068253,-2.55284],[-44.067698,-2.553121],[-44.067541,-2.553206],[-44.0669,-2.553554],[-44.066549,-2.553724],[-44.065508,-2.554143],[-44.065462,-2.553761],[-44.065383,-2.552868],[-44.065687,-2.552698],[-44.065637,-2.552385],[-44.065644,-2.552246],[-44.065706,-2.552011],[-44.065872,-2.551824],[-44.066106,-2.551643],[-44.066237,-2.551542],[-44.066384,-2.551457],[-44.066621,-2.551239],[-44.067045,-2.551025],[-44.067311,-2.550907],[-44.067638,-2.551585],[-44.067753,-2.551556],[-44.067965,-2.551479],[-44.068195,-2.55196],[-44.068284,-2.55226],[-44.068326,-2.552374],[-44.068423,-2.552765]]]}},{"type":"Feature","properties":{"cd_setor":"211120105000173","situacao":"Urbana","bairro":"Outeiro","zona":"ZS","area_m2":37302.0,"area_ha":3.73,"fonte":"IBGE, Censo 2022 — malha e agregados por setor","pessoas":158.0,"domicilios":63.0,"dom_particulares":63.0,"dom_coletivos":0.0,"moradores_por_dom":3.0,"pct_imputados":0.0189,"dom_ocupados":53.0,"dom_uso_ocasional":1.0,"dom_vagos":9.0,"dens_hab_ha":42.36,"dens_dom_ha":16.89,"pct_vagos":14.3,"pct_uso_ocasional":1.6,"pct_ocupados":84.1},"geometry":{"type":"Polygon","coordinates":[[[-44.067965,-2.551479],[-44.067979,-2.551473],[-44.067913,-2.551303],[-44.067703,-2.550747],[-44.067554,-2.550029],[-44.067548,-2.549924],[-44.06751,-2.549317],[-44.068163,-2.54922],[-44.068196,-2.54931],[-44.068318,-2.549646],[-44.068806,-2.551084],[-44.069281,-2.552407],[-44.068773,-2.552612],[-44.068423,-2.552765],[-44.068326,-2.552374],[-44.068284,-2.55226],[-44.068195,-2.55196],[-44.067965,-2.551479]]]}},{"type":"Feature","properties":{"cd_setor":"211120105000174","situacao":"Urbana","bairro":"Panaquatira","zona":"ZDU - P","area_m2":572843.0,"area_ha":57.284,"fonte":"IBGE, Censo 2022 — malha e agregados por setor","pessoas":345.0,"domicilios":146.0,"dom_particulares":146.0,"dom_coletivos":0.0,"moradores_por_dom":3.1,"pct_imputados":0.0265,"dom_ocupados":113.0,"dom_uso_ocasional":19.0,"dom_vagos":14.0,"dens_hab_ha":6.02,"dens_dom_ha":2.55,"pct_vagos":9.6,"pct_uso_ocasional":13.0,"pct_ocupados":77.4},"geometry":{"type":"Polygon","coordinates":[[[-44.038982,-2.504412],[-44.039517,-2.504714],[-44.041895,-2.505844],[-44.041547,-2.506622],[-44.040399,-2.507037],[-44.039447,-2.508309],[-44.039295,-2.508438],[-44.039143,-2.508551],[-44.039008,-2.508666],[-44.038894,-2.508704],[-44.038713,-2.508799],[-44.038594,-2.5089],[-44.038477,-2.508984],[-44.038359,-2.509191],[-44.03835,-2.509308],[-44.038319,-2.509413],[-44.03824,-2.509461],[-44.038121,-2.509472],[-44.038037,-2.509573],[-44.037944,-2.509662],[-44.037822,-2.509705],[-44.037701,-2.509738],[-44.037594,-2.509729],[-44.037575,-2.509825],[-44.037677,-2.509898],[-44.037648,-2.509981],[-44.037576,-2.510072],[-44.037482,-2.510172],[-44.037442,-2.510265],[-44.037509,-2.510357],[-44.037491,-2.510452],[-44.037337,-2.510493],[-44.037218,-2.510494],[-44.037101,-2.510484],[-44.036962,-2.510472],[-44.036863,-2.510497],[-44.036745,-2.510497],[-44.036656,-2.510533],[-44.036442,-2.510644],[-44.036359,-2.510734],[-44.036351,-2.51083],[-44.036411,-2.510889],[-44.036466,-2.511001],[-44.036466,-2.51113],[-44.036456,-2.511258],[-44.036447,-2.511365],[-44.036436,-2.511493],[-44.036384,-2.511607],[-44.03629,-2.511696],[-44.036281,-2.511813],[-44.03636,-2.511895],[-44.036415,-2.512007],[-44.036482,-2.512109],[-44.036538,-2.512211],[-44.036583,-2.512322],[-44.036649,-2.512435],[-44.036738,-2.512528],[-44.036804,-2.512641],[-44.036858,-2.512764],[-44.036914,-2.512865],[-44.03697,-2.512967],[-44.037049,-2.513048],[-44.03714,-2.51312],[-44.036975,-2.513165],[-44.036857,-2.513166],[-44.036688,-2.513131],[-44.036531,-2.513075],[-44.036298,-2.513034],[-44.036212,-2.513027],[-44.035291,-2.514829],[-44.035256,-2.514835],[-44.034939,-2.51468],[-44.034698,-2.514532],[-44.034374,-2.514084],[-44.033818,-2.51287],[-44.03327,-2.511703],[-44.032588,-2.510253],[-44.031844,-2.508658],[-44.031656,-2.508255],[-44.031444,-2.507804],[-44.032018,-2.507532],[-44.033654,-2.506824],[-44.034328,-2.506503],[-44.034859,-2.506275],[-44.035886,-2.505817],[-44.037415,-2.505168],[-44.037827,-2.504948],[-44.038982,-2.504412]]]}},{"type":"Feature","properties":{"cd_setor":"211120105000175","situacao":"Urbana","bairro":"Panaquatira","zona":"ZDU - P","area_m2":437285.7,"area_ha":43.729,"fonte":"IBGE, Censo 2022 — malha e agregados por setor","pessoas":309.0,"domicilios":139.0,"dom_particulares":139.0,"dom_coletivos":0.0,"moradores_por_dom":3.4,"pct_imputados":0.0543,"dom_ocupados":92.0,"dom_uso_ocasional":22.0,"dom_vagos":25.0,"dens_hab_ha":7.07,"dens_dom_ha":3.18,"pct_vagos":18.0,"pct_uso_ocasional":15.8,"pct_ocupados":66.2},"geometry":{"type":"Polygon","coordinates":[[[-44.031444,-2.507804],[-44.030667,-2.506154],[-44.029315,-2.50318],[-44.029615,-2.503],[-44.030067,-2.50259],[-44.030572,-2.502038],[-44.031065,-2.501349],[-44.03135,-2.500857],[-44.031633,-2.50044],[-44.032702,-2.500975],[-44.032834,-2.501032],[-44.03294,-2.501093],[-44.035114,-2.502286],[-44.038062,-2.503895],[-44.038982,-2.504412],[-44.037827,-2.504948],[-44.037415,-2.505168],[-44.035886,-2.505817],[-44.034859,-2.506275],[-44.034328,-2.506503],[-44.033654,-2.506824],[-44.032018,-2.507532],[-44.031444,-2.507804]]]}},{"type":"Feature","properties":{"cd_setor":"211120105000176","situacao":"Urbana","bairro":"Itapary","zona":"ZDU - P","area_m2":1859440.5,"area_ha":185.944,"fonte":"IBGE, Censo 2022 — malha e agregados por setor","pessoas":103.0,"domicilios":120.0,"dom_particulares":120.0,"dom_coletivos":0.0,"moradores_por_dom":3.0,"pct_imputados":0.2059,"dom_ocupados":34.0,"dom_uso_ocasional":26.0,"dom_vagos":60.0,"dens_hab_ha":0.55,"dens_dom_ha":0.65,"pct_vagos":50.0,"pct_uso_ocasional":21.7,"pct_ocupados":28.3},"geometry":{"type":"Polygon","coordinates":[[[-44.046912,-2.527321],[-44.047021,-2.527964],[-44.047142,-2.528605],[-44.04723,-2.529222],[-44.047356,-2.529835],[-44.047486,-2.530457],[-44.047565,-2.531035],[-44.047532,-2.531079],[-44.047654,-2.531703],[-44.046582,-2.531925],[-44.042951,-2.532726],[-44.042434,-2.532785],[-44.042297,-2.532945],[-44.042327,-2.533052],[-44.043183,-2.537421],[-44.040717,-2.538074],[-44.036991,-2.53906],[-44.036326,-2.539481],[-44.035886,-2.539618],[-44.034315,-2.539612],[-44.034315,-2.539385],[-44.034345,-2.538302],[-44.034305,-2.53719],[-44.034392,-2.536206],[-44.034267,-2.535052],[-44.034059,-2.533998],[-44.033751,-2.533253],[-44.033288,-2.532592],[-44.032499,-2.53218],[-44.031908,-2.53201],[-44.031359,-2.531798],[-44.031107,-2.531503],[-44.030772,-2.530995],[-44.030512,-2.530609],[-44.029963,-2.530305],[-44.029457,-2.530108],[-44.028903,-2.530037],[-44.028361,-2.530036],[-44.027832,-2.530131],[-44.027457,-2.530061],[-44.027223,-2.529645],[-44.026946,-2.528911],[-44.027004,-2.527914],[-44.027004,-2.527886],[-44.027042,-2.527446],[-44.028143,-2.527332],[-44.028321,-2.527314],[-44.030812,-2.526863],[-44.032952,-2.526485],[-44.03314,-2.527386],[-44.035651,-2.526954],[-44.038153,-2.526458],[-44.040784,-2.525919],[-44.040804,-2.525967],[-44.040964,-2.526739],[-44.041213,-2.528304],[-44.042557,-2.528081],[-44.04325,-2.52795],[-44.045326,-2.527579],[-44.046912,-2.527321]]]}},{"type":"Feature","properties":{"cd_setor":"211120105000177","situacao":"Urbana","bairro":"Itapary","zona":"ZDU - P","area_m2":503045.5,"area_ha":50.305,"fonte":"IBGE, Censo 2022 — malha e agregados por setor","pessoas":108.0,"domicilios":140.0,"dom_particulares":140.0,"dom_coletivos":0.0,"moradores_por_dom":3.0,"pct_imputados":0.1944,"dom_ocupados":36.0,"dom_uso_ocasional":34.0,"dom_vagos":70.0,"dens_hab_ha":2.15,"dens_dom_ha":2.78,"pct_vagos":50.0,"pct_uso_ocasional":24.3,"pct_ocupados":25.7},"geometry":{"type":"Polygon","coordinates":[[[-44.040784,-2.525919],[-44.040799,-2.525916],[-44.04064,-2.525098],[-44.043503,-2.524597],[-44.045827,-2.524182],[-44.047563,-2.523871],[-44.048999,-2.523614],[-44.050651,-2.523274],[-44.051347,-2.52313],[-44.052169,-2.523017],[-44.052839,-2.523983],[-44.052971,-2.52413],[-44.05436,-2.525981],[-44.053429,-2.526051],[-44.051609,-2.526492],[-44.051085,-2.526587],[-44.049512,-2.526828],[-44.049023,-2.526956],[-44.047741,-2.527157],[-44.046909,-2.527304],[-44.046912,-2.527321],[-44.045326,-2.527579],[-44.04325,-2.52795],[-44.042557,-2.528081],[-44.041213,-2.528304],[-44.040964,-2.526739],[-44.040804,-2.525967],[-44.040784,-2.525919]]]}},{"type":"Feature","properties":{"cd_setor":"211120105000178","situacao":"Urbana","bairro":"São Raimundo","zona":"ZS","area_m2":134654.4,"area_ha":13.465,"fonte":"IBGE, Censo 2022 — malha e agregados por setor","pessoas":364.0,"domicilios":131.0,"dom_particulares":131.0,"dom_coletivos":0.0,"moradores_por_dom":3.3,"pct_imputados":0.0089,"dom_ocupados":112.0,"dom_uso_ocasional":15.0,"dom_vagos":4.0,"dens_hab_ha":27.03,"dens_dom_ha":9.73,"pct_vagos":3.1,"pct_uso_ocasional":11.5,"pct_ocupados":85.5},"geometry":{"type":"Polygon","coordinates":[[[-44.065556,-2.557554],[-44.065565,-2.557561],[-44.066698,-2.556252],[-44.066981,-2.556458],[-44.067035,-2.556498],[-44.067158,-2.556591],[-44.067318,-2.556724],[-44.067504,-2.556856],[-44.067629,-2.556916],[-44.067781,-2.556948],[-44.068162,-2.557002],[-44.068699,-2.557084],[-44.0693,-2.557119],[-44.069533,-2.557123],[-44.069668,-2.557141],[-44.069736,-2.557182],[-44.069731,-2.557385],[-44.069736,-2.557968],[-44.069721,-2.558402],[-44.069807,-2.558779],[-44.069944,-2.55925],[-44.069584,-2.559286],[-44.069287,-2.559286],[-44.06889,-2.559371],[-44.068791,-2.559384],[-44.068782,-2.559385],[-44.068642,-2.559402],[-44.068605,-2.55939],[-44.068456,-2.559334],[-44.068437,-2.559327],[-44.068221,-2.559246],[-44.067988,-2.559219],[-44.067949,-2.559215],[-44.067585,-2.559245],[-44.067189,-2.559294],[-44.066755,-2.559318],[-44.06646,-2.559386],[-44.065956,-2.559449],[-44.065873,-2.559459],[-44.065854,-2.559472],[-44.065434,-2.559639],[-44.065159,-2.559724],[-44.065061,-2.55974],[-44.065138,-2.558163],[-44.065294,-2.558187],[-44.065458,-2.557736],[-44.065523,-2.557665],[-44.065556,-2.557554]]]}},{"type":"Feature","properties":{"cd_setor":"211120105000179","situacao":"Urbana","bairro":"São Raimundo","zona":"ZS","area_m2":102396.6,"area_ha":10.24,"fonte":"IBGE, Censo 2022 — malha e agregados por setor","pessoas":416.0,"domicilios":143.0,"dom_particulares":143.0,"dom_coletivos":0.0,"moradores_por_dom":3.6,"pct_imputados":0.0259,"dom_ocupados":116.0,"dom_uso_ocasional":15.0,"dom_vagos":12.0,"dens_hab_ha":40.63,"dens_dom_ha":13.97,"pct_vagos":8.4,"pct_uso_ocasional":10.5,"pct_ocupados":81.1},"geometry":{"type":"Polygon","coordinates":[[[-44.065061,-2.55974],[-44.065058,-2.559741],[-44.0649,-2.559767],[-44.064443,-2.559773],[-44.064432,-2.559773],[-44.064396,-2.559781],[-44.064181,-2.559802],[-44.063901,-2.559629],[-44.063621,-2.55955],[-44.063198,-2.559557],[-44.063195,-2.559558],[-44.06274,-2.559697],[-44.062645,-2.559726],[-44.062571,-2.559749],[-44.062506,-2.55977],[-44.062419,-2.559799],[-44.06236,-2.559817],[-44.062348,-2.55982],[-44.062198,-2.559902],[-44.06218,-2.559856],[-44.062265,-2.559562],[-44.062369,-2.559212],[-44.06229,-2.559022],[-44.062258,-2.558711],[-44.062289,-2.558388],[-44.062436,-2.557964],[-44.062497,-2.557686],[-44.062482,-2.557262],[-44.062536,-2.556969],[-44.062667,-2.5568],[-44.062829,-2.556545],[-44.062838,-2.556347],[-44.06301,-2.55645],[-44.063233,-2.556536],[-44.063692,-2.556691],[-44.063782,-2.556701],[-44.06386,-2.556674],[-44.064031,-2.556613],[-44.064721,-2.556959],[-44.065006,-2.557088],[-44.064997,-2.557164],[-44.065364,-2.55742],[-44.065556,-2.557554],[-44.065523,-2.557665],[-44.065458,-2.557736],[-44.065294,-2.558187],[-44.065138,-2.558163],[-44.065061,-2.55974]]]}},{"type":"Feature","properties":{"cd_setor":"211120105000180","situacao":"Urbana","bairro":"J. Câmara","zona":"ZS","area_m2":89469.1,"area_ha":8.947,"fonte":"IBGE, Censo 2022 — malha e agregados por setor","pessoas":636.0,"domicilios":204.0,"dom_particulares":204.0,"dom_coletivos":0.0,"moradores_por_dom":3.4,"pct_imputados":0.0749,"dom_ocupados":187.0,"dom_uso_ocasional":1.0,"dom_vagos":16.0,"dens_hab_ha":71.09,"dens_dom_ha":22.8,"pct_vagos":7.8,"pct_uso_ocasional":0.5,"pct_ocupados":91.7},"geometry":{"type":"Polygon","coordinates":[[[-44.071269,-2.548508],[-44.071196,-2.54852],[-44.071102,-2.548837],[-44.07096,-2.549321],[-44.070576,-2.549304],[-44.069392,-2.549251],[-44.068181,-2.549198],[-44.068163,-2.54922],[-44.068135,-2.549145],[-44.06797,-2.548569],[-44.067802,-2.548555],[-44.067703,-2.548431],[-44.067541,-2.548171],[-44.067518,-2.547777],[-44.068456,-2.547218],[-44.069813,-2.546401],[-44.07011,-2.546886],[-44.070403,-2.547304],[-44.070662,-2.547484],[-44.070835,-2.547539],[-44.070955,-2.547557],[-44.071135,-2.547623],[-44.071159,-2.547651],[-44.071182,-2.547732],[-44.071221,-2.54798],[-44.071269,-2.548508]]]}},{"type":"Feature","properties":{"cd_setor":"211120105000181","situacao":"Urbana","bairro":"J. Câmara","zona":"ZS","area_m2":61025.2,"area_ha":6.103,"fonte":"IBGE, Censo 2022 — malha e agregados por setor","pessoas":428.0,"domicilios":138.0,"dom_particulares":138.0,"dom_coletivos":0.0,"moradores_por_dom":3.4,"pct_imputados":0.064,"dom_ocupados":125.0,"dom_uso_ocasional":1.0,"dom_vagos":12.0,"dens_hab_ha":70.13,"dens_dom_ha":22.61,"pct_vagos":8.7,"pct_uso_ocasional":0.7,"pct_ocupados":90.6},"geometry":{"type":"Polygon","coordinates":[[[-44.069813,-2.546401],[-44.071441,-2.54542],[-44.071638,-2.545295],[-44.071727,-2.545233],[-44.071862,-2.545154],[-44.071937,-2.545099],[-44.071957,-2.545155],[-44.072014,-2.545344],[-44.072092,-2.54564],[-44.07241,-2.546611],[-44.072573,-2.547087],[-44.072669,-2.547202],[-44.072685,-2.547215],[-44.071925,-2.547753],[-44.072124,-2.54811],[-44.072017,-2.548233],[-44.071867,-2.548407],[-44.071683,-2.548438],[-44.07144,-2.548479],[-44.071269,-2.548508],[-44.071221,-2.54798],[-44.071182,-2.547732],[-44.071159,-2.547651],[-44.071135,-2.547623],[-44.070955,-2.547557],[-44.070835,-2.547539],[-44.070662,-2.547484],[-44.070403,-2.547304],[-44.07011,-2.546886],[-44.069813,-2.546401]]]}},{"type":"Feature","properties":{"cd_setor":"211120105000182","situacao":"Urbana","bairro":"J. Câmara","zona":"ZS","area_m2":86064.4,"area_ha":8.606,"fonte":"IBGE, Censo 2022 — malha e agregados por setor","pessoas":334.0,"domicilios":132.0,"dom_particulares":132.0,"dom_coletivos":0.0,"moradores_por_dom":3.0,"pct_imputados":0.009,"dom_ocupados":111.0,"dom_uso_ocasional":2.0,"dom_vagos":19.0,"dens_hab_ha":38.81,"dens_dom_ha":15.34,"pct_vagos":14.4,"pct_uso_ocasional":1.5,"pct_ocupados":84.1},"geometry":{"type":"Polygon","coordinates":[[[-44.068299,-2.545061],[-44.068214,-2.545122],[-44.067753,-2.545418],[-44.067138,-2.545817],[-44.067125,-2.54577],[-44.067003,-2.545247],[-44.066951,-2.544993],[-44.066727,-2.543926],[-44.06666,-2.543653],[-44.066531,-2.542973],[-44.066341,-2.542108],[-44.066258,-2.541695],[-44.066176,-2.54141],[-44.066069,-2.541108],[-44.066136,-2.541003],[-44.066426,-2.54053],[-44.066454,-2.540486],[-44.067008,-2.541167],[-44.067127,-2.54129],[-44.067992,-2.542354],[-44.068508,-2.542645],[-44.068491,-2.543268],[-44.068414,-2.543265],[-44.068419,-2.543655],[-44.068446,-2.543896],[-44.06842,-2.544397],[-44.068299,-2.545061]]]}},{"type":"Feature","properties":{"cd_setor":"211120105000183","situacao":"Urbana","bairro":"J. Câmara","zona":"ZS","area_m2":60982.1,"area_ha":6.098,"fonte":"IBGE, Censo 2022 — malha e agregados por setor","pessoas":383.0,"domicilios":126.0,"dom_particulares":126.0,"dom_coletivos":0.0,"moradores_por_dom":3.5,"pct_imputados":0.0545,"dom_ocupados":110.0,"dom_uso_ocasional":0.0,"dom_vagos":16.0,"dens_hab_ha":62.81,"dens_dom_ha":20.66,"pct_vagos":12.7,"pct_uso_ocasional":0.0,"pct_ocupados":87.3},"geometry":{"type":"Polygon","coordinates":[[[-44.066454,-2.540486],[-44.066733,-2.540052],[-44.066887,-2.539777],[-44.067081,-2.540001],[-44.067409,-2.54038],[-44.067667,-2.540677],[-44.068249,-2.541394],[-44.068601,-2.541798],[-44.06863,-2.541834],[-44.069034,-2.542334],[-44.069568,-2.543024],[-44.069796,-2.54329],[-44.069911,-2.543385],[-44.069991,-2.543426],[-44.070202,-2.543503],[-44.070177,-2.543537],[-44.070149,-2.543568],[-44.069887,-2.543823],[-44.069509,-2.544086],[-44.069482,-2.544106],[-44.068698,-2.544744],[-44.068398,-2.544989],[-44.068299,-2.545061],[-44.06842,-2.544397],[-44.068446,-2.543896],[-44.068419,-2.543655],[-44.068414,-2.543265],[-44.068491,-2.543268],[-44.068508,-2.542645],[-44.067992,-2.542354],[-44.067127,-2.54129],[-44.067008,-2.541167],[-44.066454,-2.540486]]]}},{"type":"Feature","properties":{"cd_setor":"211120105000184","situacao":"Urbana","bairro":"J. Camara II","zona":"ZEU","area_m2":206065.0,"area_ha":20.606,"fonte":"IBGE, Censo 2022 — malha e agregados por setor","pessoas":634.0,"domicilios":225.0,"dom_particulares":225.0,"dom_coletivos":0.0,"moradores_por_dom":3.5,"pct_imputados":0.0331,"dom_ocupados":181.0,"dom_uso_ocasional":22.0,"dom_vagos":22.0,"dens_hab_ha":30.77,"dens_dom_ha":10.92,"pct_vagos":9.8,"pct_uso_ocasional":9.8,"pct_ocupados":80.4},"geometry":{"type":"Polygon","coordinates":[[[-44.072856,-2.538415],[-44.072876,-2.5387],[-44.072959,-2.539553],[-44.072934,-2.540125],[-44.072919,-2.540458],[-44.073044,-2.541919],[-44.073011,-2.542124],[-44.073065,-2.542259],[-44.073108,-2.542493],[-44.073155,-2.542659],[-44.073179,-2.542957],[-44.073199,-2.543471],[-44.073136,-2.54375],[-44.073119,-2.543998],[-44.073116,-2.544203],[-44.073144,-2.544364],[-44.072344,-2.544846],[-44.071937,-2.545099],[-44.071379,-2.544594],[-44.071215,-2.544418],[-44.070891,-2.544026],[-44.070547,-2.543699],[-44.070396,-2.54359],[-44.070202,-2.543503],[-44.069991,-2.543426],[-44.069911,-2.543385],[-44.069796,-2.54329],[-44.069568,-2.543024],[-44.069034,-2.542334],[-44.06863,-2.541834],[-44.070049,-2.540671],[-44.070502,-2.540289],[-44.071113,-2.539823],[-44.071709,-2.539281],[-44.072856,-2.538415]]]}},{"type":"Feature","properties":{"cd_setor":"211120105000185","situacao":"Urbana","bairro":"J. Camara II","zona":"ZEU","area_m2":201663.0,"area_ha":20.166,"fonte":"IBGE, Censo 2022 — malha e agregados por setor","pessoas":460.0,"domicilios":158.0,"dom_particulares":158.0,"dom_coletivos":0.0,"moradores_por_dom":3.6,"pct_imputados":0.0469,"dom_ocupados":128.0,"dom_uso_ocasional":14.0,"dom_vagos":16.0,"dens_hab_ha":22.81,"dens_dom_ha":7.83,"pct_vagos":10.1,"pct_uso_ocasional":8.9,"pct_ocupados":81.0},"geometry":{"type":"Polygon","coordinates":[[[-44.06863,-2.541834],[-44.068601,-2.541798],[-44.068249,-2.541394],[-44.067667,-2.540677],[-44.068267,-2.54019],[-44.068886,-2.539664],[-44.069518,-2.539134],[-44.070132,-2.538636],[-44.070192,-2.538591],[-44.070773,-2.53809],[-44.07138,-2.537566],[-44.072012,-2.537053],[-44.071595,-2.536511],[-44.071018,-2.535853],[-44.070279,-2.534906],[-44.071197,-2.534711],[-44.071784,-2.534568],[-44.071917,-2.534554],[-44.072039,-2.534528],[-44.072871,-2.534342],[-44.073442,-2.53422],[-44.073974,-2.534176],[-44.074487,-2.534135],[-44.074604,-2.534101],[-44.074652,-2.5341],[-44.074396,-2.534654],[-44.074271,-2.534901],[-44.074101,-2.535131],[-44.073912,-2.535505],[-44.073774,-2.535775],[-44.073406,-2.536436],[-44.073137,-2.536977],[-44.072955,-2.537514],[-44.072851,-2.538061],[-44.072853,-2.538375],[-44.072856,-2.538415],[-44.071709,-2.539281],[-44.071113,-2.539823],[-44.070502,-2.540289],[-44.070049,-2.540671],[-44.06863,-2.541834]]]}},{"type":"Feature","properties":{"cd_setor":"211120105000186","situacao":"Urbana","bairro":"J. Camara II","zona":"ZEU","area_m2":341196.1,"area_ha":34.12,"fonte":"IBGE, Censo 2022 — malha e agregados por setor","pessoas":481.0,"domicilios":189.0,"dom_particulares":188.0,"dom_coletivos":1.0,"moradores_por_dom":3.5,"pct_imputados":0.0147,"dom_ocupados":136.0,"dom_uso_ocasional":26.0,"dom_vagos":26.0,"dens_hab_ha":14.1,"dens_dom_ha":5.51,"pct_vagos":13.8,"pct_uso_ocasional":13.8,"pct_ocupados":72.3},"geometry":{"type":"Polygon","coordinates":[[[-44.072934,-2.540125],[-44.072959,-2.539553],[-44.072876,-2.5387],[-44.072856,-2.538415],[-44.072853,-2.538375],[-44.072851,-2.538061],[-44.072955,-2.537514],[-44.073137,-2.536977],[-44.073406,-2.536436],[-44.073774,-2.535775],[-44.073912,-2.535505],[-44.074101,-2.535131],[-44.074271,-2.534901],[-44.074396,-2.534654],[-44.074652,-2.5341],[-44.074688,-2.533986],[-44.0747,-2.533957],[-44.074787,-2.533858],[-44.074848,-2.533817],[-44.074907,-2.533787],[-44.074947,-2.53371],[-44.075012,-2.533709],[-44.075095,-2.533726],[-44.075265,-2.53379],[-44.075947,-2.534078],[-44.076295,-2.534255],[-44.077358,-2.534666],[-44.077548,-2.534739],[-44.077594,-2.534758],[-44.077607,-2.534775],[-44.077607,-2.534789],[-44.077594,-2.534816],[-44.076962,-2.535813],[-44.076946,-2.535839],[-44.076938,-2.535881],[-44.076961,-2.535937],[-44.077125,-2.536197],[-44.077148,-2.53624],[-44.077163,-2.536286],[-44.077274,-2.536667],[-44.077294,-2.536708],[-44.077316,-2.536739],[-44.077353,-2.536758],[-44.077412,-2.536772],[-44.078157,-2.536999],[-44.078252,-2.537036],[-44.078347,-2.537103],[-44.078818,-2.537474],[-44.07879,-2.537649],[-44.078522,-2.538061],[-44.078323,-2.538479],[-44.078207,-2.538723],[-44.077832,-2.539777],[-44.077753,-2.540001],[-44.077523,-2.540332],[-44.077492,-2.540357],[-44.077453,-2.540367],[-44.076606,-2.540224],[-44.076462,-2.540197],[-44.076316,-2.540216],[-44.076192,-2.540403],[-44.075843,-2.540959],[-44.075833,-2.540977],[-44.074655,-2.540471],[-44.074246,-2.540286],[-44.073833,-2.540164],[-44.072934,-2.540125]]]}},{"type":"Feature","properties":{"cd_setor":"211120105000187","situacao":"Urbana","bairro":"J. Camara II","zona":"ZEU","area_m2":89503.6,"area_ha":8.95,"fonte":"IBGE, Censo 2022 — malha e agregados por setor","pessoas":431.0,"domicilios":171.0,"dom_particulares":171.0,"dom_coletivos":0.0,"moradores_por_dom":3.3,"pct_imputados":0.0763,"dom_ocupados":131.0,"dom_uso_ocasional":18.0,"dom_vagos":22.0,"dens_hab_ha":48.15,"dens_dom_ha":19.11,"pct_vagos":12.9,"pct_uso_ocasional":10.5,"pct_ocupados":76.6},"geometry":{"type":"Polygon","coordinates":[[[-44.075843,-2.540959],[-44.075956,-2.541236],[-44.075977,-2.541354],[-44.075971,-2.541453],[-44.075899,-2.541477],[-44.075802,-2.541493],[-44.075337,-2.541571],[-44.074708,-2.54165],[-44.074773,-2.542546],[-44.074841,-2.542962],[-44.074926,-2.543402],[-44.07471,-2.543522],[-44.074494,-2.543638],[-44.073341,-2.544248],[-44.073144,-2.544364],[-44.073116,-2.544203],[-44.073119,-2.543998],[-44.073136,-2.54375],[-44.073199,-2.543471],[-44.073179,-2.542957],[-44.073155,-2.542659],[-44.073108,-2.542493],[-44.073065,-2.542259],[-44.073011,-2.542124],[-44.073044,-2.541919],[-44.072919,-2.540458],[-44.072934,-2.540125],[-44.073833,-2.540164],[-44.074246,-2.540286],[-44.074655,-2.540471],[-44.075833,-2.540977],[-44.075843,-2.540959]]]}},{"type":"Feature","properties":{"cd_setor":"211120105000188","situacao":"Urbana","bairro":"Vila Roseana Sarney","zona":"ZEU","area_m2":175114.2,"area_ha":17.511,"fonte":"IBGE, Censo 2022 — malha e agregados por setor","pessoas":503.0,"domicilios":184.0,"dom_particulares":184.0,"dom_coletivos":0.0,"moradores_por_dom":3.4,"pct_imputados":0.0267,"dom_ocupados":150.0,"dom_uso_ocasional":4.0,"dom_vagos":30.0,"dens_hab_ha":28.72,"dens_dom_ha":10.51,"pct_vagos":16.3,"pct_uso_ocasional":2.2,"pct_ocupados":81.5},"geometry":{"type":"Polygon","coordinates":[[[-44.079227,-2.544018],[-44.078585,-2.544676],[-44.078102,-2.545155],[-44.077725,-2.545615],[-44.077607,-2.54581],[-44.077529,-2.54595],[-44.077395,-2.546213],[-44.076764,-2.545941],[-44.076201,-2.545682],[-44.076014,-2.545574],[-44.076008,-2.545571],[-44.075856,-2.545462],[-44.075738,-2.545327],[-44.075613,-2.545131],[-44.07537,-2.544601],[-44.075366,-2.544593],[-44.07471,-2.543522],[-44.074926,-2.543402],[-44.074841,-2.542962],[-44.074773,-2.542546],[-44.074708,-2.54165],[-44.075337,-2.541571],[-44.075802,-2.541493],[-44.075899,-2.541477],[-44.075971,-2.541453],[-44.075977,-2.541354],[-44.075956,-2.541236],[-44.075843,-2.540959],[-44.076192,-2.540403],[-44.076316,-2.540216],[-44.076462,-2.540197],[-44.076606,-2.540224],[-44.077453,-2.540367],[-44.077492,-2.540357],[-44.077403,-2.540677],[-44.077374,-2.541518],[-44.077346,-2.541618],[-44.077239,-2.541914],[-44.077196,-2.541999],[-44.077051,-2.542265],[-44.07707,-2.54229],[-44.076956,-2.542364],[-44.077713,-2.543055],[-44.077883,-2.543185],[-44.078663,-2.543687],[-44.078833,-2.543754],[-44.079227,-2.544018]]]}},{"type":"Feature","properties":{"cd_setor":"211120105000189","situacao":"Urbana","bairro":"Vila Roseana Sarney","zona":"ZEU","area_m2":123164.8,"area_ha":12.316,"fonte":"IBGE, Censo 2022 — malha e agregados por setor","pessoas":317.0,"domicilios":124.0,"dom_particulares":124.0,"dom_coletivos":0.0,"moradores_por_dom":3.4,"pct_imputados":0.0638,"dom_ocupados":94.0,"dom_uso_ocasional":8.0,"dom_vagos":22.0,"dens_hab_ha":25.74,"dens_dom_ha":10.07,"pct_vagos":17.7,"pct_uso_ocasional":6.5,"pct_ocupados":75.8},"geometry":{"type":"Polygon","coordinates":[[[-44.07707,-2.54229],[-44.077105,-2.542337],[-44.078784,-2.541812],[-44.079417,-2.54182],[-44.079975,-2.54173],[-44.080706,-2.541716],[-44.081499,-2.541651],[-44.081976,-2.541612],[-44.08201,-2.542396],[-44.082008,-2.542437],[-44.082007,-2.542517],[-44.082004,-2.54281],[-44.081876,-2.543173],[-44.081858,-2.543293],[-44.081801,-2.543541],[-44.08166,-2.54385],[-44.08135,-2.544535],[-44.081063,-2.544428],[-44.080964,-2.544562],[-44.080815,-2.544913],[-44.080228,-2.544575],[-44.079718,-2.544304],[-44.079227,-2.544018],[-44.078833,-2.543754],[-44.078663,-2.543687],[-44.077883,-2.543185],[-44.077713,-2.543055],[-44.076956,-2.542364],[-44.07707,-2.54229]]]}},{"type":"Feature","properties":{"cd_setor":"211120105000190","situacao":"Urbana","bairro":"Vila São José","zona":"ZEU","area_m2":102943.9,"area_ha":10.294,"fonte":"IBGE, Censo 2022 — malha e agregados por setor","pessoas":561.0,"domicilios":216.0,"dom_particulares":216.0,"dom_coletivos":0.0,"moradores_por_dom":3.3,"pct_imputados":0.0059,"dom_ocupados":170.0,"dom_uso_ocasional":12.0,"dom_vagos":34.0,"dens_hab_ha":54.5,"dens_dom_ha":20.98,"pct_vagos":15.7,"pct_uso_ocasional":5.6,"pct_ocupados":78.7},"geometry":{"type":"Polygon","coordinates":[[[-44.084923,-2.549056],[-44.08489,-2.54903],[-44.084407,-2.548641],[-44.083941,-2.548258],[-44.083461,-2.54788],[-44.082812,-2.547323],[-44.082847,-2.547294],[-44.08296,-2.547145],[-44.083504,-2.546517],[-44.083572,-2.546439],[-44.083862,-2.546099],[-44.08431,-2.545531],[-44.084339,-2.545519],[-44.08437,-2.545496],[-44.084881,-2.544903],[-44.085001,-2.544783],[-44.085134,-2.544905],[-44.085729,-2.545709],[-44.086555,-2.546529],[-44.086161,-2.547605],[-44.086145,-2.547603],[-44.086115,-2.547679],[-44.085505,-2.548432],[-44.084923,-2.549056]]]}},{"type":"Feature","properties":{"cd_setor":"211120105000191","situacao":"Urbana","bairro":"Turiúba","zona":"ZEU","area_m2":5550115.6,"area_ha":555.012,"fonte":"IBGE, Censo 2022 — malha e agregados por setor","pessoas":93.0,"domicilios":41.0,"dom_particulares":41.0,"dom_coletivos":0.0,"moradores_por_dom":3.7,"pct_imputados":0.04,"dom_ocupados":25.0,"dom_uso_ocasional":12.0,"dom_vagos":4.0,"dens_hab_ha":0.17,"dens_dom_ha":0.07,"pct_vagos":9.8,"pct_uso_ocasional":29.3,"pct_ocupados":61.0},"geometry":{"type":"Polygon","coordinates":[[[-44.11106,-2.561687],[-44.111066,-2.5617],[-44.11385,-2.561062],[-44.113879,-2.561217],[-44.114022,-2.561185],[-44.113989,-2.561032],[-44.115922,-2.560606],[-44.115997,-2.560617],[-44.116329,-2.560542],[-44.115848,-2.559142],[-44.115761,-2.558814],[-44.115689,-2.558603],[-44.115664,-2.558518],[-44.115393,-2.557799],[-44.115386,-2.557699],[-44.115445,-2.557718],[-44.115523,-2.557744],[-44.11892,-2.558905],[-44.118865,-2.559259],[-44.118885,-2.559452],[-44.118947,-2.559933],[-44.11896,-2.560112],[-44.119115,-2.560663],[-44.11922,-2.561325],[-44.119173,-2.562008],[-44.118941,-2.562917],[-44.118509,-2.564376],[-44.118174,-2.565016],[-44.11759,-2.565773],[-44.116883,-2.566527],[-44.11676,-2.566735],[-44.116396,-2.56753],[-44.116223,-2.568708],[-44.116059,-2.56923],[-44.114967,-2.568848],[-44.111322,-2.569286],[-44.110927,-2.569348],[-44.110259,-2.56942],[-44.109318,-2.569519],[-44.108871,-2.569545],[-44.108549,-2.569594],[-44.10845,-2.569619],[-44.107881,-2.569669],[-44.107682,-2.569669],[-44.107484,-2.569546],[-44.10699,-2.569323],[-44.106569,-2.569126],[-44.106222,-2.569002],[-44.105925,-2.5691],[-44.105702,-2.569199],[-44.105472,-2.569298],[-44.105116,-2.569689],[-44.104741,-2.569729],[-44.104511,-2.569251],[-44.104239,-2.569029],[-44.103868,-2.569],[-44.103646,-2.569075],[-44.103363,-2.569334],[-44.103342,-2.569669],[-44.10343,-2.569914],[-44.103452,-2.570143],[-44.103364,-2.570492],[-44.103001,-2.570568],[-44.102654,-2.570584],[-44.102431,-2.570633],[-44.10201,-2.570583],[-44.101713,-2.570311],[-44.101467,-2.56999],[-44.101318,-2.569792],[-44.101095,-2.569545],[-44.100896,-2.569347],[-44.100729,-2.569298],[-44.100301,-2.569173],[-44.100027,-2.569098],[-44.099953,-2.569049],[-44.099605,-2.56885],[-44.099357,-2.568776],[-44.098985,-2.568603],[-44.098466,-2.568455],[-44.098095,-2.568381],[-44.097872,-2.568381],[-44.097674,-2.568405],[-44.097404,-2.568505],[-44.097133,-2.568604],[-44.096934,-2.568728],[-44.09666,-2.568901],[-44.096411,-2.569073],[-44.096013,-2.569271],[-44.095689,-2.569592],[-44.095414,-2.569963],[-44.095166,-2.570285],[-44.094916,-2.570582],[-44.094767,-2.570756],[-44.094422,-2.571078],[-44.09405,-2.571375],[-44.09367,-2.571541],[-44.093373,-2.571659],[-44.092998,-2.571731],[-44.092685,-2.571874],[-44.092488,-2.572136],[-44.092361,-2.572305],[-44.092243,-2.572657],[-44.092216,-2.572937],[-44.092098,-2.573326],[-44.091836,-2.573913],[-44.09171,-2.574202],[-44.09171,-2.574207],[-44.091524,-2.574136],[-44.090836,-2.573919],[-44.090528,-2.573822],[-44.090488,-2.573783],[-44.089863,-2.573374],[-44.089318,-2.572729],[-44.088791,-2.572106],[-44.088089,-2.572045],[-44.087986,-2.572018],[-44.087347,-2.571849],[-44.087289,-2.57181],[-44.08649,-2.571441],[-44.086373,-2.571402],[-44.08532,-2.570756],[-44.085261,-2.570697],[-44.084542,-2.569743],[-44.083782,-2.568725],[-44.083589,-2.568142],[-44.083476,-2.567544],[-44.083291,-2.566862],[-44.083219,-2.566302],[-44.083026,-2.565657],[-44.08263,-2.565162],[-44.082622,-2.565146],[-44.082363,-2.56461],[-44.082347,-2.564577],[-44.082322,-2.564528],[-44.082298,-2.564479],[-44.082234,-2.563895],[-44.08211,-2.563739],[-44.081878,-2.563133],[-44.081661,-2.562753],[-44.081653,-2.562737],[-44.081451,-2.562551],[-44.081545,-2.56203],[-44.081539,-2.561455],[-44.081433,-2.561133],[-44.081205,-2.560842],[-44.080957,-2.560787],[-44.080759,-2.560947],[-44.080574,-2.561362],[-44.080345,-2.561492],[-44.080098,-2.561393],[-44.079943,-2.561164],[-44.079887,-2.560873],[-44.079869,-2.560372],[-44.079844,-2.559878],[-44.079776,-2.559519],[-44.079592,-2.559256],[-44.079555,-2.558703],[-44.079747,-2.558358],[-44.079919,-2.558154],[-44.080493,-2.557997],[-44.080809,-2.557945],[-44.081347,-2.557837],[-44.081758,-2.557458],[-44.081725,-2.557143],[-44.08151,-2.556823],[-44.081378,-2.5564],[-44.081633,-2.555763],[-44.081777,-2.555437],[-44.083076,-2.555611],[-44.083996,-2.555757],[-44.084802,-2.555562],[-44.085396,-2.555699],[-44.086287,-2.555624],[-44.086849,-2.555629],[-44.087337,-2.555827],[-44.08778,-2.556216],[-44.08815,-2.556695],[-44.088638,-2.557309],[-44.089171,-2.557679],[-44.089569,-2.558095],[-44.090048,-2.558484],[-44.090599,-2.558872],[-44.090933,-2.55894],[-44.091363,-2.559159],[-44.092157,-2.558002],[-44.092747,-2.557503],[-44.093202,-2.556877],[-44.093345,-2.556422],[-44.093882,-2.555849],[-44.094427,-2.555183],[-44.094825,-2.55424],[-44.094996,-2.55394],[-44.095121,-2.55358],[-44.095225,-2.553021],[-44.09653,-2.553343],[-44.098287,-2.553641],[-44.098265,-2.554447],[-44.100262,-2.554655],[-44.100366,-2.555333],[-44.101762,-2.555486],[-44.102001,-2.555233],[-44.102118,-2.554958],[-44.102126,-2.554544],[-44.104584,-2.553621],[-44.105623,-2.553196],[-44.105806,-2.553122],[-44.105864,-2.553014],[-44.109099,-2.554219],[-44.109511,-2.554361],[-44.109562,-2.554378],[-44.109594,-2.554389],[-44.109799,-2.556153],[-44.109835,-2.556144],[-44.109822,-2.556248],[-44.109905,-2.557055],[-44.111482,-2.556812],[-44.111488,-2.557698],[-44.111529,-2.557934],[-44.111542,-2.558079],[-44.111564,-2.558181],[-44.11189,-2.559003],[-44.111014,-2.559154],[-44.111158,-2.559664],[-44.111147,-2.559861],[-44.111089,-2.560457],[-44.111058,-2.560489],[-44.110812,-2.560481],[-44.110733,-2.560509],[-44.110653,-2.560568],[-44.110627,-2.560645],[-44.110632,-2.560719],[-44.111066,-2.561668],[-44.11106,-2.561687]],[[-44.098493,-2.561149],[-44.098073,-2.561143],[-44.097732,-2.561161],[-44.097514,-2.56093],[-44.097021,-2.560457],[-44.096819,-2.560433],[-44.096248,-2.56043],[-44.096193,-2.560481],[-44.096155,-2.560606],[-44.096148,-2.560742],[-44.09624,-2.561074],[-44.09643,-2.56162],[-44.09658,-2.561998],[-44.096835,-2.562729],[-44.097114,-2.563473],[-44.097508,-2.56441],[-44.097754,-2.564468],[-44.097756,-2.564497],[-44.097737,-2.566159],[-44.097763,-2.566349],[-44.097739,-2.56679],[-44.097727,-2.567147],[-44.097721,-2.567468],[-44.098829,-2.567475],[-44.099501,-2.567841],[-44.099895,-2.567861],[-44.100701,-2.567858],[-44.101942,-2.567867],[-44.102207,-2.567868],[-44.102194,-2.568179],[-44.102862,-2.568125],[-44.103554,-2.568042],[-44.10401,-2.567854],[-44.104227,-2.567715],[-44.104365,-2.567498],[-44.104458,-2.567121],[-44.10449,-2.567113],[-44.104796,-2.566801],[-44.105009,-2.56645],[-44.105276,-2.565856],[-44.105273,-2.565653],[-44.10528,-2.564324],[-44.105263,-2.563629],[-44.104615,-2.562649],[-44.104428,-2.562411],[-44.10396,-2.561756],[-44.103393,-2.561155],[-44.103066,-2.560835],[-44.102945,-2.560782],[-44.102804,-2.560773],[-44.102207,-2.560804],[-44.101442,-2.560776],[-44.100755,-2.56078],[-44.100318,-2.560877],[-44.099883,-2.56101],[-44.099877,-2.561065],[-44.099901,-2.561151],[-44.09944,-2.561138],[-44.098493,-2.561149]]]}},{"type":"Feature","properties":{"cd_setor":"211120105000192","situacao":"Urbana","bairro":"Turiúba","zona":"ZEU","area_m2":61584.5,"area_ha":6.158,"fonte":"IBGE, Censo 2022 — malha e agregados por setor","pessoas":0.0,"domicilios":0.0,"dom_particulares":0.0,"dom_coletivos":0.0,"moradores_por_dom":0.0,"pct_imputados":0.0,"dom_ocupados":0.0,"dom_uso_ocasional":0.0,"dom_vagos":0.0,"dens_hab_ha":null,"dens_dom_ha":null,"pct_vagos":null,"pct_uso_ocasional":null,"pct_ocupados":null},"geometry":{"type":"Polygon","coordinates":[[[-44.111147,-2.559861],[-44.11347,-2.559334],[-44.113865,-2.561007],[-44.113849,-2.561059],[-44.11385,-2.561062],[-44.111066,-2.5617],[-44.11106,-2.561687],[-44.111066,-2.561668],[-44.110632,-2.560719],[-44.110627,-2.560645],[-44.110653,-2.560568],[-44.110733,-2.560509],[-44.110812,-2.560481],[-44.111058,-2.560489],[-44.111089,-2.560457],[-44.111147,-2.559861]]]}},{"type":"Feature","properties":{"cd_setor":"211120105000193","situacao":"Urbana","bairro":"São José Dos Índios","zona":"ZEU","area_m2":281669.9,"area_ha":28.167,"fonte":"IBGE, Censo 2022 — malha e agregados por setor","pessoas":407.0,"domicilios":149.0,"dom_particulares":149.0,"dom_coletivos":0.0,"moradores_por_dom":3.3,"pct_imputados":0.0242,"dom_ocupados":124.0,"dom_uso_ocasional":5.0,"dom_vagos":20.0,"dens_hab_ha":14.45,"dens_dom_ha":5.29,"pct_vagos":13.4,"pct_uso_ocasional":3.4,"pct_ocupados":83.2},"geometry":{"type":"Polygon","coordinates":[[[-44.102275,-2.551918],[-44.102274,-2.551931],[-44.102199,-2.552925],[-44.102125,-2.55416],[-44.102126,-2.554544],[-44.102118,-2.554958],[-44.102001,-2.555233],[-44.101762,-2.555486],[-44.100366,-2.555333],[-44.100262,-2.554655],[-44.098265,-2.554447],[-44.098287,-2.553641],[-44.09653,-2.553343],[-44.095225,-2.553021],[-44.095396,-2.552461],[-44.095576,-2.551788],[-44.095659,-2.551386],[-44.095789,-2.551033],[-44.096279,-2.550512],[-44.096659,-2.550016],[-44.09697,-2.549654],[-44.097254,-2.549416],[-44.097422,-2.549287],[-44.098857,-2.550603],[-44.098856,-2.550732],[-44.098889,-2.550784],[-44.099083,-2.551004],[-44.099115,-2.551062],[-44.099118,-2.551129],[-44.099041,-2.551453],[-44.099927,-2.551572],[-44.102178,-2.551895],[-44.102275,-2.551918]]]}},{"type":"Feature","properties":{"cd_setor":"211120105000194","situacao":"Urbana","bairro":"São José Dos Índios","zona":"ZEU","area_m2":259119.0,"area_ha":25.912,"fonte":"IBGE, Censo 2022 — malha e agregados por setor","pessoas":331.0,"domicilios":136.0,"dom_particulares":136.0,"dom_coletivos":0.0,"moradores_por_dom":3.1,"pct_imputados":0.0093,"dom_ocupados":107.0,"dom_uso_ocasional":8.0,"dom_vagos":21.0,"dens_hab_ha":12.77,"dens_dom_ha":5.25,"pct_vagos":15.4,"pct_uso_ocasional":5.9,"pct_ocupados":78.7},"geometry":{"type":"Polygon","coordinates":[[[-44.097422,-2.549287],[-44.097557,-2.549184],[-44.097704,-2.549062],[-44.09786,-2.548979],[-44.097961,-2.548897],[-44.09804,-2.548764],[-44.098144,-2.548603],[-44.098224,-2.548351],[-44.098303,-2.548166],[-44.098482,-2.54788],[-44.098639,-2.547513],[-44.098954,-2.547055],[-44.099239,-2.546102],[-44.099399,-2.546031],[-44.099961,-2.54616],[-44.101118,-2.546419],[-44.102257,-2.546688],[-44.102493,-2.54672],[-44.102664,-2.546835],[-44.102609,-2.547145],[-44.102502,-2.548616],[-44.102368,-2.550764],[-44.102321,-2.551343],[-44.102275,-2.551918],[-44.102178,-2.551895],[-44.099927,-2.551572],[-44.099041,-2.551453],[-44.099118,-2.551129],[-44.099115,-2.551062],[-44.099083,-2.551004],[-44.098889,-2.550784],[-44.098856,-2.550732],[-44.098857,-2.550603],[-44.097422,-2.549287]]]}},{"type":"Feature","properties":{"cd_setor":"211120105000195","situacao":"Urbana","bairro":"Gambarrinha","zona":"ZEU","area_m2":428156.4,"area_ha":42.816,"fonte":"IBGE, Censo 2022 — malha e agregados por setor","pessoas":504.0,"domicilios":173.0,"dom_particulares":173.0,"dom_coletivos":0.0,"moradores_por_dom":3.6,"pct_imputados":0.0071,"dom_ocupados":140.0,"dom_uso_ocasional":20.0,"dom_vagos":13.0,"dens_hab_ha":11.77,"dens_dom_ha":4.04,"pct_vagos":7.5,"pct_uso_ocasional":11.6,"pct_ocupados":80.9},"geometry":{"type":"Polygon","coordinates":[[[-44.07554,-2.557001],[-44.075967,-2.556936],[-44.076742,-2.556835],[-44.076403,-2.555757],[-44.076739,-2.555638],[-44.077202,-2.555264],[-44.078319,-2.554947],[-44.079021,-2.555301],[-44.080038,-2.555733],[-44.081378,-2.5564],[-44.08151,-2.556823],[-44.081725,-2.557143],[-44.081758,-2.557458],[-44.081347,-2.557837],[-44.080809,-2.557945],[-44.080493,-2.557997],[-44.079919,-2.558154],[-44.079747,-2.558358],[-44.079555,-2.558703],[-44.079592,-2.559256],[-44.079776,-2.559519],[-44.079844,-2.559878],[-44.079869,-2.560372],[-44.079887,-2.560873],[-44.079943,-2.561164],[-44.080098,-2.561393],[-44.080345,-2.561492],[-44.080574,-2.561362],[-44.080759,-2.560947],[-44.080957,-2.560787],[-44.081205,-2.560842],[-44.081433,-2.561133],[-44.081539,-2.561455],[-44.081545,-2.56203],[-44.081451,-2.562551],[-44.081078,-2.562574],[-44.08083,-2.562821],[-44.080728,-2.563232],[-44.080712,-2.563247],[-44.080704,-2.563294],[-44.080533,-2.563581],[-44.080346,-2.563581],[-44.080143,-2.563534],[-44.079887,-2.563386],[-44.079856,-2.563347],[-44.079491,-2.563198],[-44.079468,-2.563191],[-44.079056,-2.563089],[-44.079033,-2.563081],[-44.078285,-2.562862],[-44.078247,-2.562831],[-44.077584,-2.562666],[-44.077552,-2.56265],[-44.077126,-2.562479],[-44.076746,-2.562232],[-44.076453,-2.562055],[-44.07624,-2.561928],[-44.076034,-2.561793],[-44.075921,-2.561752],[-44.076109,-2.5613],[-44.07628,-2.560355],[-44.075836,-2.559305],[-44.075591,-2.559003],[-44.075356,-2.558562],[-44.075272,-2.558192],[-44.075245,-2.55782],[-44.075784,-2.557592],[-44.07554,-2.557001]]]}},{"type":"Feature","properties":{"cd_setor":"211120105000196","situacao":"Urbana","bairro":"Vila São José","zona":"ZEU","area_m2":75279.0,"area_ha":7.528,"fonte":"IBGE, Censo 2022 — malha e agregados por setor","pessoas":388.0,"domicilios":139.0,"dom_particulares":139.0,"dom_coletivos":0.0,"moradores_por_dom":3.2,"pct_imputados":0.0167,"dom_ocupados":120.0,"dom_uso_ocasional":9.0,"dom_vagos":10.0,"dens_hab_ha":51.54,"dens_dom_ha":18.46,"pct_vagos":7.2,"pct_uso_ocasional":6.5,"pct_ocupados":86.3},"geometry":{"type":"Polygon","coordinates":[[[-44.086161,-2.547605],[-44.087698,-2.547881],[-44.087528,-2.549424],[-44.087751,-2.549701],[-44.088082,-2.549819],[-44.087964,-2.550364],[-44.087996,-2.550849],[-44.086247,-2.550566],[-44.086217,-2.550546],[-44.086393,-2.550253],[-44.085876,-2.549852],[-44.085402,-2.549449],[-44.084923,-2.549056],[-44.085505,-2.548432],[-44.086115,-2.547679],[-44.086145,-2.547603],[-44.086161,-2.547605]]]}},{"type":"Feature","properties":{"cd_setor":"211120105000197","situacao":"Urbana","bairro":"Vila Dr. Julinho","zona":"ZEU","area_m2":157364.2,"area_ha":15.736,"fonte":"IBGE, Censo 2022 — malha e agregados por setor","pessoas":501.0,"domicilios":168.0,"dom_particulares":168.0,"dom_coletivos":0.0,"moradores_por_dom":3.6,"pct_imputados":0.0504,"dom_ocupados":139.0,"dom_uso_ocasional":5.0,"dom_vagos":24.0,"dens_hab_ha":31.84,"dens_dom_ha":10.68,"pct_vagos":14.3,"pct_uso_ocasional":3.0,"pct_ocupados":82.7},"geometry":{"type":"Polygon","coordinates":[[[-44.081514,-2.553469],[-44.08151,-2.553466],[-44.080548,-2.553043],[-44.080411,-2.552982],[-44.080189,-2.552866],[-44.079742,-2.552652],[-44.079014,-2.552317],[-44.078616,-2.55212],[-44.07755,-2.551398],[-44.077408,-2.551278],[-44.077229,-2.551042],[-44.077021,-2.550628],[-44.076843,-2.550306],[-44.07786,-2.550104],[-44.078025,-2.550071],[-44.079438,-2.549811],[-44.079683,-2.549766],[-44.079904,-2.549701],[-44.080136,-2.549632],[-44.0806,-2.549449],[-44.080793,-2.549353],[-44.081049,-2.549192],[-44.081426,-2.548898],[-44.081634,-2.548699],[-44.081714,-2.548743],[-44.081779,-2.549106],[-44.081788,-2.549322],[-44.081714,-2.549646],[-44.081624,-2.550137],[-44.081789,-2.550202],[-44.081974,-2.550269],[-44.08201,-2.550549],[-44.082114,-2.551108],[-44.08225,-2.551789],[-44.081287,-2.551944],[-44.08144,-2.552869],[-44.081473,-2.552979],[-44.081514,-2.553469]]]}},{"type":"Feature","properties":{"cd_setor":"211120105000198","situacao":"Urbana","bairro":"Vila Dr. Julinho","zona":"ZEU","area_m2":78830.4,"area_ha":7.883,"fonte":"IBGE, Censo 2022 — malha e agregados por setor","pessoas":328.0,"domicilios":110.0,"dom_particulares":110.0,"dom_coletivos":0.0,"moradores_por_dom":3.6,"pct_imputados":0.0326,"dom_ocupados":92.0,"dom_uso_ocasional":3.0,"dom_vagos":15.0,"dens_hab_ha":41.61,"dens_dom_ha":13.95,"pct_vagos":13.6,"pct_uso_ocasional":2.7,"pct_ocupados":83.6},"geometry":{"type":"Polygon","coordinates":[[[-44.08225,-2.551789],[-44.082315,-2.552115],[-44.082627,-2.551986],[-44.082753,-2.552394],[-44.082855,-2.55259],[-44.083102,-2.55268],[-44.083227,-2.552707],[-44.083724,-2.552819],[-44.084563,-2.552987],[-44.08463,-2.552999],[-44.084707,-2.553012],[-44.084807,-2.553031],[-44.084926,-2.553095],[-44.085184,-2.553191],[-44.085879,-2.553341],[-44.086023,-2.553382],[-44.086099,-2.553379],[-44.086168,-2.553348],[-44.086287,-2.554324],[-44.086208,-2.55431],[-44.086101,-2.554329],[-44.085939,-2.554326],[-44.085629,-2.554321],[-44.085551,-2.554309],[-44.085351,-2.554295],[-44.085048,-2.554268],[-44.084655,-2.554197],[-44.084166,-2.554099],[-44.082618,-2.553866],[-44.081846,-2.553713],[-44.081514,-2.553469],[-44.081473,-2.552979],[-44.08144,-2.552869],[-44.081287,-2.551944],[-44.08225,-2.551789]]]}},{"type":"Feature","properties":{"cd_setor":"211120105000199","situacao":"Urbana","bairro":"Gambarrinha","zona":"ZEU","area_m2":93263.9,"area_ha":9.326,"fonte":"IBGE, Censo 2022 — malha e agregados por setor","pessoas":321.0,"domicilios":109.0,"dom_particulares":109.0,"dom_coletivos":0.0,"moradores_por_dom":3.3,"pct_imputados":0.0,"dom_ocupados":96.0,"dom_uso_ocasional":3.0,"dom_vagos":10.0,"dens_hab_ha":34.42,"dens_dom_ha":11.69,"pct_vagos":9.2,"pct_uso_ocasional":2.8,"pct_ocupados":88.1},"geometry":{"type":"Polygon","coordinates":[[[-44.075784,-2.557592],[-44.075245,-2.55782],[-44.075242,-2.557779],[-44.075036,-2.557079],[-44.07503,-2.557058],[-44.074872,-2.556611],[-44.07483,-2.556237],[-44.074771,-2.556138],[-44.074673,-2.55607],[-44.074442,-2.555946],[-44.074275,-2.555527],[-44.073923,-2.555035],[-44.077063,-2.55376],[-44.077726,-2.554299],[-44.078319,-2.554947],[-44.077202,-2.555264],[-44.076739,-2.555638],[-44.076403,-2.555757],[-44.076742,-2.556835],[-44.075967,-2.556936],[-44.07554,-2.557001],[-44.075784,-2.557592]]]}},{"type":"Feature","properties":{"cd_setor":"211120105000200","situacao":"Urbana","bairro":"Piçarreira","zona":"ZEU","area_m2":322553.6,"area_ha":32.255,"fonte":"IBGE, Censo 2022 — malha e agregados por setor","pessoas":300.0,"domicilios":141.0,"dom_particulares":141.0,"dom_coletivos":0.0,"moradores_por_dom":3.5,"pct_imputados":0.0116,"dom_ocupados":86.0,"dom_uso_ocasional":28.0,"dom_vagos":27.0,"dens_hab_ha":9.3,"dens_dom_ha":4.37,"pct_vagos":19.1,"pct_uso_ocasional":19.9,"pct_ocupados":61.0},"geometry":{"type":"Polygon","coordinates":[[[-44.109365,-2.550246],[-44.111395,-2.550137],[-44.111343,-2.548521],[-44.111351,-2.548522],[-44.11257,-2.548623],[-44.1148,-2.548819],[-44.115943,-2.548912],[-44.115851,-2.550488],[-44.115249,-2.552269],[-44.11501,-2.552953],[-44.112342,-2.553612],[-44.110398,-2.554106],[-44.109668,-2.554291],[-44.109531,-2.554215],[-44.109577,-2.554136],[-44.109814,-2.553848],[-44.109912,-2.553707],[-44.110024,-2.553466],[-44.110052,-2.553349],[-44.110058,-2.553241],[-44.110033,-2.553089],[-44.109995,-2.552929],[-44.109885,-2.552567],[-44.109527,-2.551512],[-44.109408,-2.551099],[-44.109343,-2.550928],[-44.109322,-2.550592],[-44.109365,-2.550246]]]}},{"type":"Feature","properties":{"cd_setor":"211120105000201","situacao":"Urbana","bairro":"Piçarreira","zona":"ZEU","area_m2":219410.8,"area_ha":21.941,"fonte":"IBGE, Censo 2022 — malha e agregados por setor","pessoas":357.0,"domicilios":158.0,"dom_particulares":158.0,"dom_coletivos":0.0,"moradores_por_dom":3.3,"pct_imputados":0.0183,"dom_ocupados":109.0,"dom_uso_ocasional":16.0,"dom_vagos":33.0,"dens_hab_ha":16.27,"dens_dom_ha":7.2,"pct_vagos":20.9,"pct_uso_ocasional":10.1,"pct_ocupados":69.0},"geometry":{"type":"Polygon","coordinates":[[[-44.109531,-2.554215],[-44.1095,-2.554263],[-44.109494,-2.554294],[-44.109511,-2.554361],[-44.109099,-2.554219],[-44.105864,-2.553014],[-44.105899,-2.55295],[-44.105911,-2.552912],[-44.106151,-2.552126],[-44.10659,-2.550703],[-44.106675,-2.550485],[-44.106945,-2.549622],[-44.107004,-2.549269],[-44.107015,-2.548933],[-44.106953,-2.548353],[-44.106783,-2.547761],[-44.106878,-2.547775],[-44.107164,-2.54785],[-44.108079,-2.548062],[-44.108953,-2.54826],[-44.109778,-2.548356],[-44.109936,-2.548375],[-44.109901,-2.548462],[-44.109763,-2.548839],[-44.109715,-2.548962],[-44.109533,-2.549546],[-44.109416,-2.549942],[-44.109365,-2.550246],[-44.109322,-2.550592],[-44.109343,-2.550928],[-44.109408,-2.551099],[-44.109527,-2.551512],[-44.109885,-2.552567],[-44.109995,-2.552929],[-44.110033,-2.553089],[-44.110058,-2.553241],[-44.110052,-2.553349],[-44.110024,-2.553466],[-44.109912,-2.553707],[-44.109814,-2.553848],[-44.109577,-2.554136],[-44.109531,-2.554215]]]}},{"type":"Feature","properties":{"cd_setor":"211120105000202","situacao":"Urbana","bairro":"Turiúba","zona":"ZEU","area_m2":49797.9,"area_ha":4.98,"fonte":"IBGE, Censo 2022 — malha e agregados por setor","pessoas":0.0,"domicilios":0.0,"dom_particulares":0.0,"dom_coletivos":0.0,"moradores_por_dom":0.0,"pct_imputados":0.0,"dom_ocupados":0.0,"dom_uso_ocasional":0.0,"dom_vagos":0.0,"dens_hab_ha":null,"dens_dom_ha":null,"pct_vagos":null,"pct_uso_ocasional":null,"pct_ocupados":null},"geometry":{"type":"Polygon","coordinates":[[[-44.115689,-2.558603],[-44.113184,-2.559166],[-44.112742,-2.557007],[-44.113177,-2.557078],[-44.113827,-2.557185],[-44.115386,-2.557699],[-44.115393,-2.557799],[-44.115664,-2.558518],[-44.115689,-2.558603]]]}},{"type":"Feature","properties":{"cd_setor":"211120105000203","situacao":"Urbana","bairro":"Turiúba","zona":"ZEU","area_m2":57438.3,"area_ha":5.744,"fonte":"IBGE, Censo 2022 — malha e agregados por setor","pessoas":735.0,"domicilios":425.0,"dom_particulares":425.0,"dom_coletivos":0.0,"moradores_por_dom":2.9,"pct_imputados":0.0313,"dom_ocupados":256.0,"dom_uso_ocasional":81.0,"dom_vagos":88.0,"dens_hab_ha":127.96,"dens_dom_ha":73.99,"pct_vagos":20.7,"pct_uso_ocasional":19.1,"pct_ocupados":60.2},"geometry":{"type":"Polygon","coordinates":[[[-44.115761,-2.558814],[-44.11347,-2.559334],[-44.111147,-2.559861],[-44.111158,-2.559664],[-44.111014,-2.559154],[-44.11189,-2.559003],[-44.111564,-2.558181],[-44.111542,-2.558079],[-44.111529,-2.557934],[-44.111488,-2.557698],[-44.111482,-2.556812],[-44.111522,-2.556806],[-44.112742,-2.557007],[-44.113184,-2.559166],[-44.115689,-2.558603],[-44.115761,-2.558814]]]}},{"type":"Feature","properties":{"cd_setor":"211120105000204","situacao":"Urbana","bairro":"Turiúba","zona":"ZEU","area_m2":53218.7,"area_ha":5.322,"fonte":"IBGE, Censo 2022 — malha e agregados por setor","pessoas":0.0,"domicilios":0.0,"dom_particulares":0.0,"dom_coletivos":0.0,"moradores_por_dom":0.0,"pct_imputados":0.0,"dom_ocupados":0.0,"dom_uso_ocasional":0.0,"dom_vagos":0.0,"dens_hab_ha":null,"dens_dom_ha":null,"pct_vagos":null,"pct_uso_ocasional":null,"pct_ocupados":null},"geometry":{"type":"Polygon","coordinates":[[[-44.11347,-2.559334],[-44.115761,-2.558814],[-44.115848,-2.559142],[-44.116329,-2.560542],[-44.115997,-2.560617],[-44.115922,-2.560606],[-44.113989,-2.561032],[-44.114022,-2.561185],[-44.113879,-2.561217],[-44.11385,-2.561062],[-44.113849,-2.561059],[-44.113865,-2.561007],[-44.11347,-2.559334]]]}},{"type":"Feature","properties":{"cd_setor":"211120110000004","situacao":"Urbana","bairro":"Vila Sarney Filho I","zona":"ZEU","area_m2":85319.6,"area_ha":8.532,"fonte":"IBGE, Censo 2022 — malha e agregados por setor","pessoas":330.0,"domicilios":154.0,"dom_particulares":154.0,"dom_coletivos":0.0,"moradores_por_dom":2.9,"pct_imputados":0.0177,"dom_ocupados":113.0,"dom_uso_ocasional":1.0,"dom_vagos":40.0,"dens_hab_ha":38.68,"dens_dom_ha":18.05,"pct_vagos":26.0,"pct_uso_ocasional":0.6,"pct_ocupados":73.4},"geometry":{"type":"Polygon","coordinates":[[[-44.168906,-2.552031],[-44.168923,-2.552254],[-44.16877,-2.553061],[-44.168767,-2.553077],[-44.16869,-2.553491],[-44.168675,-2.553528],[-44.168507,-2.554277],[-44.168218,-2.554224],[-44.167678,-2.554124],[-44.167546,-2.554763],[-44.166593,-2.554589],[-44.166071,-2.554498],[-44.166192,-2.553863],[-44.165361,-2.553699],[-44.165393,-2.55308],[-44.166221,-2.553095],[-44.166275,-2.551864],[-44.166826,-2.551895],[-44.166917,-2.551901],[-44.167614,-2.551957],[-44.168691,-2.55203],[-44.168906,-2.552031]]]}},{"type":"Feature","properties":{"cd_setor":"211120110000005","situacao":"Urbana","bairro":"Vila Sarney Filho I","zona":"ZEU","area_m2":58093.6,"area_ha":5.809,"fonte":"IBGE, Censo 2022 — malha e agregados por setor","pessoas":436.0,"domicilios":168.0,"dom_particulares":168.0,"dom_coletivos":0.0,"moradores_por_dom":3.0,"pct_imputados":0.0345,"dom_ocupados":145.0,"dom_uso_ocasional":5.0,"dom_vagos":18.0,"dens_hab_ha":75.05,"dens_dom_ha":28.92,"pct_vagos":10.7,"pct_uso_ocasional":3.0,"pct_ocupados":86.3},"geometry":{"type":"Polygon","coordinates":[[[-44.167305,-2.556042],[-44.16743,-2.555356],[-44.167503,-2.554977],[-44.167546,-2.554763],[-44.169306,-2.55511],[-44.170647,-2.555406],[-44.171154,-2.555516],[-44.171055,-2.556006],[-44.170993,-2.556437],[-44.170918,-2.556744],[-44.170774,-2.55671],[-44.167386,-2.556054],[-44.167305,-2.556042]]]}},{"type":"Feature","properties":{"cd_setor":"211120110000006","situacao":"Urbana","bairro":"Vila Sarney Filho I","zona":"ZEU","area_m2":93420.0,"area_ha":9.342,"fonte":"IBGE, Censo 2022 — malha e agregados por setor","pessoas":645.0,"domicilios":222.0,"dom_particulares":222.0,"dom_coletivos":0.0,"moradores_por_dom":3.2,"pct_imputados":0.035,"dom_ocupados":200.0,"dom_uso_ocasional":0.0,"dom_vagos":22.0,"dens_hab_ha":69.04,"dens_dom_ha":23.76,"pct_vagos":9.9,"pct_uso_ocasional":0.0,"pct_ocupados":90.1},"geometry":{"type":"Polygon","coordinates":[[[-44.161236,-2.556348],[-44.161264,-2.555691],[-44.161283,-2.555502],[-44.161332,-2.555044],[-44.162232,-2.555065],[-44.162735,-2.555126],[-44.163187,-2.555234],[-44.16327,-2.555248],[-44.164002,-2.555395],[-44.164095,-2.555411],[-44.165276,-2.555649],[-44.16581,-2.55575],[-44.165899,-2.555766],[-44.165987,-2.555788],[-44.167305,-2.556042],[-44.16707,-2.557305],[-44.165506,-2.557019],[-44.163824,-2.556671],[-44.162709,-2.556467],[-44.162673,-2.556412],[-44.162507,-2.556246],[-44.16221,-2.556223],[-44.161857,-2.55622],[-44.161578,-2.556174],[-44.161236,-2.556348]]]}},{"type":"Feature","properties":{"cd_setor":"211120110000008","situacao":"Urbana","bairro":"Vila Sarney Filho II","zona":"ZEU","area_m2":227411.5,"area_ha":22.741,"fonte":"IBGE, Censo 2022 — malha e agregados por setor","pessoas":533.0,"domicilios":248.0,"dom_particulares":248.0,"dom_coletivos":0.0,"moradores_por_dom":2.9,"pct_imputados":0.0383,"dom_ocupados":183.0,"dom_uso_ocasional":26.0,"dom_vagos":39.0,"dens_hab_ha":23.44,"dens_dom_ha":10.91,"pct_vagos":15.7,"pct_uso_ocasional":10.5,"pct_ocupados":73.8},"geometry":{"type":"Polygon","coordinates":[[[-44.164091,-2.564816],[-44.164269,-2.563892],[-44.164038,-2.563845],[-44.162436,-2.56355],[-44.162308,-2.563529],[-44.162355,-2.563307],[-44.162515,-2.562598],[-44.162626,-2.562012],[-44.162668,-2.561733],[-44.163471,-2.56185],[-44.164364,-2.562014],[-44.165258,-2.562191],[-44.165662,-2.562247],[-44.166066,-2.562324],[-44.167068,-2.562516],[-44.167355,-2.562573],[-44.169776,-2.562991],[-44.169746,-2.56315],[-44.169643,-2.56371],[-44.169613,-2.563874],[-44.169456,-2.564823],[-44.169312,-2.565728],[-44.169302,-2.565781],[-44.169298,-2.5658],[-44.167725,-2.565488],[-44.16616,-2.565219],[-44.164091,-2.564816]]]}},{"type":"Feature","properties":{"cd_setor":"211120110000010","situacao":"Urbana","bairro":"Vila Sarney Filho I","zona":"ZEU","area_m2":58765.3,"area_ha":5.877,"fonte":"IBGE, Censo 2022 — malha e agregados por setor","pessoas":235.0,"domicilios":120.0,"dom_particulares":120.0,"dom_coletivos":0.0,"moradores_por_dom":2.9,"pct_imputados":0.0,"dom_ocupados":81.0,"dom_uso_ocasional":3.0,"dom_vagos":36.0,"dens_hab_ha":39.99,"dens_dom_ha":20.42,"pct_vagos":30.0,"pct_uso_ocasional":2.5,"pct_ocupados":67.5},"geometry":{"type":"Polygon","coordinates":[[[-44.170866,-2.552055],[-44.171805,-2.55199],[-44.171744,-2.552142],[-44.171584,-2.553059],[-44.171439,-2.553911],[-44.171436,-2.553943],[-44.170394,-2.553772],[-44.169419,-2.553654],[-44.16913,-2.553606],[-44.168675,-2.553528],[-44.16869,-2.553491],[-44.168767,-2.553077],[-44.16877,-2.553061],[-44.168923,-2.552254],[-44.168906,-2.552031],[-44.169163,-2.552038],[-44.170866,-2.552055]]]}},{"type":"Feature","properties":{"cd_setor":"211120110000013","situacao":"Urbana","bairro":"Jaguarema","zona":"ZDU - BV","area_m2":263139.7,"area_ha":26.314,"fonte":"IBGE, Censo 2022 — malha e agregados por setor","pessoas":0.0,"domicilios":2.0,"dom_particulares":2.0,"dom_coletivos":0.0,"moradores_por_dom":0.0,"pct_imputados":0.0,"dom_ocupados":0.0,"dom_uso_ocasional":1.0,"dom_vagos":1.0,"dens_hab_ha":null,"dens_dom_ha":0.08,"pct_vagos":50.0,"pct_uso_ocasional":50.0,"pct_ocupados":0.0},"geometry":{"type":"Polygon","coordinates":[[[-44.11367,-2.588253],[-44.112397,-2.588242],[-44.11248,-2.58622],[-44.112365,-2.582603],[-44.112259,-2.579005],[-44.112123,-2.576123],[-44.112145,-2.575573],[-44.112121,-2.575107],[-44.112112,-2.574595],[-44.11206,-2.574075],[-44.11204,-2.573613],[-44.111877,-2.570318],[-44.111996,-2.570326],[-44.112786,-2.570306],[-44.113064,-2.57028],[-44.113295,-2.575537],[-44.113372,-2.577499],[-44.113467,-2.580309],[-44.113583,-2.582474],[-44.113609,-2.583367],[-44.113684,-2.585632],[-44.11367,-2.588253]]]}},{"type":"Feature","properties":{"cd_setor":"211120110000014","situacao":"Urbana","bairro":"Tijupá Queimado","zona":"ZEU","area_m2":117636.8,"area_ha":11.764,"fonte":"IBGE, Censo 2022 — malha e agregados por setor","pessoas":399.0,"domicilios":178.0,"dom_particulares":178.0,"dom_coletivos":0.0,"moradores_por_dom":2.9,"pct_imputados":0.0,"dom_ocupados":136.0,"dom_uso_ocasional":8.0,"dom_vagos":34.0,"dens_hab_ha":33.92,"dens_dom_ha":15.13,"pct_vagos":19.1,"pct_uso_ocasional":4.5,"pct_ocupados":76.4},"geometry":{"type":"Polygon","coordinates":[[[-44.173196,-2.551891],[-44.17374,-2.551853],[-44.174366,-2.551817],[-44.174727,-2.551776],[-44.174912,-2.551778],[-44.175167,-2.551779],[-44.175253,-2.551778],[-44.175025,-2.554161],[-44.17502,-2.554217],[-44.174925,-2.555396],[-44.174924,-2.555405],[-44.174506,-2.555333],[-44.173622,-2.555154],[-44.173556,-2.554223],[-44.171421,-2.554008],[-44.171436,-2.553943],[-44.171439,-2.553911],[-44.171584,-2.553059],[-44.171744,-2.552142],[-44.171805,-2.55199],[-44.172976,-2.551907],[-44.173196,-2.551891]]]}},{"type":"Feature","properties":{"cd_setor":"211120110000015","situacao":"Urbana","bairro":"Tijupá Queimado","zona":"ZEU","area_m2":307008.6,"area_ha":30.701,"fonte":"IBGE, Censo 2022 — malha e agregados por setor","pessoas":409.0,"domicilios":181.0,"dom_particulares":181.0,"dom_coletivos":0.0,"moradores_por_dom":3.1,"pct_imputados":0.0,"dom_ocupados":133.0,"dom_uso_ocasional":10.0,"dom_vagos":38.0,"dens_hab_ha":13.32,"dens_dom_ha":5.9,"pct_vagos":21.0,"pct_uso_ocasional":5.5,"pct_ocupados":73.5},"geometry":{"type":"Polygon","coordinates":[[[-44.170918,-2.556744],[-44.170993,-2.556437],[-44.171903,-2.556527],[-44.173495,-2.556675],[-44.173731,-2.556683],[-44.174486,-2.556761],[-44.17476,-2.556787],[-44.17499,-2.556809],[-44.175475,-2.556826],[-44.176131,-2.556858],[-44.175975,-2.558084],[-44.175968,-2.558306],[-44.176159,-2.558283],[-44.176259,-2.558225],[-44.176615,-2.557799],[-44.176759,-2.557612],[-44.176901,-2.557506],[-44.177568,-2.557165],[-44.178345,-2.556819],[-44.178536,-2.55673],[-44.178826,-2.556646],[-44.179186,-2.556669],[-44.179247,-2.556943],[-44.179259,-2.557021],[-44.179357,-2.557483],[-44.179608,-2.558801],[-44.180261,-2.558783],[-44.180846,-2.55873],[-44.180888,-2.559108],[-44.180917,-2.55973],[-44.180793,-2.56049],[-44.180778,-2.560565],[-44.180713,-2.5609],[-44.180508,-2.560853],[-44.180003,-2.56078],[-44.178822,-2.560382],[-44.17793,-2.560037],[-44.177126,-2.559857],[-44.176025,-2.559959],[-44.175909,-2.559962],[-44.175877,-2.559854],[-44.175739,-2.558417],[-44.175211,-2.558585],[-44.174081,-2.559088],[-44.173914,-2.559131],[-44.173691,-2.559085],[-44.173311,-2.559053],[-44.1723,-2.559072],[-44.170512,-2.559062],[-44.17055,-2.558857],[-44.170606,-2.558565],[-44.1707,-2.558002],[-44.17082,-2.557301],[-44.170918,-2.556744]]]}},{"type":"Feature","properties":{"cd_setor":"211120110000017","situacao":"Urbana","bairro":"J. Lima","zona":"ZEU","area_m2":129235.8,"area_ha":12.924,"fonte":"IBGE, Censo 2022 — malha e agregados por setor","pessoas":443.0,"domicilios":173.0,"dom_particulares":173.0,"dom_coletivos":0.0,"moradores_por_dom":3.1,"pct_imputados":0.0567,"dom_ocupados":141.0,"dom_uso_ocasional":15.0,"dom_vagos":17.0,"dens_hab_ha":34.28,"dens_dom_ha":13.39,"pct_vagos":9.8,"pct_uso_ocasional":8.7,"pct_ocupados":81.5},"geometry":{"type":"Polygon","coordinates":[[[-44.176865,-2.565303],[-44.175869,-2.565164],[-44.173279,-2.564537],[-44.173448,-2.56363],[-44.173613,-2.562735],[-44.173762,-2.561824],[-44.174665,-2.561946],[-44.176773,-2.562375],[-44.177391,-2.562502],[-44.176865,-2.565303]]]}},{"type":"Feature","properties":{"cd_setor":"211120110000018","situacao":"Urbana","bairro":"Jardim Tropical","zona":"ZEU","area_m2":45375.3,"area_ha":4.538,"fonte":"IBGE, Censo 2022 — malha e agregados por setor","pessoas":367.0,"domicilios":168.0,"dom_particulares":168.0,"dom_coletivos":0.0,"moradores_por_dom":2.9,"pct_imputados":0.048,"dom_ocupados":125.0,"dom_uso_ocasional":8.0,"dom_vagos":35.0,"dens_hab_ha":80.88,"dens_dom_ha":37.02,"pct_vagos":20.8,"pct_uso_ocasional":4.8,"pct_ocupados":74.4},"geometry":{"type":"Polygon","coordinates":[[[-44.186979,-2.574519],[-44.186638,-2.574886],[-44.186019,-2.575539],[-44.186114,-2.575366],[-44.186113,-2.573793],[-44.186113,-2.573787],[-44.18616,-2.571897],[-44.186553,-2.571918],[-44.18681,-2.571922],[-44.187469,-2.571933],[-44.187407,-2.573826],[-44.187445,-2.574039],[-44.187331,-2.574145],[-44.187057,-2.574435],[-44.186979,-2.574519]]]}},{"type":"Feature","properties":{"cd_setor":"211120110000019","situacao":"Urbana","bairro":"Jardim Tropical","zona":"ZEU","area_m2":75949.9,"area_ha":7.595,"fonte":"IBGE, Censo 2022 — malha e agregados por setor","pessoas":517.0,"domicilios":217.0,"dom_particulares":217.0,"dom_coletivos":0.0,"moradores_por_dom":2.9,"pct_imputados":0.0,"dom_ocupados":179.0,"dom_uso_ocasional":4.0,"dom_vagos":34.0,"dens_hab_ha":68.07,"dens_dom_ha":28.57,"pct_vagos":15.7,"pct_uso_ocasional":1.8,"pct_ocupados":82.5},"geometry":{"type":"Polygon","coordinates":[[[-44.181597,-2.573676],[-44.181616,-2.571782],[-44.18227,-2.571792],[-44.182884,-2.57181],[-44.183414,-2.571834],[-44.183568,-2.57184],[-44.184246,-2.571855],[-44.184897,-2.571852],[-44.184828,-2.573771],[-44.184811,-2.573771],[-44.18471,-2.573768],[-44.18417,-2.573751],[-44.183538,-2.573733],[-44.183011,-2.573704],[-44.182883,-2.573697],[-44.18269,-2.573691],[-44.18225,-2.573693],[-44.181597,-2.573676]]]}},{"type":"Feature","properties":{"cd_setor":"211120110000020","situacao":"Urbana","bairro":"Jardim Tropical","zona":"ZEU","area_m2":75351.5,"area_ha":7.535,"fonte":"IBGE, Censo 2022 — malha e agregados por setor","pessoas":588.0,"domicilios":202.0,"dom_particulares":202.0,"dom_coletivos":0.0,"moradores_por_dom":3.3,"pct_imputados":0.0674,"dom_ocupados":178.0,"dom_uso_ocasional":3.0,"dom_vagos":21.0,"dens_hab_ha":78.03,"dens_dom_ha":26.81,"pct_vagos":10.4,"pct_uso_ocasional":1.5,"pct_ocupados":88.1},"geometry":{"type":"Polygon","coordinates":[[[-44.179649,-2.57363],[-44.1803,-2.573627],[-44.18097,-2.573645],[-44.181597,-2.573676],[-44.18225,-2.573693],[-44.18269,-2.573691],[-44.182883,-2.573697],[-44.182829,-2.575617],[-44.182202,-2.575603],[-44.181541,-2.575564],[-44.180928,-2.575538],[-44.180898,-2.57553],[-44.180201,-2.575511],[-44.179592,-2.575452],[-44.179639,-2.573634],[-44.179649,-2.57363]]]}},{"type":"Feature","properties":{"cd_setor":"211120110000021","situacao":"Urbana","bairro":"Jardim Tropical","zona":"ZEU","area_m2":98735.7,"area_ha":9.874,"fonte":"IBGE, Censo 2022 — malha e agregados por setor","pessoas":585.0,"domicilios":196.0,"dom_particulares":196.0,"dom_coletivos":0.0,"moradores_por_dom":3.4,"pct_imputados":0.0409,"dom_ocupados":171.0,"dom_uso_ocasional":9.0,"dom_vagos":16.0,"dens_hab_ha":59.25,"dens_dom_ha":19.85,"pct_vagos":8.2,"pct_uso_ocasional":4.6,"pct_ocupados":87.2},"geometry":{"type":"Polygon","coordinates":[[[-44.175837,-2.573434],[-44.175865,-2.573439],[-44.176131,-2.573486],[-44.176238,-2.57351],[-44.176652,-2.573472],[-44.177007,-2.573425],[-44.177206,-2.573431],[-44.17736,-2.57344],[-44.177472,-2.573519],[-44.177524,-2.573526],[-44.17776,-2.573564],[-44.17838,-2.573584],[-44.17901,-2.573606],[-44.179639,-2.573634],[-44.179592,-2.575452],[-44.178947,-2.575422],[-44.178278,-2.575418],[-44.17764,-2.575407],[-44.176427,-2.575387],[-44.1764,-2.575387],[-44.174833,-2.575281],[-44.175199,-2.574594],[-44.175494,-2.574099],[-44.1756,-2.573892],[-44.175837,-2.573434]]]}},{"type":"Feature","properties":{"cd_setor":"211120110000022","situacao":"Urbana","bairro":"Jardim Tropical","zona":"ZEU","area_m2":80809.4,"area_ha":8.081,"fonte":"IBGE, Censo 2022 — malha e agregados por setor","pessoas":499.0,"domicilios":178.0,"dom_particulares":178.0,"dom_coletivos":0.0,"moradores_por_dom":3.4,"pct_imputados":0.0616,"dom_ocupados":146.0,"dom_uso_ocasional":3.0,"dom_vagos":29.0,"dens_hab_ha":61.75,"dens_dom_ha":22.03,"pct_vagos":16.3,"pct_uso_ocasional":1.7,"pct_ocupados":82.0},"geometry":{"type":"Polygon","coordinates":[[[-44.176146,-2.56966],[-44.176329,-2.569653],[-44.176592,-2.56964],[-44.17746,-2.569603],[-44.177358,-2.569853],[-44.176742,-2.570933],[-44.176719,-2.57098],[-44.176138,-2.570708],[-44.175512,-2.570431],[-44.175417,-2.570694],[-44.175245,-2.571594],[-44.174218,-2.571613],[-44.173906,-2.571607],[-44.173555,-2.571599],[-44.172394,-2.571572],[-44.173328,-2.569768],[-44.174021,-2.56973],[-44.175699,-2.56967],[-44.176146,-2.56966]]]}},{"type":"Feature","properties":{"cd_setor":"211120110000023","situacao":"Urbana","bairro":"Jardim Tropical","zona":"ZEU","area_m2":243570.8,"area_ha":24.357,"fonte":"IBGE, Censo 2022 — malha e agregados por setor","pessoas":1008.0,"domicilios":399.0,"dom_particulares":399.0,"dom_coletivos":0.0,"moradores_por_dom":3.0,"pct_imputados":0.0241,"dom_ocupados":332.0,"dom_uso_ocasional":7.0,"dom_vagos":60.0,"dens_hab_ha":41.38,"dens_dom_ha":16.38,"pct_vagos":15.0,"pct_uso_ocasional":1.8,"pct_ocupados":83.2},"geometry":{"type":"Polygon","coordinates":[[[-44.174817,-2.57531],[-44.174833,-2.575281],[-44.1764,-2.575387],[-44.176431,-2.575641],[-44.176465,-2.575894],[-44.176525,-2.576177],[-44.176572,-2.576213],[-44.177589,-2.577263],[-44.177838,-2.57728],[-44.178411,-2.577283],[-44.178845,-2.57731],[-44.178982,-2.577315],[-44.179148,-2.57732],[-44.17915,-2.57732],[-44.178397,-2.578053],[-44.177934,-2.578493],[-44.177411,-2.578992],[-44.176751,-2.579505],[-44.176376,-2.579839],[-44.176192,-2.580004],[-44.176097,-2.580157],[-44.175903,-2.58042],[-44.173682,-2.580436],[-44.173171,-2.580384],[-44.173643,-2.579272],[-44.173587,-2.579218],[-44.172924,-2.578762],[-44.172394,-2.578486],[-44.173227,-2.576963],[-44.173419,-2.57659],[-44.173765,-2.575934],[-44.173801,-2.575863],[-44.174373,-2.576134],[-44.174817,-2.57531]]]}},{"type":"Feature","properties":{"cd_setor":"211120110000024","situacao":"Urbana","bairro":"Jardim Tropical","zona":"ZEU","area_m2":60826.9,"area_ha":6.083,"fonte":"IBGE, Censo 2022 — malha e agregados por setor","pessoas":527.0,"domicilios":190.0,"dom_particulares":190.0,"dom_coletivos":0.0,"moradores_por_dom":3.3,"pct_imputados":0.037,"dom_ocupados":162.0,"dom_uso_ocasional":4.0,"dom_vagos":24.0,"dens_hab_ha":86.64,"dens_dom_ha":31.24,"pct_vagos":12.6,"pct_uso_ocasional":2.1,"pct_ocupados":85.3},"geometry":{"type":"Polygon","coordinates":[[[-44.182124,-2.577395],[-44.182124,-2.57737],[-44.182202,-2.575603],[-44.182829,-2.575617],[-44.183471,-2.575629],[-44.184129,-2.575644],[-44.184064,-2.577441],[-44.184068,-2.577479],[-44.183384,-2.577987],[-44.183342,-2.578013],[-44.182909,-2.578313],[-44.182198,-2.578746],[-44.182095,-2.578805],[-44.182124,-2.577395]]]}},{"type":"Feature","properties":{"cd_setor":"211120110000025","situacao":"Urbana","bairro":"Vila São Luís","zona":"ZEU","area_m2":79419.5,"area_ha":7.942,"fonte":"IBGE, Censo 2022 — malha e agregados por setor","pessoas":570.0,"domicilios":225.0,"dom_particulares":225.0,"dom_coletivos":0.0,"moradores_por_dom":2.8,"pct_imputados":0.0195,"dom_ocupados":205.0,"dom_uso_ocasional":1.0,"dom_vagos":19.0,"dens_hab_ha":71.77,"dens_dom_ha":28.33,"pct_vagos":8.4,"pct_uso_ocasional":0.4,"pct_ocupados":91.1},"geometry":{"type":"Polygon","coordinates":[[[-44.184679,-2.563887],[-44.184793,-2.563223],[-44.184923,-2.562599],[-44.185018,-2.562617],[-44.185281,-2.562662],[-44.185479,-2.562702],[-44.185947,-2.5628],[-44.18662,-2.562931],[-44.186725,-2.562964],[-44.187154,-2.56304],[-44.187286,-2.563062],[-44.187426,-2.563089],[-44.187864,-2.563174],[-44.187976,-2.563212],[-44.18802,-2.563623],[-44.188044,-2.563844],[-44.188112,-2.564452],[-44.188152,-2.564832],[-44.188167,-2.564969],[-44.188185,-2.565146],[-44.188123,-2.565142],[-44.187995,-2.565123],[-44.186369,-2.56482],[-44.186334,-2.564812],[-44.184574,-2.564477],[-44.184679,-2.563887]]]}},{"type":"Feature","properties":{"cd_setor":"211120110000027","situacao":"Urbana","bairro":"Vila Flamengo","zona":"ZEU","area_m2":46660.2,"area_ha":4.666,"fonte":"IBGE, Censo 2022 — malha e agregados por setor","pessoas":491.0,"domicilios":185.0,"dom_particulares":185.0,"dom_coletivos":0.0,"moradores_por_dom":2.9,"pct_imputados":0.0179,"dom_ocupados":168.0,"dom_uso_ocasional":5.0,"dom_vagos":12.0,"dens_hab_ha":105.23,"dens_dom_ha":39.65,"pct_vagos":6.5,"pct_uso_ocasional":2.7,"pct_ocupados":90.8},"geometry":{"type":"Polygon","coordinates":[[[-44.192486,-2.564648],[-44.192242,-2.564871],[-44.192124,-2.56499],[-44.191939,-2.565161],[-44.191749,-2.565341],[-44.191608,-2.565471],[-44.191505,-2.565558],[-44.191415,-2.56564],[-44.191359,-2.565572],[-44.190049,-2.565371],[-44.189428,-2.565284],[-44.189192,-2.565248],[-44.188935,-2.565248],[-44.188196,-2.565211],[-44.188185,-2.565146],[-44.188167,-2.564969],[-44.188152,-2.564832],[-44.188112,-2.564452],[-44.188044,-2.563844],[-44.18802,-2.563623],[-44.187976,-2.563212],[-44.188344,-2.56328],[-44.188805,-2.563364],[-44.188678,-2.563985],[-44.188534,-2.564627],[-44.18902,-2.564714],[-44.190124,-2.564943],[-44.190248,-2.564305],[-44.192209,-2.564662],[-44.192486,-2.564648]]]}},{"type":"Feature","properties":{"cd_setor":"211120110000028","situacao":"Urbana","bairro":"Vila Flamengo","zona":"ZEU","area_m2":54228.9,"area_ha":5.423,"fonte":"IBGE, Censo 2022 — malha e agregados por setor","pessoas":487.0,"domicilios":179.0,"dom_particulares":179.0,"dom_coletivos":0.0,"moradores_por_dom":3.0,"pct_imputados":0.0438,"dom_ocupados":160.0,"dom_uso_ocasional":4.0,"dom_vagos":15.0,"dens_hab_ha":89.8,"dens_dom_ha":33.01,"pct_vagos":8.4,"pct_uso_ocasional":2.2,"pct_ocupados":89.4},"geometry":{"type":"Polygon","coordinates":[[[-44.194643,-2.562684],[-44.194369,-2.562927],[-44.194185,-2.563091],[-44.194057,-2.563209],[-44.193711,-2.563527],[-44.193468,-2.563745],[-44.193267,-2.563928],[-44.192448,-2.563699],[-44.191934,-2.563623],[-44.19153,-2.563539],[-44.191739,-2.56247],[-44.191295,-2.562368],[-44.190716,-2.562243],[-44.190749,-2.56211],[-44.190843,-2.561699],[-44.191566,-2.561868],[-44.192292,-2.562037],[-44.19252,-2.562087],[-44.192776,-2.562144],[-44.19304,-2.562207],[-44.193388,-2.562284],[-44.193504,-2.562308],[-44.193711,-2.562361],[-44.194637,-2.562569],[-44.194724,-2.562589],[-44.194643,-2.562684]]]}},{"type":"Feature","properties":{"cd_setor":"211120110000030","situacao":"Urbana","bairro":"Vila Operária","zona":"ZEU","area_m2":61130.3,"area_ha":6.113,"fonte":"IBGE, Censo 2022 — malha e agregados por setor","pessoas":509.0,"domicilios":183.0,"dom_particulares":183.0,"dom_coletivos":0.0,"moradores_por_dom":3.1,"pct_imputados":0.0247,"dom_ocupados":162.0,"dom_uso_ocasional":1.0,"dom_vagos":20.0,"dens_hab_ha":83.26,"dens_dom_ha":29.94,"pct_vagos":10.9,"pct_uso_ocasional":0.5,"pct_ocupados":88.5},"geometry":{"type":"Polygon","coordinates":[[[-44.187286,-2.563062],[-44.187187,-2.562226],[-44.186545,-2.562222],[-44.186247,-2.559861],[-44.186128,-2.558822],[-44.186296,-2.558859],[-44.186556,-2.558915],[-44.186826,-2.55897],[-44.187345,-2.559104],[-44.187537,-2.55922],[-44.1876,-2.559342],[-44.187618,-2.559786],[-44.187648,-2.560008],[-44.187736,-2.56096],[-44.187723,-2.561061],[-44.187724,-2.561172],[-44.187738,-2.561338],[-44.18777,-2.561588],[-44.187827,-2.562055],[-44.187832,-2.562107],[-44.187891,-2.562607],[-44.187897,-2.562651],[-44.18795,-2.563056],[-44.187976,-2.563212],[-44.187864,-2.563174],[-44.187426,-2.563089],[-44.187286,-2.563062]]]}},{"type":"Feature","properties":{"cd_setor":"211120110000031","situacao":"Urbana","bairro":"Vila Operária","zona":"ZEU","area_m2":70034.5,"area_ha":7.003,"fonte":"IBGE, Censo 2022 — malha e agregados por setor","pessoas":502.0,"domicilios":182.0,"dom_particulares":182.0,"dom_coletivos":0.0,"moradores_por_dom":3.1,"pct_imputados":0.037,"dom_ocupados":162.0,"dom_uso_ocasional":4.0,"dom_vagos":16.0,"dens_hab_ha":71.68,"dens_dom_ha":25.99,"pct_vagos":8.8,"pct_uso_ocasional":2.2,"pct_ocupados":89.0},"geometry":{"type":"Polygon","coordinates":[[[-44.184605,-2.562537],[-44.184463,-2.561222],[-44.184302,-2.560098],[-44.183657,-2.560172],[-44.183581,-2.559632],[-44.183415,-2.558275],[-44.183492,-2.558286],[-44.18371,-2.55833],[-44.184076,-2.558403],[-44.184787,-2.558554],[-44.184908,-2.559709],[-44.184946,-2.560023],[-44.185608,-2.559953],[-44.185934,-2.562653],[-44.185947,-2.5628],[-44.185479,-2.562702],[-44.185281,-2.562662],[-44.185018,-2.562617],[-44.184923,-2.562599],[-44.18471,-2.56256],[-44.184605,-2.562537]]]}},{"type":"Feature","properties":{"cd_setor":"211120110000032","situacao":"Urbana","bairro":"Vila Operária","zona":"ZEU","area_m2":61499.5,"area_ha":6.15,"fonte":"IBGE, Censo 2022 — malha e agregados por setor","pessoas":485.0,"domicilios":160.0,"dom_particulares":160.0,"dom_coletivos":0.0,"moradores_por_dom":3.5,"pct_imputados":0.0214,"dom_ocupados":140.0,"dom_uso_ocasional":0.0,"dom_vagos":20.0,"dens_hab_ha":78.86,"dens_dom_ha":26.02,"pct_vagos":12.5,"pct_uso_ocasional":0.0,"pct_ocupados":87.5},"geometry":{"type":"Polygon","coordinates":[[[-44.180793,-2.56049],[-44.180917,-2.55973],[-44.180888,-2.559108],[-44.180846,-2.55873],[-44.180261,-2.558783],[-44.179608,-2.558801],[-44.179357,-2.557483],[-44.179967,-2.557576],[-44.18038,-2.557676],[-44.180535,-2.557706],[-44.180613,-2.55772],[-44.18078,-2.557751],[-44.181211,-2.557842],[-44.181215,-2.557843],[-44.181507,-2.557905],[-44.181611,-2.557923],[-44.181656,-2.557935],[-44.182126,-2.558025],[-44.182164,-2.558678],[-44.182214,-2.559107],[-44.182373,-2.560319],[-44.181715,-2.560411],[-44.180793,-2.56049]]]}},{"type":"Feature","properties":{"cd_setor":"211120110000033","situacao":"Urbana","bairro":"Vila Cafeteira","zona":"ZEU","area_m2":30261.2,"area_ha":3.026,"fonte":"IBGE, Censo 2022 — malha e agregados por setor","pessoas":352.0,"domicilios":145.0,"dom_particulares":145.0,"dom_coletivos":0.0,"moradores_por_dom":2.9,"pct_imputados":0.0082,"dom_ocupados":122.0,"dom_uso_ocasional":0.0,"dom_vagos":23.0,"dens_hab_ha":116.32,"dens_dom_ha":47.92,"pct_vagos":15.9,"pct_uso_ocasional":0.0,"pct_ocupados":84.1},"geometry":{"type":"Polygon","coordinates":[[[-44.191566,-2.561868],[-44.19161,-2.561646],[-44.19167,-2.561316],[-44.191775,-2.560841],[-44.191883,-2.560434],[-44.192109,-2.56048],[-44.19284,-2.560661],[-44.192747,-2.561131],[-44.193719,-2.561337],[-44.193639,-2.561721],[-44.193504,-2.562308],[-44.193388,-2.562284],[-44.19304,-2.562207],[-44.192776,-2.562144],[-44.19252,-2.562087],[-44.192292,-2.562037],[-44.191566,-2.561868]]]}},{"type":"Feature","properties":{"cd_setor":"211120110000034","situacao":"Urbana","bairro":"Vila Santa Teresinha","zona":"ZEU","area_m2":42289.5,"area_ha":4.229,"fonte":"IBGE, Censo 2022 — malha e agregados por setor","pessoas":507.0,"domicilios":183.0,"dom_particulares":183.0,"dom_coletivos":0.0,"moradores_por_dom":3.1,"pct_imputados":0.0183,"dom_ocupados":164.0,"dom_uso_ocasional":1.0,"dom_vagos":18.0,"dens_hab_ha":119.89,"dens_dom_ha":43.27,"pct_vagos":9.8,"pct_uso_ocasional":0.5,"pct_ocupados":89.6},"geometry":{"type":"Polygon","coordinates":[[[-44.194268,-2.560993],[-44.194304,-2.560579],[-44.194357,-2.559884],[-44.19438,-2.559415],[-44.194454,-2.558549],[-44.19449,-2.558032],[-44.194673,-2.558045],[-44.194988,-2.558069],[-44.195454,-2.558123],[-44.195526,-2.55813],[-44.195991,-2.558176],[-44.196597,-2.558226],[-44.196585,-2.558549],[-44.196578,-2.559044],[-44.196576,-2.559307],[-44.19657,-2.559588],[-44.195906,-2.559574],[-44.195925,-2.559301],[-44.195409,-2.559236],[-44.194873,-2.559157],[-44.19478,-2.560385],[-44.19472,-2.561118],[-44.194268,-2.560993]]]}},{"type":"Feature","properties":{"cd_setor":"211120110000035","situacao":"Urbana","bairro":"Vila Kiola","zona":"ZEU","area_m2":89710.4,"area_ha":8.971,"fonte":"IBGE, Censo 2022 — malha e agregados por setor","pessoas":485.0,"domicilios":197.0,"dom_particulares":197.0,"dom_coletivos":0.0,"moradores_por_dom":3.1,"pct_imputados":0.0449,"dom_ocupados":156.0,"dom_uso_ocasional":6.0,"dom_vagos":35.0,"dens_hab_ha":54.06,"dens_dom_ha":21.96,"pct_vagos":17.8,"pct_uso_ocasional":3.0,"pct_ocupados":79.2},"geometry":{"type":"Polygon","coordinates":[[[-44.18737,-2.55261],[-44.187439,-2.552639],[-44.187966,-2.552853],[-44.187938,-2.552927],[-44.187766,-2.553423],[-44.187702,-2.553608],[-44.187603,-2.55389],[-44.187434,-2.55438],[-44.187376,-2.554554],[-44.187281,-2.55478],[-44.186688,-2.554555],[-44.186547,-2.554919],[-44.185572,-2.554875],[-44.185582,-2.554648],[-44.184962,-2.554631],[-44.184293,-2.554612],[-44.184292,-2.554612],[-44.184316,-2.553052],[-44.185015,-2.553072],[-44.185065,-2.552276],[-44.185509,-2.552298],[-44.185904,-2.552328],[-44.18596,-2.552332],[-44.186587,-2.552375],[-44.186895,-2.552432],[-44.187129,-2.552509],[-44.18737,-2.55261]]]}},{"type":"Feature","properties":{"cd_setor":"211120110000036","situacao":"Urbana","bairro":"Vila Kiola","zona":"ZEU","area_m2":75262.8,"area_ha":7.526,"fonte":"IBGE, Censo 2022 — malha e agregados por setor","pessoas":488.0,"domicilios":180.0,"dom_particulares":180.0,"dom_coletivos":0.0,"moradores_por_dom":3.3,"pct_imputados":0.0616,"dom_ocupados":146.0,"dom_uso_ocasional":1.0,"dom_vagos":33.0,"dens_hab_ha":64.84,"dens_dom_ha":23.92,"pct_vagos":18.3,"pct_uso_ocasional":0.6,"pct_ocupados":81.1},"geometry":{"type":"Polygon","coordinates":[[[-44.181633,-2.554223],[-44.181662,-2.553851],[-44.182362,-2.553875],[-44.182327,-2.554484],[-44.182991,-2.55451],[-44.183647,-2.554555],[-44.184292,-2.554612],[-44.184293,-2.554612],[-44.184208,-2.556126],[-44.183897,-2.556109],[-44.183877,-2.556572],[-44.183865,-2.556777],[-44.183865,-2.556781],[-44.182208,-2.556698],[-44.181677,-2.55667],[-44.181534,-2.556663],[-44.181523,-2.556662],[-44.181526,-2.556596],[-44.181547,-2.556029],[-44.181633,-2.554223]]]}},{"type":"Feature","properties":{"cd_setor":"211120110000037","situacao":"Urbana","bairro":"Vila Kiola","zona":"ZEU","area_m2":112056.5,"area_ha":11.206,"fonte":"IBGE, Censo 2022 — malha e agregados por setor","pessoas":576.0,"domicilios":267.0,"dom_particulares":267.0,"dom_coletivos":0.0,"moradores_por_dom":3.0,"pct_imputados":0.0361,"dom_ocupados":194.0,"dom_uso_ocasional":8.0,"dom_vagos":65.0,"dens_hab_ha":51.4,"dens_dom_ha":23.83,"pct_vagos":24.3,"pct_uso_ocasional":3.0,"pct_ocupados":72.7},"geometry":{"type":"Polygon","coordinates":[[[-44.177742,-2.554143],[-44.178588,-2.554191],[-44.178588,-2.554553],[-44.180307,-2.554645],[-44.180336,-2.554121],[-44.180994,-2.554186],[-44.181633,-2.554223],[-44.181547,-2.556029],[-44.181526,-2.556596],[-44.181523,-2.556662],[-44.181451,-2.556658],[-44.181173,-2.556637],[-44.180398,-2.556586],[-44.180006,-2.556564],[-44.179805,-2.556558],[-44.179396,-2.556529],[-44.179183,-2.55652],[-44.179186,-2.556669],[-44.178826,-2.556646],[-44.178536,-2.55673],[-44.178345,-2.556819],[-44.177568,-2.557165],[-44.1776,-2.556436],[-44.177631,-2.555808],[-44.177742,-2.554143]]]}},{"type":"Feature","properties":{"cd_setor":"211120110000038","situacao":"Urbana","bairro":"Vila Operária","zona":"ZEU","area_m2":70570.3,"area_ha":7.057,"fonte":"IBGE, Censo 2022 — malha e agregados por setor","pessoas":588.0,"domicilios":252.0,"dom_particulares":252.0,"dom_coletivos":0.0,"moradores_por_dom":3.1,"pct_imputados":0.0481,"dom_ocupados":187.0,"dom_uso_ocasional":13.0,"dom_vagos":52.0,"dens_hab_ha":83.32,"dens_dom_ha":35.71,"pct_vagos":20.6,"pct_uso_ocasional":5.2,"pct_ocupados":74.2},"geometry":{"type":"Polygon","coordinates":[[[-44.182798,-2.55816],[-44.182932,-2.55745],[-44.18175,-2.557153],[-44.181358,-2.557081],[-44.181451,-2.556658],[-44.181523,-2.556662],[-44.181534,-2.556663],[-44.181677,-2.55667],[-44.182208,-2.556698],[-44.183865,-2.556781],[-44.183865,-2.556777],[-44.185166,-2.556849],[-44.185192,-2.556851],[-44.185996,-2.556898],[-44.185953,-2.557165],[-44.1859,-2.557427],[-44.18582,-2.557932],[-44.185675,-2.558734],[-44.185457,-2.558688],[-44.185178,-2.558631],[-44.184787,-2.558554],[-44.184076,-2.558403],[-44.18371,-2.55833],[-44.183492,-2.558286],[-44.183415,-2.558275],[-44.18333,-2.558257],[-44.182798,-2.55816]]]}},{"type":"Feature","properties":{"cd_setor":"211120110000039","situacao":"Urbana","bairro":"Tijupá Queimado","zona":"ZEU","area_m2":183063.6,"area_ha":18.306,"fonte":"IBGE, Censo 2022 — malha e agregados por setor","pessoas":477.0,"domicilios":171.0,"dom_particulares":171.0,"dom_coletivos":0.0,"moradores_por_dom":3.0,"pct_imputados":0.0755,"dom_ocupados":159.0,"dom_uso_ocasional":0.0,"dom_vagos":12.0,"dens_hab_ha":26.06,"dens_dom_ha":9.34,"pct_vagos":7.0,"pct_uso_ocasional":0.0,"pct_ocupados":93.0},"geometry":{"type":"Polygon","coordinates":[[[-44.176611,-2.551828],[-44.176693,-2.551832],[-44.177696,-2.551884],[-44.177878,-2.551893],[-44.177901,-2.551895],[-44.177832,-2.552444],[-44.17777,-2.553691],[-44.177742,-2.554143],[-44.177631,-2.555808],[-44.1776,-2.556436],[-44.177568,-2.557165],[-44.176901,-2.557506],[-44.176759,-2.557612],[-44.176615,-2.557799],[-44.176259,-2.558225],[-44.176159,-2.558283],[-44.175968,-2.558306],[-44.175975,-2.558084],[-44.176131,-2.556858],[-44.175475,-2.556826],[-44.17499,-2.556809],[-44.17476,-2.556787],[-44.174924,-2.555405],[-44.174925,-2.555396],[-44.17502,-2.554217],[-44.175025,-2.554161],[-44.175253,-2.551778],[-44.175759,-2.551775],[-44.175979,-2.551791],[-44.176611,-2.551828]]]}},{"type":"Feature","properties":{"cd_setor":"211120110000040","situacao":"Urbana","bairro":"J. Lima","zona":"ZEU","area_m2":172224.9,"area_ha":17.222,"fonte":"IBGE, Censo 2022 — malha e agregados por setor","pessoas":667.0,"domicilios":261.0,"dom_particulares":261.0,"dom_coletivos":0.0,"moradores_por_dom":3.0,"pct_imputados":0.0493,"dom_ocupados":223.0,"dom_uso_ocasional":3.0,"dom_vagos":35.0,"dens_hab_ha":38.73,"dens_dom_ha":15.15,"pct_vagos":13.4,"pct_uso_ocasional":1.1,"pct_ocupados":85.4},"geometry":{"type":"Polygon","coordinates":[[[-44.169298,-2.5658],[-44.169302,-2.565781],[-44.169489,-2.565819],[-44.172864,-2.566499],[-44.172872,-2.5665],[-44.172696,-2.567426],[-44.172537,-2.568374],[-44.172341,-2.569316],[-44.172295,-2.569769],[-44.172127,-2.569846],[-44.170451,-2.569872],[-44.16849,-2.569953],[-44.168491,-2.569655],[-44.168469,-2.569485],[-44.168742,-2.56864],[-44.168943,-2.567709],[-44.168947,-2.567691],[-44.169116,-2.566763],[-44.169298,-2.5658]]]}},{"type":"Feature","properties":{"cd_setor":"211120110000041","situacao":"Urbana","bairro":"J. Lima","zona":"ZEU","area_m2":134123.1,"area_ha":13.412,"fonte":"IBGE, Censo 2022 — malha e agregados por setor","pessoas":569.0,"domicilios":226.0,"dom_particulares":226.0,"dom_coletivos":0.0,"moradores_por_dom":3.0,"pct_imputados":0.0104,"dom_ocupados":192.0,"dom_uso_ocasional":32.0,"dom_vagos":2.0,"dens_hab_ha":42.42,"dens_dom_ha":16.85,"pct_vagos":0.9,"pct_uso_ocasional":14.2,"pct_ocupados":85.0},"geometry":{"type":"Polygon","coordinates":[[[-44.176485,-2.567207],[-44.176679,-2.566279],[-44.176865,-2.565303],[-44.177906,-2.565497],[-44.180506,-2.566002],[-44.18033,-2.566942],[-44.180161,-2.567752],[-44.180132,-2.567895],[-44.180106,-2.568013],[-44.179877,-2.568885],[-44.178771,-2.568664],[-44.177364,-2.568393],[-44.176287,-2.568198],[-44.176485,-2.567207]]]}},{"type":"Feature","properties":{"cd_setor":"211120110000042","situacao":"Urbana","bairro":"Vila São Luís","zona":"ZEU","area_m2":131196.0,"area_ha":13.12,"fonte":"IBGE, Censo 2022 — malha e agregados por setor","pessoas":589.0,"domicilios":212.0,"dom_particulares":212.0,"dom_coletivos":0.0,"moradores_por_dom":3.2,"pct_imputados":0.038,"dom_ocupados":184.0,"dom_uso_ocasional":4.0,"dom_vagos":24.0,"dens_hab_ha":44.89,"dens_dom_ha":16.16,"pct_vagos":11.3,"pct_uso_ocasional":1.9,"pct_ocupados":86.8},"geometry":{"type":"Polygon","coordinates":[[[-44.180506,-2.566002],[-44.1807,-2.565003],[-44.180876,-2.564062],[-44.181074,-2.563172],[-44.181487,-2.563258],[-44.181522,-2.563263],[-44.181856,-2.563325],[-44.182157,-2.56338],[-44.18274,-2.5635],[-44.183226,-2.5636],[-44.183271,-2.56361],[-44.18336,-2.563624],[-44.18343,-2.563636],[-44.184005,-2.563751],[-44.184679,-2.563887],[-44.184574,-2.564477],[-44.184516,-2.564823],[-44.184454,-2.56511],[-44.184333,-2.565743],[-44.184214,-2.566293],[-44.184206,-2.566332],[-44.184151,-2.566633],[-44.184137,-2.56671],[-44.180506,-2.566002]]]}},{"type":"Feature","properties":{"cd_setor":"211120110000043","situacao":"Urbana","bairro":"Jardim Tropical","zona":"ZEU","area_m2":63513.9,"area_ha":6.351,"fonte":"IBGE, Censo 2022 — malha e agregados por setor","pessoas":423.0,"domicilios":161.0,"dom_particulares":161.0,"dom_coletivos":0.0,"moradores_por_dom":3.3,"pct_imputados":0.0157,"dom_ocupados":127.0,"dom_uso_ocasional":4.0,"dom_vagos":30.0,"dens_hab_ha":66.6,"dens_dom_ha":25.35,"pct_vagos":18.6,"pct_uso_ocasional":2.5,"pct_ocupados":78.9},"geometry":{"type":"Polygon","coordinates":[[[-44.183568,-2.57184],[-44.183592,-2.570368],[-44.184907,-2.570295],[-44.186777,-2.570209],[-44.186856,-2.570209],[-44.18681,-2.571922],[-44.186553,-2.571918],[-44.18616,-2.571897],[-44.185512,-2.571871],[-44.18526,-2.571859],[-44.185065,-2.571853],[-44.184897,-2.571852],[-44.184246,-2.571855],[-44.183568,-2.57184]]]}},{"type":"Feature","properties":{"cd_setor":"211120110000044","situacao":"Urbana","bairro":"Jardim Tropical","zona":"ZEU","area_m2":80374.6,"area_ha":8.037,"fonte":"IBGE, Censo 2022 — malha e agregados por setor","pessoas":506.0,"domicilios":204.0,"dom_particulares":204.0,"dom_coletivos":0.0,"moradores_por_dom":3.1,"pct_imputados":0.0311,"dom_ocupados":161.0,"dom_uso_ocasional":6.0,"dom_vagos":37.0,"dens_hab_ha":62.96,"dens_dom_ha":25.38,"pct_vagos":18.1,"pct_uso_ocasional":2.9,"pct_ocupados":78.9},"geometry":{"type":"Polygon","coordinates":[[[-44.179584,-2.569409],[-44.180298,-2.569347],[-44.180613,-2.569304],[-44.180853,-2.569253],[-44.181032,-2.569212],[-44.181644,-2.569158],[-44.182205,-2.56911],[-44.182266,-2.570406],[-44.18227,-2.571792],[-44.181616,-2.571782],[-44.181101,-2.571773],[-44.180435,-2.571748],[-44.17969,-2.571733],[-44.179668,-2.570503],[-44.179584,-2.569409]]]}},{"type":"Feature","properties":{"cd_setor":"211120110000045","situacao":"Urbana","bairro":"Jardim Tropical","zona":"ZEU","area_m2":61245.4,"area_ha":6.125,"fonte":"IBGE, Censo 2022 — malha e agregados por setor","pessoas":541.0,"domicilios":196.0,"dom_particulares":196.0,"dom_coletivos":0.0,"moradores_por_dom":3.2,"pct_imputados":0.0237,"dom_ocupados":169.0,"dom_uso_ocasional":19.0,"dom_vagos":8.0,"dens_hab_ha":88.33,"dens_dom_ha":32.0,"pct_vagos":4.1,"pct_uso_ocasional":9.7,"pct_ocupados":86.2},"geometry":{"type":"Polygon","coordinates":[[[-44.177948,-2.569563],[-44.178499,-2.569511],[-44.179087,-2.569449],[-44.179584,-2.569409],[-44.179668,-2.570503],[-44.17969,-2.571733],[-44.176822,-2.571678],[-44.176974,-2.571412],[-44.177456,-2.570548],[-44.177948,-2.569563]]]}},{"type":"Feature","properties":{"cd_setor":"211120110000046","situacao":"Urbana","bairro":"Jardim Tropical","zona":"ZEU","area_m2":100676.3,"area_ha":10.068,"fonte":"IBGE, Censo 2022 — malha e agregados por setor","pessoas":661.0,"domicilios":231.0,"dom_particulares":231.0,"dom_coletivos":0.0,"moradores_por_dom":3.3,"pct_imputados":0.0505,"dom_ocupados":198.0,"dom_uso_ocasional":3.0,"dom_vagos":30.0,"dens_hab_ha":65.66,"dens_dom_ha":22.94,"pct_vagos":13.0,"pct_uso_ocasional":1.3,"pct_ocupados":85.7},"geometry":{"type":"Polygon","coordinates":[[[-44.170713,-2.57466],[-44.170735,-2.574617],[-44.171293,-2.573639],[-44.171422,-2.573406],[-44.172394,-2.571572],[-44.173555,-2.571599],[-44.173906,-2.571607],[-44.174218,-2.571613],[-44.174224,-2.571711],[-44.173978,-2.57265],[-44.173661,-2.573605],[-44.173506,-2.573901],[-44.173173,-2.574455],[-44.172908,-2.574878],[-44.172609,-2.575391],[-44.172271,-2.57598],[-44.171497,-2.575616],[-44.171765,-2.575106],[-44.170713,-2.57466]]]}},{"type":"Feature","properties":{"cd_setor":"211120110000047","situacao":"Urbana","bairro":"Jardim Tropical","zona":"ZEU","area_m2":60652.1,"area_ha":6.065,"fonte":"IBGE, Censo 2022 — malha e agregados por setor","pessoas":583.0,"domicilios":201.0,"dom_particulares":201.0,"dom_coletivos":0.0,"moradores_por_dom":3.2,"pct_imputados":0.0437,"dom_ocupados":183.0,"dom_uso_ocasional":0.0,"dom_vagos":18.0,"dens_hab_ha":96.12,"dens_dom_ha":33.14,"pct_vagos":9.0,"pct_uso_ocasional":0.0,"pct_ocupados":91.0},"geometry":{"type":"Polygon","coordinates":[[[-44.17746,-2.569603],[-44.177948,-2.569563],[-44.177456,-2.570548],[-44.176974,-2.571412],[-44.176822,-2.571678],[-44.175837,-2.573434],[-44.1756,-2.573892],[-44.175494,-2.574099],[-44.175199,-2.574594],[-44.174833,-2.575281],[-44.174817,-2.57531],[-44.174771,-2.57525],[-44.174307,-2.575016],[-44.174199,-2.575221],[-44.17387,-2.575082],[-44.173859,-2.575113],[-44.172908,-2.574878],[-44.173173,-2.574455],[-44.173506,-2.573901],[-44.173661,-2.573605],[-44.173916,-2.573686],[-44.174187,-2.573792],[-44.174295,-2.573849],[-44.174583,-2.573955],[-44.174839,-2.574038],[-44.175026,-2.573721],[-44.175416,-2.573153],[-44.175707,-2.572655],[-44.175987,-2.572112],[-44.17619,-2.571633],[-44.176395,-2.571645],[-44.176719,-2.57098],[-44.176742,-2.570933],[-44.177358,-2.569853],[-44.17746,-2.569603]]]}},{"type":"Feature","properties":{"cd_setor":"211120110000049","situacao":"Urbana","bairro":"Vila São Luís","zona":"ZEU","area_m2":48258.1,"area_ha":4.826,"fonte":"IBGE, Censo 2022 — malha e agregados por setor","pessoas":390.0,"domicilios":155.0,"dom_particulares":155.0,"dom_coletivos":0.0,"moradores_por_dom":3.0,"pct_imputados":0.0155,"dom_ocupados":129.0,"dom_uso_ocasional":4.0,"dom_vagos":22.0,"dens_hab_ha":80.82,"dens_dom_ha":32.12,"pct_vagos":14.2,"pct_uso_ocasional":2.6,"pct_ocupados":83.2},"geometry":{"type":"Polygon","coordinates":[[[-44.186023,-2.566684],[-44.186138,-2.566059],[-44.186261,-2.565422],[-44.186369,-2.56482],[-44.187995,-2.565123],[-44.188123,-2.565142],[-44.188185,-2.565146],[-44.188196,-2.565211],[-44.18821,-2.565501],[-44.188211,-2.565515],[-44.18823,-2.565762],[-44.188236,-2.565797],[-44.188239,-2.565816],[-44.188241,-2.565828],[-44.188279,-2.566144],[-44.188324,-2.566443],[-44.188386,-2.566854],[-44.188094,-2.566874],[-44.187886,-2.566906],[-44.187806,-2.567015],[-44.186065,-2.566692],[-44.186023,-2.566684]]]}},{"type":"Feature","properties":{"cd_setor":"211120110000050","situacao":"Urbana","bairro":"Alto Turu","zona":"ZEU","area_m2":46364.3,"area_ha":4.636,"fonte":"IBGE, Censo 2022 — malha e agregados por setor","pessoas":470.0,"domicilios":164.0,"dom_particulares":164.0,"dom_coletivos":0.0,"moradores_por_dom":3.3,"pct_imputados":0.0139,"dom_ocupados":144.0,"dom_uso_ocasional":2.0,"dom_vagos":18.0,"dens_hab_ha":101.37,"dens_dom_ha":35.37,"pct_vagos":11.0,"pct_uso_ocasional":1.2,"pct_ocupados":87.8},"geometry":{"type":"Polygon","coordinates":[[[-44.189097,-2.561266],[-44.189233,-2.560739],[-44.189377,-2.560032],[-44.189439,-2.5598],[-44.190389,-2.560029],[-44.190828,-2.560161],[-44.191279,-2.560261],[-44.191668,-2.560347],[-44.191883,-2.560434],[-44.191775,-2.560841],[-44.19167,-2.561316],[-44.19161,-2.561646],[-44.191566,-2.561868],[-44.190843,-2.561699],[-44.190517,-2.561614],[-44.190068,-2.561492],[-44.18963,-2.561391],[-44.189167,-2.561284],[-44.189097,-2.561266]]]}},{"type":"Feature","properties":{"cd_setor":"211120110000051","situacao":"Urbana","bairro":"Recanto Da Paz","zona":"ZEU","area_m2":65643.8,"area_ha":6.564,"fonte":"IBGE, Censo 2022 — malha e agregados por setor","pessoas":876.0,"domicilios":305.0,"dom_particulares":305.0,"dom_coletivos":0.0,"moradores_por_dom":3.3,"pct_imputados":0.0076,"dom_ocupados":262.0,"dom_uso_ocasional":2.0,"dom_vagos":41.0,"dens_hab_ha":133.45,"dens_dom_ha":46.46,"pct_vagos":13.4,"pct_uso_ocasional":0.7,"pct_ocupados":85.9},"geometry":{"type":"Polygon","coordinates":[[[-44.192109,-2.56048],[-44.192258,-2.560014],[-44.192391,-2.559604],[-44.192523,-2.559192],[-44.192662,-2.558795],[-44.192692,-2.558694],[-44.192813,-2.558342],[-44.192972,-2.55786],[-44.193781,-2.557956],[-44.19449,-2.558032],[-44.194454,-2.558549],[-44.19438,-2.559415],[-44.194357,-2.559884],[-44.194304,-2.560579],[-44.194268,-2.560993],[-44.193825,-2.560893],[-44.192989,-2.560698],[-44.19284,-2.560661],[-44.192109,-2.56048]]]}},{"type":"Feature","properties":{"cd_setor":"211120110000053","situacao":"Urbana","bairro":"Saramanta","zona":"ZEU","area_m2":12602.5,"area_ha":1.26,"fonte":"IBGE, Censo 2022 — malha e agregados por setor","pessoas":396.0,"domicilios":192.0,"dom_particulares":192.0,"dom_coletivos":0.0,"moradores_por_dom":2.3,"pct_imputados":0.1598,"dom_ocupados":169.0,"dom_uso_ocasional":5.0,"dom_vagos":18.0,"dens_hab_ha":314.22,"dens_dom_ha":152.35,"pct_vagos":9.4,"pct_uso_ocasional":2.6,"pct_ocupados":88.0},"geometry":{"type":"Polygon","coordinates":[[[-44.191831,-2.548955],[-44.192633,-2.549162],[-44.192687,-2.548972],[-44.19335,-2.549142],[-44.193174,-2.549897],[-44.193158,-2.549894],[-44.193079,-2.549879],[-44.1917,-2.549526],[-44.191814,-2.549027],[-44.191831,-2.548955]]]}},{"type":"Feature","properties":{"cd_setor":"211120110000055","situacao":"Urbana","bairro":"Altos do Itapiracó","zona":"ZEU","area_m2":116466.2,"area_ha":11.647,"fonte":"IBGE, Censo 2022 — malha e agregados por setor","pessoas":505.0,"domicilios":214.0,"dom_particulares":214.0,"dom_coletivos":0.0,"moradores_por_dom":2.8,"pct_imputados":0.0111,"dom_ocupados":180.0,"dom_uso_ocasional":11.0,"dom_vagos":23.0,"dens_hab_ha":43.36,"dens_dom_ha":18.37,"pct_vagos":10.7,"pct_uso_ocasional":5.1,"pct_ocupados":84.1},"geometry":{"type":"Polygon","coordinates":[[[-44.191033,-2.527058],[-44.190967,-2.527547],[-44.190711,-2.529538],[-44.190725,-2.529755],[-44.190249,-2.529616],[-44.189744,-2.529469],[-44.189425,-2.529376],[-44.188719,-2.529159],[-44.188666,-2.529164],[-44.188611,-2.529146],[-44.188614,-2.529095],[-44.18865,-2.527708],[-44.187904,-2.527681],[-44.187892,-2.526858],[-44.187918,-2.524933],[-44.189577,-2.524941],[-44.189488,-2.526928],[-44.191042,-2.526939],[-44.191033,-2.527058]]]}},{"type":"Feature","properties":{"cd_setor":"211120110000056","situacao":"Urbana","bairro":"Parque Das Palmeiras","zona":"ZDU - A","area_m2":316341.9,"area_ha":31.634,"fonte":"IBGE, Censo 2022 — malha e agregados por setor","pessoas":325.0,"domicilios":139.0,"dom_particulares":139.0,"dom_coletivos":0.0,"moradores_por_dom":3.0,"pct_imputados":0.0833,"dom_ocupados":108.0,"dom_uso_ocasional":14.0,"dom_vagos":17.0,"dens_hab_ha":10.27,"dens_dom_ha":4.39,"pct_vagos":12.2,"pct_uso_ocasional":10.1,"pct_ocupados":77.7},"geometry":{"type":"Polygon","coordinates":[[[-44.192336,-2.471261],[-44.19243,-2.471249],[-44.192962,-2.471306],[-44.194138,-2.471351],[-44.194783,-2.471385],[-44.19527,-2.471475],[-44.196084,-2.471475],[-44.196333,-2.47143],[-44.196955,-2.471453],[-44.197299,-2.471453],[-44.197211,-2.472699],[-44.19717,-2.473528],[-44.197128,-2.474332],[-44.197121,-2.475135],[-44.197047,-2.476002],[-44.196967,-2.47706],[-44.196456,-2.477047],[-44.195853,-2.477035],[-44.195467,-2.47701],[-44.194569,-2.476951],[-44.19469,-2.474685],[-44.194732,-2.473906],[-44.194769,-2.473209],[-44.194806,-2.472515],[-44.194104,-2.472538],[-44.194049,-2.473224],[-44.193999,-2.473839],[-44.193938,-2.474607],[-44.193755,-2.476866],[-44.193276,-2.476787],[-44.191374,-2.476337],[-44.191477,-2.475904],[-44.191484,-2.475869],[-44.191594,-2.475278],[-44.191721,-2.474634],[-44.191836,-2.474025],[-44.191929,-2.473426],[-44.191932,-2.473408],[-44.192038,-2.472766],[-44.192336,-2.471261]]]}},{"type":"Feature","properties":{"cd_setor":"211120110000057","situacao":"Urbana","bairro":"Araçagy","zona":"ZDU - A","area_m2":812355.5,"area_ha":81.236,"fonte":"IBGE, Censo 2022 — malha e agregados por setor","pessoas":214.0,"domicilios":139.0,"dom_particulares":139.0,"dom_coletivos":0.0,"moradores_por_dom":2.7,"pct_imputados":0.2179,"dom_ocupados":78.0,"dom_uso_ocasional":34.0,"dom_vagos":27.0,"dens_hab_ha":2.63,"dens_dom_ha":1.71,"pct_vagos":19.4,"pct_uso_ocasional":24.5,"pct_ocupados":56.1},"geometry":{"type":"Polygon","coordinates":[[[-44.182005,-2.465998],[-44.182042,-2.465979],[-44.18208,-2.465949],[-44.18212,-2.4659],[-44.182161,-2.46588],[-44.182202,-2.46586],[-44.182212,-2.465841],[-44.18216,-2.46582],[-44.182114,-2.465804],[-44.182137,-2.46577],[-44.182184,-2.465763],[-44.18225,-2.465763],[-44.182348,-2.465742],[-44.182411,-2.4657],[-44.182478,-2.465665],[-44.18254,-2.465626],[-44.182573,-2.465597],[-44.182686,-2.465475],[-44.182734,-2.465441],[-44.182785,-2.46543],[-44.182898,-2.465368],[-44.182956,-2.465333],[-44.182985,-2.465277],[-44.183018,-2.465241],[-44.183093,-2.465241],[-44.183167,-2.465196],[-44.183196,-2.465137],[-44.183171,-2.465047],[-44.183136,-2.464949],[-44.183119,-2.464855],[-44.183134,-2.464774],[-44.183141,-2.464731],[-44.18317,-2.464675],[-44.183209,-2.46459],[-44.183227,-2.464511],[-44.183237,-2.464406],[-44.183276,-2.464346],[-44.183301,-2.464303],[-44.183334,-2.464258],[-44.183361,-2.464225],[-44.183398,-2.464203],[-44.183448,-2.464183],[-44.18351,-2.464195],[-44.183544,-2.464227],[-44.183549,-2.464293],[-44.183565,-2.464353],[-44.183602,-2.464372],[-44.183628,-2.464379],[-44.183665,-2.464367],[-44.183714,-2.464325],[-44.183752,-2.464282],[-44.183775,-2.464237],[-44.183796,-2.464161],[-44.183797,-2.464121],[-44.183785,-2.463751],[-44.183691,-2.460996],[-44.185684,-2.461393],[-44.187052,-2.461859],[-44.189352,-2.462534],[-44.190737,-2.46282],[-44.190386,-2.464961],[-44.190058,-2.466961],[-44.191079,-2.466989],[-44.192155,-2.467183],[-44.19306,-2.467581],[-44.192956,-2.467977],[-44.19288,-2.468325],[-44.192788,-2.468936],[-44.19266,-2.469574],[-44.192442,-2.470725],[-44.192364,-2.471116],[-44.191785,-2.471154],[-44.191416,-2.471202],[-44.191131,-2.47119],[-44.190691,-2.471214],[-44.19062,-2.471427],[-44.19043,-2.471498],[-44.190192,-2.471309],[-44.189895,-2.47132],[-44.189729,-2.471451],[-44.189408,-2.471498],[-44.189051,-2.471582],[-44.188909,-2.471297],[-44.188861,-2.471],[-44.188707,-2.470596],[-44.18841,-2.470477],[-44.188148,-2.470181],[-44.188041,-2.470014],[-44.187917,-2.469835],[-44.187835,-2.469712],[-44.187685,-2.469361],[-44.187637,-2.4693],[-44.187471,-2.469088],[-44.187245,-2.468886],[-44.186983,-2.468886],[-44.186912,-2.468613],[-44.186793,-2.468471],[-44.186484,-2.468388],[-44.186163,-2.468471],[-44.185741,-2.468338],[-44.185512,-2.468259],[-44.185216,-2.46809],[-44.184904,-2.467869],[-44.184625,-2.467713],[-44.184429,-2.467564],[-44.184036,-2.468103],[-44.183144,-2.46868],[-44.181708,-2.468853],[-44.181761,-2.468049],[-44.181977,-2.46601],[-44.182005,-2.465998]]]}},{"type":"Feature","properties":{"cd_setor":"211120110000059","situacao":"Urbana","bairro":"Boa Vista","zona":"ZDU - A","area_m2":283045.4,"area_ha":28.305,"fonte":"IBGE, Censo 2022 — malha e agregados por setor","pessoas":909.0,"domicilios":339.0,"dom_particulares":339.0,"dom_coletivos":0.0,"moradores_por_dom":3.3,"pct_imputados":0.0657,"dom_ocupados":274.0,"dom_uso_ocasional":5.0,"dom_vagos":60.0,"dens_hab_ha":32.11,"dens_dom_ha":11.98,"pct_vagos":17.7,"pct_uso_ocasional":1.5,"pct_ocupados":80.8},"geometry":{"type":"Polygon","coordinates":[[[-44.18209,-2.495109],[-44.18212,-2.494841],[-44.182217,-2.493247],[-44.182256,-2.492146],[-44.182304,-2.491283],[-44.182334,-2.490046],[-44.182398,-2.489385],[-44.182459,-2.489148],[-44.182524,-2.489199],[-44.182977,-2.489608],[-44.183451,-2.490066],[-44.183802,-2.490404],[-44.184431,-2.49095],[-44.18567,-2.492027],[-44.186023,-2.492335],[-44.18641,-2.492671],[-44.18676,-2.492996],[-44.187076,-2.493289],[-44.187081,-2.493603],[-44.187091,-2.493873],[-44.187089,-2.49399],[-44.187083,-2.494222],[-44.187132,-2.494708],[-44.187134,-2.495027],[-44.187134,-2.495345],[-44.18708,-2.495534],[-44.186999,-2.495746],[-44.186913,-2.495858],[-44.186804,-2.49598],[-44.186639,-2.496081],[-44.186475,-2.496121],[-44.186381,-2.496132],[-44.185929,-2.496155],[-44.185268,-2.496196],[-44.184889,-2.496136],[-44.184147,-2.495973],[-44.183597,-2.495819],[-44.182531,-2.495312],[-44.18209,-2.495109]]]}},{"type":"Feature","properties":{"cd_setor":"211120110000063","situacao":"Urbana","bairro":"Parque Vitória","zona":"ZEU","area_m2":34801.8,"area_ha":3.48,"fonte":"IBGE, Censo 2022 — malha e agregados por setor","pessoas":385.0,"domicilios":176.0,"dom_particulares":176.0,"dom_coletivos":0.0,"moradores_por_dom":2.8,"pct_imputados":0.0074,"dom_ocupados":136.0,"dom_uso_ocasional":12.0,"dom_vagos":28.0,"dens_hab_ha":110.63,"dens_dom_ha":50.57,"pct_vagos":15.9,"pct_uso_ocasional":6.8,"pct_ocupados":77.3},"geometry":{"type":"Polygon","coordinates":[[[-44.200888,-2.515553],[-44.201199,-2.514109],[-44.201252,-2.51387],[-44.202862,-2.514225],[-44.202858,-2.514235],[-44.202838,-2.514334],[-44.202817,-2.514433],[-44.202686,-2.515064],[-44.202502,-2.515889],[-44.202289,-2.515839],[-44.2022,-2.515822],[-44.201689,-2.515722],[-44.201632,-2.51571],[-44.201322,-2.515649],[-44.201155,-2.515618],[-44.200888,-2.515553]]]}},{"type":"Feature","properties":{"cd_setor":"211120110000068","situacao":"Rural","bairro":"Juçatuba","zona":"ZRBJJ","area_m2":1116863.7,"area_ha":111.686,"fonte":"IBGE, Censo 2022 — malha e agregados por setor","pessoas":1533.0,"domicilios":441.0,"dom_particulares":441.0,"dom_coletivos":0.0,"moradores_por_dom":3.8,"pct_imputados":0.0,"dom_ocupados":405.0,"dom_uso_ocasional":22.0,"dom_vagos":14.0,"dens_hab_ha":13.73,"dens_dom_ha":3.95,"pct_vagos":3.2,"pct_uso_ocasional":5.0,"pct_ocupados":91.8},"geometry":{"type":"Polygon","coordinates":[[[-44.154108,-2.630227],[-44.153698,-2.630907],[-44.147337,-2.632807],[-44.141909,-2.626551],[-44.140445,-2.624704],[-44.140481,-2.623651],[-44.141615,-2.61922],[-44.14744,-2.621448],[-44.147972,-2.621923],[-44.148437,-2.622797],[-44.148568,-2.623597],[-44.148374,-2.624882],[-44.148441,-2.626294],[-44.148543,-2.627622],[-44.151112,-2.62799],[-44.152881,-2.627235],[-44.153134,-2.627773],[-44.153459,-2.627601],[-44.15394,-2.628316],[-44.154108,-2.630227]]]}},{"type":"Feature","properties":{"cd_setor":"211120110000069","situacao":"Rural","bairro":"","zona":"ZRG","area_m2":6929776.3,"area_ha":692.978,"fonte":"IBGE, Censo 2022 — malha e agregados por setor","pessoas":0.0,"domicilios":0.0,"dom_particulares":0.0,"dom_coletivos":0.0,"moradores_por_dom":0.0,"pct_imputados":0.0,"dom_ocupados":0.0,"dom_uso_ocasional":0.0,"dom_vagos":0.0,"dens_hab_ha":null,"dens_dom_ha":null,"pct_vagos":null,"pct_uso_ocasional":null,"pct_ocupados":null},"geometry":{"type":"Polygon","coordinates":[[[-44.176573,-2.700065],[-44.176489,-2.700268],[-44.176084,-2.701213],[-44.175653,-2.702053],[-44.175328,-2.702041],[-44.174496,-2.702097],[-44.174467,-2.702097],[-44.173438,-2.702124],[-44.172669,-2.701979],[-44.172102,-2.701434],[-44.171762,-2.700919],[-44.171365,-2.700547],[-44.170565,-2.70026],[-44.169935,-2.699916],[-44.169418,-2.699829],[-44.168816,-2.699685],[-44.167838,-2.699596],[-44.166948,-2.699566],[-44.166082,-2.699649],[-44.165363,-2.699676],[-44.164783,-2.699589],[-44.164725,-2.69956],[-44.164011,-2.698872],[-44.163982,-2.698871],[-44.163326,-2.698098],[-44.163241,-2.697983],[-44.162502,-2.696838],[-44.162049,-2.695579],[-44.161993,-2.695464],[-44.161425,-2.694291],[-44.160881,-2.693088],[-44.160033,-2.691488],[-44.159538,-2.690635],[-44.159242,-2.689984],[-44.158781,-2.689438],[-44.158175,-2.68868],[-44.157525,-2.688154],[-44.156685,-2.687418],[-44.155678,-2.686619],[-44.154839,-2.686007],[-44.154146,-2.685396],[-44.15339,-2.68487],[-44.153327,-2.684828],[-44.15276,-2.68451],[-44.151885,-2.684415],[-44.152022,-2.68408],[-44.153107,-2.68332],[-44.154302,-2.681585],[-44.154519,-2.68126],[-44.154844,-2.67985],[-44.155278,-2.678765],[-44.156255,-2.677898],[-44.157124,-2.677247],[-44.157884,-2.675837],[-44.157992,-2.674861],[-44.158861,-2.673885],[-44.160055,-2.672801],[-44.160706,-2.67215],[-44.161466,-2.671282],[-44.162117,-2.670198],[-44.162877,-2.66933],[-44.163637,-2.668245],[-44.164506,-2.667378],[-44.165374,-2.666944],[-44.16646,-2.666835],[-44.16722,-2.667703],[-44.168957,-2.667269],[-44.169934,-2.666618],[-44.171045,-2.665062],[-44.171134,-2.665158],[-44.171244,-2.665246],[-44.171419,-2.665385],[-44.171563,-2.6655],[-44.171665,-2.665603],[-44.171765,-2.665672],[-44.172015,-2.665801],[-44.172285,-2.665909],[-44.172518,-2.666004],[-44.172742,-2.66615],[-44.172928,-2.666289],[-44.173102,-2.666461],[-44.173356,-2.666846],[-44.173601,-2.667237],[-44.173771,-2.66766],[-44.173832,-2.667824],[-44.17391,-2.668021],[-44.173989,-2.668223],[-44.174079,-2.668473],[-44.174158,-2.668687],[-44.174215,-2.668916],[-44.17428,-2.66913],[-44.174344,-2.669365],[-44.174387,-2.669579],[-44.17442,-2.669784],[-44.174446,-2.669987],[-44.174467,-2.670201],[-44.174467,-2.670416],[-44.174467,-2.670673],[-44.174467,-2.670865],[-44.174446,-2.671101],[-44.17436,-2.671337],[-44.174301,-2.671528],[-44.174192,-2.671735],[-44.174001,-2.67215],[-44.173716,-2.672739],[-44.173651,-2.672911],[-44.173522,-2.673138],[-44.173379,-2.673337],[-44.173207,-2.67355],[-44.173057,-2.673721],[-44.172864,-2.673914],[-44.172714,-2.674085],[-44.172564,-2.674235],[-44.172414,-2.674428],[-44.172221,-2.674621],[-44.172092,-2.674771],[-44.17192,-2.674942],[-44.171749,-2.675113],[-44.171577,-2.675242],[-44.171343,-2.675455],[-44.171166,-2.675592],[-44.170794,-2.675893],[-44.170665,-2.676021],[-44.170451,-2.676214],[-44.170255,-2.676428],[-44.170088,-2.676606],[-44.169927,-2.676827],[-44.169724,-2.677156],[-44.169629,-2.677373],[-44.169587,-2.677563],[-44.169576,-2.677807],[-44.169587,-2.678055],[-44.169602,-2.678248],[-44.169642,-2.678475],[-44.169694,-2.678676],[-44.169954,-2.67923],[-44.170085,-2.679547],[-44.170173,-2.679771],[-44.170284,-2.680128],[-44.170316,-2.680275],[-44.170355,-2.680571],[-44.170388,-2.680767],[-44.17044,-2.680978],[-44.170505,-2.681213],[-44.17059,-2.681406],[-44.170678,-2.681647],[-44.170792,-2.681944],[-44.170888,-2.68218],[-44.170986,-2.682379],[-44.171021,-2.682435],[-44.171158,-2.682594],[-44.171401,-2.682839],[-44.171465,-2.682903],[-44.171648,-2.683045],[-44.171817,-2.683172],[-44.172021,-2.683303],[-44.17217,-2.683377],[-44.172498,-2.683526],[-44.172713,-2.683634],[-44.172927,-2.683741],[-44.173142,-2.683848],[-44.173313,-2.683955],[-44.173528,-2.684062],[-44.173785,-2.684169],[-44.174145,-2.684357],[-44.174387,-2.684524],[-44.17458,-2.684652],[-44.174752,-2.684781],[-44.174966,-2.684909],[-44.175717,-2.685386],[-44.176528,-2.685944],[-44.177408,-2.686483],[-44.178348,-2.686953],[-44.178416,-2.686987],[-44.178789,-2.68719],[-44.179094,-2.687359],[-44.179477,-2.687529],[-44.179973,-2.687755],[-44.180267,-2.687926],[-44.181045,-2.688512],[-44.181635,-2.689058],[-44.181906,-2.689363],[-44.182092,-2.689625],[-44.182339,-2.689951],[-44.182481,-2.690283],[-44.182554,-2.690604],[-44.182618,-2.690921],[-44.182663,-2.691302],[-44.182615,-2.691764],[-44.182484,-2.69225],[-44.182169,-2.692911],[-44.181784,-2.693443],[-44.181496,-2.69384],[-44.180894,-2.694455],[-44.180826,-2.694522],[-44.180487,-2.694861],[-44.180216,-2.695132],[-44.178992,-2.69655],[-44.177872,-2.697903],[-44.177292,-2.698709],[-44.177171,-2.698949],[-44.176892,-2.699392],[-44.17666,-2.699891],[-44.176573,-2.700065]]]}},{"type":"Feature","properties":{"cd_setor":"211120110000072","situacao":"Urbana","bairro":"Pindaí","zona":"ZEU","area_m2":264989.8,"area_ha":26.499,"fonte":"IBGE, Censo 2022 — malha e agregados por setor","pessoas":419.0,"domicilios":178.0,"dom_particulares":178.0,"dom_coletivos":0.0,"moradores_por_dom":3.6,"pct_imputados":0.0085,"dom_ocupados":118.0,"dom_uso_ocasional":40.0,"dom_vagos":20.0,"dens_hab_ha":15.81,"dens_dom_ha":6.72,"pct_vagos":11.2,"pct_uso_ocasional":22.5,"pct_ocupados":66.3},"geometry":{"type":"Polygon","coordinates":[[[-44.133346,-2.552914],[-44.132953,-2.553666],[-44.1329,-2.553796],[-44.132871,-2.553945],[-44.132882,-2.554139],[-44.132938,-2.554335],[-44.133081,-2.55482],[-44.132771,-2.554893],[-44.132676,-2.554934],[-44.132602,-2.554972],[-44.132565,-2.555037],[-44.132543,-2.555113],[-44.132473,-2.555811],[-44.132424,-2.556363],[-44.132343,-2.55653],[-44.13219,-2.556717],[-44.131892,-2.557125],[-44.131732,-2.557738],[-44.131365,-2.557695],[-44.131087,-2.557632],[-44.130767,-2.557576],[-44.130586,-2.557558],[-44.130452,-2.557527],[-44.130347,-2.557514],[-44.130239,-2.557503],[-44.12979,-2.557418],[-44.129827,-2.557067],[-44.129221,-2.556841],[-44.127873,-2.556263],[-44.127967,-2.55564],[-44.128205,-2.554394],[-44.128319,-2.553727],[-44.128446,-2.553071],[-44.128743,-2.551914],[-44.129231,-2.552047],[-44.129693,-2.552173],[-44.131893,-2.552678],[-44.132753,-2.552815],[-44.133227,-2.55289],[-44.133346,-2.552914]]]}},{"type":"Feature","properties":{"cd_setor":"211120110000073","situacao":"Rural","bairro":"Bom Jardim","zona":"ZRBJJ","area_m2":1132193.6,"area_ha":113.219,"fonte":"IBGE, Censo 2022 — malha e agregados por setor","pessoas":619.0,"domicilios":274.0,"dom_particulares":274.0,"dom_coletivos":0.0,"moradores_por_dom":3.3,"pct_imputados":0.016,"dom_ocupados":188.0,"dom_uso_ocasional":31.0,"dom_vagos":55.0,"dens_hab_ha":5.47,"dens_dom_ha":2.42,"pct_vagos":20.1,"pct_uso_ocasional":11.3,"pct_ocupados":68.6},"geometry":{"type":"Polygon","coordinates":[[[-44.16444,-2.620803],[-44.165837,-2.622345],[-44.173624,-2.623113],[-44.173528,-2.624727],[-44.163845,-2.625467],[-44.163624,-2.625737],[-44.163531,-2.625977],[-44.163457,-2.626211],[-44.163332,-2.626358],[-44.163191,-2.62649],[-44.163021,-2.626746],[-44.162836,-2.626974],[-44.162739,-2.627125],[-44.162682,-2.627311],[-44.162534,-2.627692],[-44.162544,-2.627734],[-44.162294,-2.62808],[-44.162085,-2.628266],[-44.161941,-2.628378],[-44.161733,-2.62925],[-44.162146,-2.629192],[-44.162803,-2.62976],[-44.16221,-2.630315],[-44.162319,-2.630664],[-44.162714,-2.630401],[-44.162855,-2.630494],[-44.162993,-2.630321],[-44.163252,-2.630218],[-44.16365,-2.630555],[-44.162871,-2.631193],[-44.163259,-2.631658],[-44.163259,-2.631895],[-44.163249,-2.632116],[-44.163377,-2.632193],[-44.163509,-2.632158],[-44.163592,-2.632164],[-44.163695,-2.63235],[-44.163724,-2.63252],[-44.164038,-2.632706],[-44.164012,-2.632841],[-44.164525,-2.63319],[-44.164852,-2.632789],[-44.165182,-2.633023],[-44.165032,-2.633193],[-44.165307,-2.633347],[-44.165022,-2.633796],[-44.165307,-2.634129],[-44.165618,-2.634373],[-44.16582,-2.634553],[-44.166025,-2.634745],[-44.166066,-2.63483],[-44.165379,-2.635894],[-44.165323,-2.635902],[-44.164741,-2.635525],[-44.163931,-2.634684],[-44.162488,-2.633247],[-44.162063,-2.63273],[-44.161625,-2.63208],[-44.161,-2.630353],[-44.160913,-2.630112],[-44.160678,-2.629756],[-44.160163,-2.629414],[-44.159702,-2.629017],[-44.159188,-2.628297],[-44.159144,-2.628235],[-44.158451,-2.626424],[-44.158382,-2.626253],[-44.158005,-2.626256],[-44.157864,-2.625363],[-44.15769,-2.622825],[-44.155854,-2.622845],[-44.155935,-2.620626],[-44.155965,-2.619381],[-44.156704,-2.619419],[-44.157163,-2.619506],[-44.157634,-2.619564],[-44.158157,-2.61956],[-44.158509,-2.619583],[-44.158512,-2.619584],[-44.159488,-2.619827],[-44.160045,-2.619668],[-44.160523,-2.619884],[-44.160904,-2.620002],[-44.161384,-2.620333],[-44.162256,-2.620781],[-44.162761,-2.620174],[-44.163089,-2.6202],[-44.163404,-2.620404],[-44.163955,-2.620547],[-44.16444,-2.620803]]]}},{"type":"Feature","properties":{"cd_setor":"211120110000076","situacao":"Urbana","bairro":"Parque Das Palmeiras","zona":"ZEU","area_m2":147637.5,"area_ha":14.764,"fonte":"IBGE, Censo 2022 — malha e agregados por setor","pessoas":566.0,"domicilios":225.0,"dom_particulares":225.0,"dom_coletivos":0.0,"moradores_por_dom":3.1,"pct_imputados":0.0054,"dom_ocupados":185.0,"dom_uso_ocasional":10.0,"dom_vagos":30.0,"dens_hab_ha":38.34,"dens_dom_ha":15.24,"pct_vagos":13.3,"pct_uso_ocasional":4.4,"pct_ocupados":82.2},"geometry":{"type":"Polygon","coordinates":[[[-44.185677,-2.515687],[-44.186713,-2.51585],[-44.186965,-2.514125],[-44.188201,-2.51431],[-44.188656,-2.514376],[-44.188932,-2.514418],[-44.18962,-2.514511],[-44.189601,-2.514626],[-44.189518,-2.515225],[-44.189512,-2.515272],[-44.189427,-2.515848],[-44.189368,-2.516241],[-44.189312,-2.516557],[-44.189148,-2.517605],[-44.18838,-2.51792],[-44.188068,-2.517812],[-44.18764,-2.517835],[-44.187369,-2.517869],[-44.186503,-2.51797],[-44.185289,-2.518116],[-44.185677,-2.515687]]]}},{"type":"Feature","properties":{"cd_setor":"211120110000079","situacao":"Urbana","bairro":"Vila Alonso Costa","zona":"ZDU - A","area_m2":38510.7,"area_ha":3.851,"fonte":"IBGE, Censo 2022 — malha e agregados por setor","pessoas":538.0,"domicilios":194.0,"dom_particulares":194.0,"dom_coletivos":0.0,"moradores_por_dom":3.1,"pct_imputados":0.0347,"dom_ocupados":173.0,"dom_uso_ocasional":3.0,"dom_vagos":18.0,"dens_hab_ha":139.7,"dens_dom_ha":50.38,"pct_vagos":9.3,"pct_uso_ocasional":1.5,"pct_ocupados":89.2},"geometry":{"type":"Polygon","coordinates":[[[-44.203851,-2.489404],[-44.204014,-2.489341],[-44.204255,-2.489411],[-44.204768,-2.489579],[-44.204952,-2.48964],[-44.205126,-2.489694],[-44.205485,-2.489821],[-44.205316,-2.491519],[-44.20513,-2.491499],[-44.204844,-2.491465],[-44.204565,-2.491421],[-44.204479,-2.491412],[-44.204027,-2.491354],[-44.203645,-2.491315],[-44.203851,-2.489404]]]}},{"type":"Feature","properties":{"cd_setor":"211120110000082","situacao":"Urbana","bairro":"Araçagy","zona":"ZDU - A","area_m2":452647.2,"area_ha":45.265,"fonte":"IBGE, Censo 2022 — malha e agregados por setor","pessoas":299.0,"domicilios":156.0,"dom_particulares":156.0,"dom_coletivos":0.0,"moradores_por_dom":2.8,"pct_imputados":0.2264,"dom_ocupados":106.0,"dom_uso_ocasional":42.0,"dom_vagos":8.0,"dens_hab_ha":6.61,"dens_dom_ha":3.45,"pct_vagos":5.1,"pct_uso_ocasional":26.9,"pct_ocupados":67.9},"geometry":{"type":"Polygon","coordinates":[[[-44.197299,-2.471453],[-44.1973,-2.471434],[-44.19737,-2.470556],[-44.197403,-2.469661],[-44.197473,-2.468839],[-44.197524,-2.466427],[-44.197533,-2.465794],[-44.197676,-2.464682],[-44.197804,-2.463678],[-44.198146,-2.463709],[-44.199735,-2.463794],[-44.200732,-2.463856],[-44.201445,-2.464041],[-44.201481,-2.464051],[-44.201414,-2.464957],[-44.201274,-2.467413],[-44.201133,-2.469199],[-44.199626,-2.469087],[-44.199563,-2.46985],[-44.199229,-2.47452],[-44.198996,-2.477065],[-44.197697,-2.477039],[-44.196967,-2.47706],[-44.197047,-2.476002],[-44.197121,-2.475135],[-44.197128,-2.474332],[-44.19717,-2.473528],[-44.197211,-2.472699],[-44.197299,-2.471453]]]}},{"type":"Feature","properties":{"cd_setor":"211120110000086","situacao":"Urbana","bairro":"Saramanta","zona":"ZEU","area_m2":184597.4,"area_ha":18.46,"fonte":"IBGE, Censo 2022 — malha e agregados por setor","pessoas":587.0,"domicilios":231.0,"dom_particulares":231.0,"dom_coletivos":0.0,"moradores_por_dom":3.1,"pct_imputados":0.0317,"dom_ocupados":189.0,"dom_uso_ocasional":5.0,"dom_vagos":37.0,"dens_hab_ha":31.8,"dens_dom_ha":12.51,"pct_vagos":16.0,"pct_uso_ocasional":2.2,"pct_ocupados":81.8},"geometry":{"type":"Polygon","coordinates":[[[-44.196673,-2.554203],[-44.196699,-2.553811],[-44.196859,-2.550357],[-44.196882,-2.5496],[-44.196909,-2.548692],[-44.197367,-2.548834],[-44.199881,-2.55131],[-44.200336,-2.551587],[-44.200226,-2.554318],[-44.200116,-2.554324],[-44.19934,-2.554388],[-44.199026,-2.554396],[-44.19804,-2.554346],[-44.19722,-2.554241],[-44.196746,-2.554208],[-44.196673,-2.554203]]]}},{"type":"Feature","properties":{"cd_setor":"211120110000087","situacao":"Urbana","bairro":"Maiobinha","zona":"ZEU","area_m2":232928.1,"area_ha":23.293,"fonte":"IBGE, Censo 2022 — malha e agregados por setor","pessoas":268.0,"domicilios":99.0,"dom_particulares":99.0,"dom_coletivos":0.0,"moradores_por_dom":3.2,"pct_imputados":0.0361,"dom_ocupados":83.0,"dom_uso_ocasional":9.0,"dom_vagos":7.0,"dens_hab_ha":11.51,"dens_dom_ha":4.25,"pct_vagos":7.1,"pct_uso_ocasional":9.1,"pct_ocupados":83.8},"geometry":{"type":"Polygon","coordinates":[[[-44.207744,-2.561853],[-44.207701,-2.561871],[-44.207668,-2.561894],[-44.207647,-2.561946],[-44.207631,-2.561994],[-44.207605,-2.562054],[-44.207577,-2.562128],[-44.20752,-2.562232],[-44.207431,-2.5624],[-44.206803,-2.562468],[-44.206353,-2.562475],[-44.204995,-2.555977],[-44.204816,-2.555122],[-44.202878,-2.555477],[-44.202579,-2.554093],[-44.203505,-2.554078],[-44.203682,-2.554078],[-44.203726,-2.554084],[-44.203828,-2.554085],[-44.204597,-2.554072],[-44.205465,-2.554045],[-44.205867,-2.554029],[-44.205869,-2.554097],[-44.205872,-2.554118],[-44.20588,-2.554153],[-44.205907,-2.554218],[-44.205955,-2.554332],[-44.206068,-2.554582],[-44.20612,-2.554704],[-44.206231,-2.554933],[-44.206346,-2.555173],[-44.206444,-2.555375],[-44.206543,-2.555565],[-44.206653,-2.555775],[-44.206765,-2.555988],[-44.206896,-2.556248],[-44.206972,-2.556415],[-44.207017,-2.556521],[-44.207052,-2.556603],[-44.207128,-2.556795],[-44.207209,-2.557],[-44.207313,-2.557261],[-44.207374,-2.557413],[-44.207447,-2.557593],[-44.207501,-2.557758],[-44.207541,-2.55793],[-44.207563,-2.558029],[-44.207621,-2.558265],[-44.207655,-2.558421],[-44.207687,-2.558564],[-44.207703,-2.558651],[-44.20771,-2.558698],[-44.207713,-2.558735],[-44.207748,-2.558755],[-44.207786,-2.558796],[-44.207858,-2.558896],[-44.207897,-2.558948],[-44.207913,-2.558974],[-44.207966,-2.559061],[-44.208006,-2.559103],[-44.208062,-2.559148],[-44.208093,-2.559165],[-44.208137,-2.55918],[-44.208205,-2.559198],[-44.208287,-2.559213],[-44.208374,-2.559223],[-44.208428,-2.559227],[-44.208443,-2.559481],[-44.208466,-2.55988],[-44.208463,-2.560078],[-44.208446,-2.560261],[-44.208434,-2.560373],[-44.208424,-2.560464],[-44.2084,-2.560573],[-44.208369,-2.560674],[-44.208329,-2.560794],[-44.208288,-2.560902],[-44.208252,-2.56097],[-44.208174,-2.561116],[-44.20807,-2.561306],[-44.207967,-2.561484],[-44.207843,-2.56169],[-44.207782,-2.561795],[-44.207744,-2.561853]]]}},{"type":"Feature","properties":{"cd_setor":"211120110000090","situacao":"Urbana","bairro":"Parque Vitória","zona":"ZEU","area_m2":31353.6,"area_ha":3.135,"fonte":"IBGE, Censo 2022 — malha e agregados por setor","pessoas":356.0,"domicilios":135.0,"dom_particulares":135.0,"dom_coletivos":0.0,"moradores_por_dom":3.1,"pct_imputados":0.0,"dom_ocupados":116.0,"dom_uso_ocasional":2.0,"dom_vagos":17.0,"dens_hab_ha":113.54,"dens_dom_ha":43.06,"pct_vagos":12.6,"pct_uso_ocasional":1.5,"pct_ocupados":85.9},"geometry":{"type":"Polygon","coordinates":[[[-44.209424,-2.516733],[-44.209491,-2.516395],[-44.209494,-2.516339],[-44.209461,-2.516275],[-44.209406,-2.516129],[-44.209354,-2.515992],[-44.209335,-2.515862],[-44.209328,-2.515755],[-44.209373,-2.515644],[-44.209426,-2.515544],[-44.209519,-2.515458],[-44.209623,-2.515412],[-44.209702,-2.515379],[-44.209789,-2.51541],[-44.209841,-2.51546],[-44.20988,-2.515507],[-44.209924,-2.515552],[-44.209968,-2.515623],[-44.209988,-2.515695],[-44.210013,-2.515742],[-44.210062,-2.515771],[-44.211646,-2.516117],[-44.211723,-2.516124],[-44.211626,-2.516607],[-44.211565,-2.516883],[-44.211499,-2.517179],[-44.209424,-2.516733]]]}},{"type":"Feature","properties":{"cd_setor":"211120110000091","situacao":"Urbana","bairro":"Parque Vitória","zona":"ZEU","area_m2":58703.7,"area_ha":5.87,"fonte":"IBGE, Censo 2022 — malha e agregados por setor","pessoas":282.0,"domicilios":118.0,"dom_particulares":118.0,"dom_coletivos":0.0,"moradores_por_dom":3.0,"pct_imputados":0.043,"dom_ocupados":93.0,"dom_uso_ocasional":5.0,"dom_vagos":20.0,"dens_hab_ha":48.04,"dens_dom_ha":20.1,"pct_vagos":16.9,"pct_uso_ocasional":4.2,"pct_ocupados":78.8},"geometry":{"type":"Polygon","coordinates":[[[-44.207535,-2.511304],[-44.207675,-2.510662],[-44.207803,-2.510058],[-44.208928,-2.511102],[-44.209229,-2.511357],[-44.209677,-2.511774],[-44.209858,-2.511949],[-44.210022,-2.512084],[-44.210211,-2.512257],[-44.210363,-2.512401],[-44.210321,-2.512576],[-44.210298,-2.512678],[-44.210257,-2.512855],[-44.208635,-2.51249],[-44.208565,-2.512475],[-44.208441,-2.51245],[-44.208295,-2.513124],[-44.207975,-2.513044],[-44.207961,-2.513113],[-44.207198,-2.512914],[-44.20728,-2.512555],[-44.207363,-2.512145],[-44.207421,-2.511854],[-44.207535,-2.511304]]]}},{"type":"Feature","properties":{"cd_setor":"211120110000092","situacao":"Urbana","bairro":"Parque Vitória","zona":"ZEU","area_m2":33043.2,"area_ha":3.304,"fonte":"IBGE, Censo 2022 — malha e agregados por setor","pessoas":566.0,"domicilios":201.0,"dom_particulares":201.0,"dom_coletivos":0.0,"moradores_por_dom":3.0,"pct_imputados":0.1968,"dom_ocupados":188.0,"dom_uso_ocasional":2.0,"dom_vagos":11.0,"dens_hab_ha":171.29,"dens_dom_ha":60.83,"pct_vagos":5.5,"pct_uso_ocasional":1.0,"pct_ocupados":93.5},"geometry":{"type":"Polygon","coordinates":[[[-44.208295,-2.513124],[-44.208441,-2.51245],[-44.208565,-2.512475],[-44.208635,-2.51249],[-44.210257,-2.512855],[-44.210196,-2.513156],[-44.210113,-2.5135],[-44.210058,-2.513784],[-44.21002,-2.513945],[-44.209947,-2.514258],[-44.209737,-2.514206],[-44.208354,-2.513923],[-44.208137,-2.513829],[-44.208295,-2.513124]]]}},{"type":"Feature","properties":{"cd_setor":"211120110000093","situacao":"Urbana","bairro":"Parque Vitória","zona":"ZEU","area_m2":40000.8,"area_ha":4.0,"fonte":"IBGE, Censo 2022 — malha e agregados por setor","pessoas":498.0,"domicilios":176.0,"dom_particulares":176.0,"dom_coletivos":0.0,"moradores_por_dom":3.3,"pct_imputados":0.0526,"dom_ocupados":152.0,"dom_uso_ocasional":1.0,"dom_vagos":23.0,"dens_hab_ha":124.5,"dens_dom_ha":44.0,"pct_vagos":13.1,"pct_uso_ocasional":0.6,"pct_ocupados":86.4},"geometry":{"type":"Polygon","coordinates":[[[-44.212069,-2.514424],[-44.211932,-2.515065],[-44.209889,-2.514609],[-44.209906,-2.514521],[-44.209947,-2.514258],[-44.21002,-2.513945],[-44.210058,-2.513784],[-44.210113,-2.5135],[-44.210196,-2.513156],[-44.210257,-2.512855],[-44.210298,-2.512678],[-44.210321,-2.512576],[-44.210363,-2.512401],[-44.210726,-2.512724],[-44.210724,-2.512748],[-44.210741,-2.512776],[-44.211036,-2.513056],[-44.211209,-2.513236],[-44.211353,-2.513388],[-44.211512,-2.513605],[-44.21174,-2.513918],[-44.211963,-2.51425],[-44.212069,-2.514424]]]}},{"type":"Feature","properties":{"cd_setor":"211120110000094","situacao":"Urbana","bairro":"Parque Vitória","zona":"ZEU","area_m2":34437.8,"area_ha":3.444,"fonte":"IBGE, Censo 2022 — malha e agregados por setor","pessoas":518.0,"domicilios":209.0,"dom_particulares":209.0,"dom_coletivos":0.0,"moradores_por_dom":2.9,"pct_imputados":0.0562,"dom_ocupados":178.0,"dom_uso_ocasional":2.0,"dom_vagos":29.0,"dens_hab_ha":150.42,"dens_dom_ha":60.69,"pct_vagos":13.9,"pct_uso_ocasional":1.0,"pct_ocupados":85.2},"geometry":{"type":"Polygon","coordinates":[[[-44.20697,-2.517713],[-44.207401,-2.515738],[-44.207732,-2.515801],[-44.207876,-2.516062],[-44.207849,-2.516084],[-44.207831,-2.516149],[-44.207811,-2.516218],[-44.207804,-2.516334],[-44.20783,-2.516389],[-44.207883,-2.516414],[-44.207983,-2.516448],[-44.209333,-2.516729],[-44.20942,-2.516747],[-44.209342,-2.517094],[-44.2093,-2.517277],[-44.209262,-2.51745],[-44.209183,-2.517792],[-44.207636,-2.517457],[-44.207588,-2.517463],[-44.20754,-2.517498],[-44.207468,-2.51781],[-44.207401,-2.517793],[-44.207201,-2.51775],[-44.20697,-2.517713]]]}},{"type":"Feature","properties":{"cd_setor":"211120110000095","situacao":"Urbana","bairro":"Parque Vitória","zona":"ZEU","area_m2":19353.0,"area_ha":1.935,"fonte":"IBGE, Censo 2022 — malha e agregados por setor","pessoas":266.0,"domicilios":122.0,"dom_particulares":122.0,"dom_coletivos":0.0,"moradores_por_dom":3.2,"pct_imputados":0.0854,"dom_ocupados":82.0,"dom_uso_ocasional":11.0,"dom_vagos":29.0,"dens_hab_ha":137.45,"dens_dom_ha":63.04,"pct_vagos":23.8,"pct_uso_ocasional":9.0,"pct_ocupados":67.2},"geometry":{"type":"Polygon","coordinates":[[[-44.204165,-2.519293],[-44.203835,-2.519202],[-44.203798,-2.519194],[-44.203472,-2.519126],[-44.20389,-2.517018],[-44.20413,-2.517071],[-44.204503,-2.517154],[-44.204624,-2.51718],[-44.204165,-2.519293]]]}},{"type":"Feature","properties":{"cd_setor":"211120110000096","situacao":"Urbana","bairro":"Parque Vitória","zona":"ZEU","area_m2":34755.2,"area_ha":3.476,"fonte":"IBGE, Censo 2022 — malha e agregados por setor","pessoas":311.0,"domicilios":129.0,"dom_particulares":129.0,"dom_coletivos":0.0,"moradores_por_dom":3.0,"pct_imputados":0.0667,"dom_ocupados":105.0,"dom_uso_ocasional":3.0,"dom_vagos":21.0,"dens_hab_ha":89.48,"dens_dom_ha":37.12,"pct_vagos":16.3,"pct_uso_ocasional":2.3,"pct_ocupados":81.4},"geometry":{"type":"Polygon","coordinates":[[[-44.209086,-2.519184],[-44.208688,-2.519039],[-44.208373,-2.518954],[-44.208099,-2.518903],[-44.207916,-2.518863],[-44.207724,-2.518831],[-44.207944,-2.517912],[-44.208404,-2.518016],[-44.208747,-2.518085],[-44.209096,-2.51817],[-44.209174,-2.518182],[-44.209609,-2.51829],[-44.209814,-2.51833],[-44.20998,-2.51837],[-44.210324,-2.51844],[-44.210674,-2.51851],[-44.211188,-2.518594],[-44.211038,-2.51916],[-44.211034,-2.519231],[-44.21086,-2.519206],[-44.210759,-2.519201],[-44.210537,-2.519184],[-44.210157,-2.519174],[-44.209822,-2.519172],[-44.209567,-2.519179],[-44.209417,-2.519189],[-44.209086,-2.519184]]]}},{"type":"Feature","properties":{"cd_setor":"211120110000097","situacao":"Urbana","bairro":"Parque Vitória","zona":"ZEU","area_m2":28606.0,"area_ha":2.861,"fonte":"IBGE, Censo 2022 — malha e agregados por setor","pessoas":439.0,"domicilios":158.0,"dom_particulares":158.0,"dom_coletivos":0.0,"moradores_por_dom":3.2,"pct_imputados":0.0662,"dom_ocupados":136.0,"dom_uso_ocasional":5.0,"dom_vagos":17.0,"dens_hab_ha":153.46,"dens_dom_ha":55.23,"pct_vagos":10.8,"pct_uso_ocasional":3.2,"pct_ocupados":86.1},"geometry":{"type":"Polygon","coordinates":[[[-44.202605,-2.519608],[-44.202669,-2.519273],[-44.203,-2.517759],[-44.203151,-2.517005],[-44.203168,-2.516868],[-44.203542,-2.516945],[-44.203757,-2.51699],[-44.20389,-2.517018],[-44.203472,-2.519126],[-44.203798,-2.519194],[-44.203835,-2.519202],[-44.204165,-2.519293],[-44.204257,-2.519324],[-44.204502,-2.519368],[-44.20459,-2.519388],[-44.204658,-2.519406],[-44.204792,-2.519438],[-44.204606,-2.519454],[-44.204078,-2.519531],[-44.203587,-2.51956],[-44.202714,-2.519611],[-44.202605,-2.519608]]]}},{"type":"Feature","properties":{"cd_setor":"211120110000098","situacao":"Urbana","bairro":"Parque Vitória","zona":"ZEU","area_m2":52463.5,"area_ha":5.246,"fonte":"IBGE, Censo 2022 — malha e agregados por setor","pessoas":526.0,"domicilios":214.0,"dom_particulares":214.0,"dom_coletivos":0.0,"moradores_por_dom":2.7,"pct_imputados":0.0208,"dom_ocupados":192.0,"dom_uso_ocasional":4.0,"dom_vagos":18.0,"dens_hab_ha":100.26,"dens_dom_ha":40.79,"pct_vagos":8.4,"pct_uso_ocasional":1.9,"pct_ocupados":89.7},"geometry":{"type":"Polygon","coordinates":[[[-44.204792,-2.519438],[-44.20497,-2.518776],[-44.205063,-2.518801],[-44.205339,-2.518869],[-44.205635,-2.517438],[-44.205638,-2.517422],[-44.205642,-2.517405],[-44.205669,-2.517412],[-44.205702,-2.517421],[-44.205786,-2.517439],[-44.205859,-2.517458],[-44.205985,-2.517491],[-44.206172,-2.517533],[-44.206338,-2.517568],[-44.206563,-2.517617],[-44.206684,-2.517645],[-44.20697,-2.517713],[-44.207201,-2.51775],[-44.207401,-2.517793],[-44.207468,-2.51781],[-44.207604,-2.517834],[-44.207702,-2.517861],[-44.207944,-2.517912],[-44.207724,-2.518831],[-44.207916,-2.518863],[-44.208099,-2.518903],[-44.208373,-2.518954],[-44.208688,-2.519039],[-44.209086,-2.519184],[-44.208579,-2.519158],[-44.208502,-2.519158],[-44.208307,-2.519168],[-44.207784,-2.5192],[-44.206894,-2.519202],[-44.205831,-2.519252],[-44.205824,-2.519253],[-44.205374,-2.519322],[-44.204902,-2.519406],[-44.204792,-2.519438]]]}},{"type":"Feature","properties":{"cd_setor":"211120110000099","situacao":"Urbana","bairro":"Parque Vitória","zona":"ZEU","area_m2":33314.1,"area_ha":3.331,"fonte":"IBGE, Censo 2022 — malha e agregados por setor","pessoas":309.0,"domicilios":113.0,"dom_particulares":113.0,"dom_coletivos":0.0,"moradores_por_dom":3.1,"pct_imputados":0.01,"dom_ocupados":100.0,"dom_uso_ocasional":3.0,"dom_vagos":10.0,"dens_hab_ha":92.75,"dens_dom_ha":33.92,"pct_vagos":8.8,"pct_uso_ocasional":2.7,"pct_ocupados":88.5},"geometry":{"type":"Polygon","coordinates":[[[-44.213532,-2.521366],[-44.213142,-2.521375],[-44.21278,-2.521397],[-44.212541,-2.521411],[-44.211747,-2.52145],[-44.211755,-2.521328],[-44.211742,-2.520786],[-44.211611,-2.520783],[-44.211446,-2.520773],[-44.211056,-2.520771],[-44.210999,-2.520772],[-44.210711,-2.520771],[-44.210722,-2.52038],[-44.210728,-2.519993],[-44.210746,-2.519628],[-44.210755,-2.519467],[-44.210759,-2.519201],[-44.21086,-2.519206],[-44.211034,-2.519231],[-44.211042,-2.51931],[-44.211768,-2.519897],[-44.213246,-2.521126],[-44.213532,-2.521366]]]}},{"type":"Feature","properties":{"cd_setor":"211120110000100","situacao":"Urbana","bairro":"Parque Vitória","zona":"ZEU","area_m2":38423.0,"area_ha":3.842,"fonte":"IBGE, Censo 2022 — malha e agregados por setor","pessoas":661.0,"domicilios":246.0,"dom_particulares":246.0,"dom_coletivos":0.0,"moradores_por_dom":3.0,"pct_imputados":0.0091,"dom_ocupados":219.0,"dom_uso_ocasional":4.0,"dom_vagos":23.0,"dens_hab_ha":172.03,"dens_dom_ha":64.02,"pct_vagos":9.3,"pct_uso_ocasional":1.6,"pct_ocupados":89.0},"geometry":{"type":"Polygon","coordinates":[[[-44.208502,-2.519158],[-44.208579,-2.519158],[-44.209086,-2.519184],[-44.209417,-2.519189],[-44.209567,-2.519179],[-44.209581,-2.519973],[-44.209942,-2.519988],[-44.20994,-2.520744],[-44.209833,-2.520755],[-44.209833,-2.521107],[-44.20983,-2.521544],[-44.209088,-2.521581],[-44.209088,-2.521108],[-44.208197,-2.521107],[-44.208153,-2.520082],[-44.208497,-2.52006],[-44.208502,-2.519158]]]}},{"type":"Feature","properties":{"cd_setor":"211120110000101","situacao":"Urbana","bairro":"Parque Vitória","zona":"ZEU","area_m2":37172.0,"area_ha":3.717,"fonte":"IBGE, Censo 2022 — malha e agregados por setor","pessoas":604.0,"domicilios":230.0,"dom_particulares":230.0,"dom_coletivos":0.0,"moradores_por_dom":3.1,"pct_imputados":0.0104,"dom_ocupados":193.0,"dom_uso_ocasional":10.0,"dom_vagos":27.0,"dens_hab_ha":162.49,"dens_dom_ha":61.87,"pct_vagos":11.7,"pct_uso_ocasional":4.3,"pct_ocupados":83.9},"geometry":{"type":"Polygon","coordinates":[[[-44.202645,-2.521861],[-44.201676,-2.521933],[-44.201345,-2.521958],[-44.201284,-2.52136],[-44.201244,-2.52098],[-44.201221,-2.520715],[-44.201205,-2.520329],[-44.201193,-2.519846],[-44.201195,-2.51973],[-44.201664,-2.519686],[-44.202149,-2.519655],[-44.202374,-2.51963],[-44.202477,-2.521301],[-44.20289,-2.521291],[-44.202965,-2.52129],[-44.20329,-2.52129],[-44.203381,-2.521331],[-44.203319,-2.521384],[-44.20289,-2.521756],[-44.202846,-2.521794],[-44.20275,-2.521841],[-44.202645,-2.521861]]]}},{"type":"Feature","properties":{"cd_setor":"211120110000102","situacao":"Urbana","bairro":"Parque Vitória","zona":"ZEU","area_m2":13922.1,"area_ha":1.392,"fonte":"IBGE, Censo 2022 — malha e agregados por setor","pessoas":209.0,"domicilios":76.0,"dom_particulares":76.0,"dom_coletivos":0.0,"moradores_por_dom":3.0,"pct_imputados":0.0145,"dom_ocupados":69.0,"dom_uso_ocasional":1.0,"dom_vagos":6.0,"dens_hab_ha":150.12,"dens_dom_ha":54.59,"pct_vagos":7.9,"pct_uso_ocasional":1.3,"pct_ocupados":90.8},"geometry":{"type":"Polygon","coordinates":[[[-44.205479,-2.521181],[-44.205432,-2.521171],[-44.205228,-2.521135],[-44.20507,-2.521116],[-44.205023,-2.521117],[-44.205032,-2.521045],[-44.204979,-2.520057],[-44.204947,-2.519644],[-44.204902,-2.519406],[-44.205374,-2.519322],[-44.205824,-2.519253],[-44.205831,-2.519252],[-44.205877,-2.520028],[-44.205406,-2.52006],[-44.205479,-2.521181]]]}},{"type":"Feature","properties":{"cd_setor":"211120110000104","situacao":"Rural","bairro":"Jeniparana","zona":"ZPA JENIPARANA","area_m2":8792539.9,"area_ha":879.254,"fonte":"IBGE, Censo 2022 — malha e agregados por setor","pessoas":19.0,"domicilios":13.0,"dom_particulares":13.0,"dom_coletivos":0.0,"moradores_por_dom":3.8,"pct_imputados":0.0,"dom_ocupados":5.0,"dom_uso_ocasional":6.0,"dom_vagos":2.0,"dens_hab_ha":0.02,"dens_dom_ha":0.01,"pct_vagos":15.4,"pct_uso_ocasional":46.2,"pct_ocupados":38.5},"geometry":{"type":"Polygon","coordinates":[[[-44.130957,-2.568405],[-44.132519,-2.56881],[-44.133347,-2.567921],[-44.13368,-2.567651],[-44.13433,-2.567388],[-44.134419,-2.567012],[-44.13487,-2.566938],[-44.134873,-2.566938],[-44.136588,-2.571236],[-44.139491,-2.570959],[-44.141037,-2.5708],[-44.142605,-2.570714],[-44.144041,-2.570684],[-44.144966,-2.570743],[-44.145518,-2.571658],[-44.145768,-2.572074],[-44.146013,-2.572419],[-44.146241,-2.572657],[-44.146971,-2.573363],[-44.147758,-2.574494],[-44.148334,-2.575577],[-44.148662,-2.576386],[-44.149082,-2.577097],[-44.149338,-2.577381],[-44.149504,-2.577677],[-44.149168,-2.577901],[-44.148921,-2.578025],[-44.148551,-2.578197],[-44.148282,-2.57832],[-44.147941,-2.578417],[-44.147745,-2.578589],[-44.147476,-2.578712],[-44.147207,-2.578736],[-44.147134,-2.578711],[-44.146668,-2.57861],[-44.146496,-2.57856],[-44.146324,-2.578509],[-44.146005,-2.578384],[-44.14571,-2.578234],[-44.145415,-2.578034],[-44.145218,-2.577934],[-44.144921,-2.578007],[-44.144773,-2.578181],[-44.144798,-2.578454],[-44.144895,-2.578753],[-44.144944,-2.579002],[-44.144969,-2.579176],[-44.145019,-2.579449],[-44.145044,-2.579573],[-44.145094,-2.579871],[-44.145199,-2.580516],[-44.14525,-2.580715],[-44.145277,-2.580914],[-44.145305,-2.581362],[-44.145306,-2.58166],[-44.145256,-2.581934],[-44.145081,-2.582282],[-44.145007,-2.582432],[-44.144708,-2.582855],[-44.144482,-2.583228],[-44.144285,-2.583378],[-44.143987,-2.583478],[-44.143665,-2.583604],[-44.143244,-2.583754],[-44.143045,-2.58383],[-44.142671,-2.584079],[-44.142597,-2.584279],[-44.142572,-2.584429],[-44.142573,-2.584903],[-44.142573,-2.585053],[-44.142649,-2.585428],[-44.1426,-2.585729],[-44.142302,-2.585856],[-44.141854,-2.585934],[-44.141529,-2.585909],[-44.141329,-2.585983],[-44.141029,-2.586335],[-44.14083,-2.586562],[-44.140529,-2.58681],[-44.140029,-2.586784],[-44.139954,-2.586759],[-44.139703,-2.586759],[-44.139466,-2.586758],[-44.139228,-2.586758],[-44.138803,-2.586758],[-44.138428,-2.586809],[-44.138253,-2.586959],[-44.138203,-2.587134],[-44.138128,-2.587608],[-44.138103,-2.587882],[-44.138028,-2.588181],[-44.137878,-2.588456],[-44.137577,-2.588507],[-44.137328,-2.588431],[-44.137178,-2.588405],[-44.136903,-2.588454],[-44.136753,-2.58873],[-44.136577,-2.588981],[-44.136452,-2.589233],[-44.136301,-2.58961],[-44.136301,-2.589786],[-44.13585,-2.589937],[-44.135775,-2.589962],[-44.135399,-2.590063],[-44.134948,-2.590113],[-44.134599,-2.590161],[-44.134101,-2.590231],[-44.133602,-2.590429],[-44.133451,-2.59063],[-44.133375,-2.590856],[-44.133248,-2.591209],[-44.133023,-2.591309],[-44.132624,-2.591307],[-44.132299,-2.591357],[-44.132073,-2.591533],[-44.131896,-2.591886],[-44.131895,-2.592162],[-44.132069,-2.59254],[-44.132143,-2.592866],[-44.131918,-2.592941],[-44.131794,-2.593015],[-44.131819,-2.593804],[-44.131835,-2.594396],[-44.131638,-2.595017],[-44.131143,-2.59526],[-44.130559,-2.595406],[-44.130072,-2.595358],[-44.129584,-2.595309],[-44.129,-2.595115],[-44.128416,-2.594871],[-44.127782,-2.594969],[-44.127246,-2.595553],[-44.126999,-2.595836],[-44.126646,-2.596079],[-44.126122,-2.596579],[-44.125732,-2.596872],[-44.125487,-2.597116],[-44.125047,-2.597605],[-44.124826,-2.59785],[-44.123321,-2.600113],[-44.121309,-2.599023],[-44.116653,-2.596673],[-44.114314,-2.595968],[-44.113431,-2.595831],[-44.11367,-2.588253],[-44.113684,-2.585632],[-44.113609,-2.583367],[-44.113583,-2.582474],[-44.113467,-2.580309],[-44.113372,-2.577499],[-44.113295,-2.575537],[-44.113064,-2.57028],[-44.113332,-2.57028],[-44.113768,-2.570244],[-44.114083,-2.57028],[-44.114357,-2.570291],[-44.11462,-2.570318],[-44.114809,-2.570328],[-44.115008,-2.570538],[-44.115246,-2.570524],[-44.115597,-2.570653],[-44.116111,-2.570999],[-44.116818,-2.571313],[-44.117426,-2.571564],[-44.118352,-2.571651],[-44.119021,-2.571691],[-44.119502,-2.57194],[-44.119811,-2.57215],[-44.120258,-2.57225],[-44.120568,-2.572334],[-44.120745,-2.572418],[-44.121024,-2.57255],[-44.121431,-2.572805],[-44.121673,-2.572892],[-44.12238,-2.573129],[-44.12277,-2.573166],[-44.122981,-2.573197],[-44.123208,-2.573256],[-44.123451,-2.573367],[-44.123727,-2.573501],[-44.124067,-2.573604],[-44.124307,-2.573728],[-44.1245,-2.573731],[-44.125163,-2.573499],[-44.12546,-2.573471],[-44.126185,-2.573573],[-44.126924,-2.573445],[-44.127484,-2.573221],[-44.127878,-2.572728],[-44.128736,-2.571376],[-44.130214,-2.569745],[-44.130397,-2.569475],[-44.130623,-2.569218],[-44.130957,-2.568405]]]}},{"type":"Feature","properties":{"cd_setor":"211120110000105","situacao":"Urbana","bairro":"Parque Vitória","zona":"ZEU","area_m2":32314.3,"area_ha":3.231,"fonte":"IBGE, Censo 2022 — malha e agregados por setor","pessoas":415.0,"domicilios":171.0,"dom_particulares":171.0,"dom_coletivos":0.0,"moradores_por_dom":2.8,"pct_imputados":0.0476,"dom_ocupados":147.0,"dom_uso_ocasional":3.0,"dom_vagos":21.0,"dens_hab_ha":128.43,"dens_dom_ha":52.92,"pct_vagos":12.3,"pct_uso_ocasional":1.8,"pct_ocupados":86.0},"geometry":{"type":"Polygon","coordinates":[[[-44.207961,-2.513113],[-44.207975,-2.513044],[-44.208295,-2.513124],[-44.208137,-2.513829],[-44.208354,-2.513923],[-44.209737,-2.514206],[-44.209947,-2.514258],[-44.209906,-2.514521],[-44.209889,-2.514609],[-44.209867,-2.514717],[-44.20981,-2.514965],[-44.209744,-2.515223],[-44.209717,-2.515343],[-44.208131,-2.514959],[-44.2076,-2.514945],[-44.207961,-2.513113]]]}},{"type":"Feature","properties":{"cd_setor":"211120110000106","situacao":"Urbana","bairro":"","zona":"ZEU","area_m2":590669.9,"area_ha":59.067,"fonte":"IBGE, Censo 2022 — malha e agregados por setor","pessoas":565.0,"domicilios":225.0,"dom_particulares":225.0,"dom_coletivos":0.0,"moradores_por_dom":3.2,"pct_imputados":0.0229,"dom_ocupados":175.0,"dom_uso_ocasional":29.0,"dom_vagos":21.0,"dens_hab_ha":9.57,"dens_dom_ha":3.81,"pct_vagos":9.3,"pct_uso_ocasional":12.9,"pct_ocupados":77.8},"geometry":{"type":"Polygon","coordinates":[[[-44.116059,-2.56923],[-44.116223,-2.568708],[-44.116396,-2.56753],[-44.11676,-2.566735],[-44.116883,-2.566527],[-44.11759,-2.565773],[-44.118174,-2.565016],[-44.118509,-2.564376],[-44.118941,-2.562917],[-44.119173,-2.562008],[-44.11922,-2.561325],[-44.119115,-2.560663],[-44.122591,-2.562042],[-44.122568,-2.562098],[-44.122084,-2.563267],[-44.123191,-2.563728],[-44.123157,-2.563804],[-44.122762,-2.564373],[-44.122444,-2.564619],[-44.122273,-2.564743],[-44.122126,-2.564855],[-44.121689,-2.56515],[-44.121458,-2.565258],[-44.121306,-2.565292],[-44.121183,-2.565366],[-44.121085,-2.565572],[-44.121017,-2.565856],[-44.120714,-2.565828],[-44.12216,-2.568054],[-44.122236,-2.568263],[-44.120971,-2.571843],[-44.120888,-2.571822],[-44.120751,-2.57241],[-44.120745,-2.572418],[-44.120568,-2.572334],[-44.120258,-2.57225],[-44.119811,-2.57215],[-44.119502,-2.57194],[-44.119021,-2.571691],[-44.118352,-2.571651],[-44.117426,-2.571564],[-44.116818,-2.571313],[-44.116111,-2.570999],[-44.115597,-2.570653],[-44.115246,-2.570524],[-44.115008,-2.570538],[-44.114809,-2.570328],[-44.114957,-2.570324],[-44.115467,-2.569951],[-44.116059,-2.56923]]]}},{"type":"Feature","properties":{"cd_setor":"211120110000107","situacao":"Urbana","bairro":"Parque Vitória","zona":"ZEU","area_m2":34930.2,"area_ha":3.493,"fonte":"IBGE, Censo 2022 — malha e agregados por setor","pessoas":462.0,"domicilios":186.0,"dom_particulares":186.0,"dom_coletivos":0.0,"moradores_por_dom":2.9,"pct_imputados":0.0185,"dom_ocupados":162.0,"dom_uso_ocasional":0.0,"dom_vagos":24.0,"dens_hab_ha":132.26,"dens_dom_ha":53.25,"pct_vagos":12.9,"pct_uso_ocasional":0.0,"pct_ocupados":87.1},"geometry":{"type":"Polygon","coordinates":[[[-44.200509,-2.517227],[-44.200516,-2.517189],[-44.200847,-2.515726],[-44.200888,-2.515553],[-44.201155,-2.515618],[-44.201322,-2.515649],[-44.201632,-2.51571],[-44.201689,-2.515722],[-44.2022,-2.515822],[-44.202289,-2.515839],[-44.202502,-2.515889],[-44.202393,-2.516336],[-44.202171,-2.517458],[-44.202147,-2.517567],[-44.202147,-2.517569],[-44.200509,-2.517227]]]}},{"type":"Feature","properties":{"cd_setor":"211120110000108","situacao":"Urbana","bairro":"Maiobinha","zona":"ZEU","area_m2":71537.5,"area_ha":7.154,"fonte":"IBGE, Censo 2022 — malha e agregados por setor","pessoas":331.0,"domicilios":157.0,"dom_particulares":157.0,"dom_coletivos":0.0,"moradores_por_dom":3.2,"pct_imputados":0.0,"dom_ocupados":105.0,"dom_uso_ocasional":2.0,"dom_vagos":50.0,"dens_hab_ha":46.27,"dens_dom_ha":21.95,"pct_vagos":31.8,"pct_uso_ocasional":1.3,"pct_ocupados":66.9},"geometry":{"type":"Polygon","coordinates":[[[-44.201542,-2.564652],[-44.201486,-2.564614],[-44.201403,-2.56458],[-44.201333,-2.564559],[-44.201239,-2.56453],[-44.200897,-2.564428],[-44.200238,-2.564247],[-44.199791,-2.564114],[-44.199721,-2.563736],[-44.19979,-2.562805],[-44.198646,-2.562581],[-44.198647,-2.561732],[-44.198664,-2.561734],[-44.198749,-2.561742],[-44.198845,-2.561744],[-44.198973,-2.561748],[-44.200153,-2.561864],[-44.200409,-2.561907],[-44.200571,-2.561923],[-44.201766,-2.562069],[-44.201732,-2.563099],[-44.201713,-2.564264],[-44.201542,-2.564652]]]}},{"type":"Feature","properties":{"cd_setor":"211120110000113","situacao":"Urbana","bairro":"Parque Jair","zona":"ZEU","area_m2":97472.1,"area_ha":9.747,"fonte":"IBGE, Censo 2022 — malha e agregados por setor","pessoas":533.0,"domicilios":207.0,"dom_particulares":207.0,"dom_coletivos":0.0,"moradores_por_dom":3.2,"pct_imputados":0.0119,"dom_ocupados":168.0,"dom_uso_ocasional":3.0,"dom_vagos":36.0,"dens_hab_ha":54.68,"dens_dom_ha":21.24,"pct_vagos":17.4,"pct_uso_ocasional":1.4,"pct_ocupados":81.2},"geometry":{"type":"Polygon","coordinates":[[[-44.181996,-2.508043],[-44.181996,-2.508042],[-44.182012,-2.507943],[-44.182184,-2.507022],[-44.182184,-2.507018],[-44.182423,-2.506047],[-44.182529,-2.505038],[-44.182784,-2.505083],[-44.182996,-2.505116],[-44.183238,-2.505154],[-44.183889,-2.505259],[-44.183934,-2.505077],[-44.185004,-2.50523],[-44.184988,-2.505564],[-44.184882,-2.506377],[-44.18479,-2.506984],[-44.184744,-2.507674],[-44.18469,-2.508034],[-44.184634,-2.508354],[-44.183458,-2.508247],[-44.183136,-2.508201],[-44.182528,-2.508148],[-44.181996,-2.508043]]]}},{"type":"Feature","properties":{"cd_setor":"211120110000114","situacao":"Urbana","bairro":"Parque Jair","zona":"ZEU","area_m2":159705.4,"area_ha":15.971,"fonte":"IBGE, Censo 2022 — malha e agregados por setor","pessoas":493.0,"domicilios":199.0,"dom_particulares":199.0,"dom_coletivos":0.0,"moradores_por_dom":3.2,"pct_imputados":0.0064,"dom_ocupados":156.0,"dom_uso_ocasional":9.0,"dom_vagos":34.0,"dens_hab_ha":30.87,"dens_dom_ha":12.46,"pct_vagos":17.1,"pct_uso_ocasional":4.5,"pct_ocupados":78.4},"geometry":{"type":"Polygon","coordinates":[[[-44.180406,-2.51064],[-44.180548,-2.510676],[-44.181605,-2.510826],[-44.181847,-2.510873],[-44.18231,-2.510936],[-44.182833,-2.510986],[-44.183021,-2.511],[-44.183006,-2.51114],[-44.182878,-2.511947],[-44.182773,-2.512813],[-44.182685,-2.513448],[-44.182616,-2.513956],[-44.182454,-2.514948],[-44.182336,-2.515753],[-44.182273,-2.515914],[-44.181968,-2.515876],[-44.181598,-2.515817],[-44.181084,-2.51574],[-44.180381,-2.515628],[-44.180155,-2.51559],[-44.179958,-2.515555],[-44.179736,-2.515523],[-44.17977,-2.515267],[-44.17995,-2.514013],[-44.180132,-2.512572],[-44.180263,-2.511582],[-44.180406,-2.51064]]]}},{"type":"Feature","properties":{"cd_setor":"211120110000115","situacao":"Urbana","bairro":"Parque Jair","zona":"ZEU","area_m2":256030.3,"area_ha":25.603,"fonte":"IBGE, Censo 2022 — malha e agregados por setor","pessoas":565.0,"domicilios":202.0,"dom_particulares":202.0,"dom_coletivos":0.0,"moradores_por_dom":3.3,"pct_imputados":0.0118,"dom_ocupados":170.0,"dom_uso_ocasional":6.0,"dom_vagos":26.0,"dens_hab_ha":22.07,"dens_dom_ha":7.89,"pct_vagos":12.9,"pct_uso_ocasional":3.0,"pct_ocupados":84.2},"geometry":{"type":"Polygon","coordinates":[[[-44.183621,-2.516096],[-44.182945,-2.516031],[-44.182356,-2.515985],[-44.182273,-2.515914],[-44.182336,-2.515753],[-44.182454,-2.514948],[-44.182616,-2.513956],[-44.182685,-2.513448],[-44.182773,-2.512813],[-44.182878,-2.511947],[-44.183006,-2.51114],[-44.183021,-2.511],[-44.183091,-2.510931],[-44.183186,-2.510906],[-44.183347,-2.510911],[-44.184313,-2.511004],[-44.186334,-2.511209],[-44.186145,-2.512533],[-44.186047,-2.51328],[-44.18569,-2.515605],[-44.185677,-2.515687],[-44.185289,-2.518116],[-44.18473,-2.518171],[-44.184252,-2.518178],[-44.183338,-2.518169],[-44.183346,-2.518144],[-44.183366,-2.518082],[-44.1834,-2.517813],[-44.183526,-2.516885],[-44.183621,-2.516096]]]}},{"type":"Feature","properties":{"cd_setor":"211120110000116","situacao":"Urbana","bairro":"Altos do Itapiracó","zona":"ZEU","area_m2":572709.4,"area_ha":57.271,"fonte":"IBGE, Censo 2022 — malha e agregados por setor","pessoas":463.0,"domicilios":178.0,"dom_particulares":178.0,"dom_coletivos":0.0,"moradores_por_dom":3.3,"pct_imputados":0.0144,"dom_ocupados":139.0,"dom_uso_ocasional":25.0,"dom_vagos":14.0,"dens_hab_ha":8.08,"dens_dom_ha":3.11,"pct_vagos":7.9,"pct_uso_ocasional":14.0,"pct_ocupados":78.1},"geometry":{"type":"Polygon","coordinates":[[[-44.185289,-2.518116],[-44.186503,-2.51797],[-44.187369,-2.517869],[-44.18764,-2.517835],[-44.188068,-2.517812],[-44.18838,-2.51792],[-44.189148,-2.517605],[-44.18933,-2.517649],[-44.19098,-2.518063],[-44.190339,-2.519305],[-44.189906,-2.519752],[-44.189946,-2.519952],[-44.189885,-2.520066],[-44.189847,-2.520135],[-44.18982,-2.520198],[-44.189789,-2.520311],[-44.189745,-2.520607],[-44.189707,-2.520809],[-44.189682,-2.520941],[-44.189676,-2.521037],[-44.18967,-2.52147],[-44.189642,-2.522334],[-44.189619,-2.523029],[-44.188,-2.522986],[-44.187918,-2.524933],[-44.187892,-2.526858],[-44.187904,-2.527681],[-44.18865,-2.527708],[-44.188614,-2.529095],[-44.188611,-2.529146],[-44.188213,-2.529012],[-44.187928,-2.528924],[-44.187706,-2.528864],[-44.187044,-2.528636],[-44.186942,-2.528497],[-44.185826,-2.528206],[-44.18498,-2.527989],[-44.184985,-2.527938],[-44.184987,-2.527746],[-44.184987,-2.525295],[-44.185011,-2.522786],[-44.185003,-2.522358],[-44.184996,-2.521965],[-44.184975,-2.521665],[-44.184998,-2.521403],[-44.184421,-2.52085],[-44.183281,-2.519756],[-44.183331,-2.518208],[-44.183338,-2.518169],[-44.184252,-2.518178],[-44.18473,-2.518171],[-44.185289,-2.518116]]]}},{"type":"Feature","properties":{"cd_setor":"211120110000118","situacao":"Urbana","bairro":"Pindaí","zona":"ZEU","area_m2":256221.7,"area_ha":25.622,"fonte":"IBGE, Censo 2022 — malha e agregados por setor","pessoas":526.0,"domicilios":212.0,"dom_particulares":212.0,"dom_coletivos":0.0,"moradores_por_dom":3.4,"pct_imputados":0.0645,"dom_ocupados":155.0,"dom_uso_ocasional":23.0,"dom_vagos":34.0,"dens_hab_ha":20.53,"dens_dom_ha":8.27,"pct_vagos":16.0,"pct_uso_ocasional":10.8,"pct_ocupados":73.1},"geometry":{"type":"Polygon","coordinates":[[[-44.127417,-2.551553],[-44.127641,-2.551614],[-44.128743,-2.551914],[-44.128446,-2.553071],[-44.128319,-2.553727],[-44.128205,-2.554394],[-44.125954,-2.553511],[-44.125831,-2.554347],[-44.125768,-2.55477],[-44.12349,-2.55383],[-44.123276,-2.554397],[-44.121308,-2.55364],[-44.121284,-2.553336],[-44.121302,-2.553003],[-44.121367,-2.552691],[-44.121405,-2.55256],[-44.121528,-2.552378],[-44.121728,-2.552223],[-44.122018,-2.552],[-44.122201,-2.551807],[-44.122353,-2.551367],[-44.122549,-2.550251],[-44.125611,-2.551061],[-44.127417,-2.551553]]]}},{"type":"Feature","properties":{"cd_setor":"211120110000119","situacao":"Urbana","bairro":"Parque Vitória","zona":"ZEU","area_m2":46978.9,"area_ha":4.698,"fonte":"IBGE, Censo 2022 — malha e agregados por setor","pessoas":500.0,"domicilios":189.0,"dom_particulares":189.0,"dom_coletivos":0.0,"moradores_por_dom":3.1,"pct_imputados":0.0061,"dom_ocupados":163.0,"dom_uso_ocasional":0.0,"dom_vagos":26.0,"dens_hab_ha":106.43,"dens_dom_ha":40.23,"pct_vagos":13.8,"pct_uso_ocasional":0.0,"pct_ocupados":86.2},"geometry":{"type":"Polygon","coordinates":[[[-44.204034,-2.51271],[-44.204059,-2.512589],[-44.204084,-2.512512],[-44.205574,-2.51282],[-44.207135,-2.513181],[-44.207198,-2.512914],[-44.207961,-2.513113],[-44.2076,-2.514945],[-44.207575,-2.51499],[-44.207518,-2.515212],[-44.207144,-2.515129],[-44.207115,-2.515125],[-44.206745,-2.515045],[-44.206711,-2.51504],[-44.206852,-2.514412],[-44.206988,-2.513813],[-44.205448,-2.513467],[-44.205412,-2.513457],[-44.203929,-2.513144],[-44.204019,-2.512751],[-44.20403,-2.512727],[-44.204034,-2.51271]]]}},{"type":"Feature","properties":{"cd_setor":"211120110000120","situacao":"Urbana","bairro":"Parque Vitória","zona":"ZEU","area_m2":116986.6,"area_ha":11.699,"fonte":"IBGE, Censo 2022 — malha e agregados por setor","pessoas":412.0,"domicilios":141.0,"dom_particulares":141.0,"dom_coletivos":0.0,"moradores_por_dom":3.4,"pct_imputados":0.082,"dom_ocupados":122.0,"dom_uso_ocasional":1.0,"dom_vagos":18.0,"dens_hab_ha":35.22,"dens_dom_ha":12.05,"pct_vagos":12.8,"pct_uso_ocasional":0.7,"pct_ocupados":86.5},"geometry":{"type":"Polygon","coordinates":[[[-44.203563,-2.510853],[-44.203791,-2.509774],[-44.204264,-2.507667],[-44.205026,-2.507806],[-44.205116,-2.507724],[-44.206414,-2.508867],[-44.207803,-2.510058],[-44.207675,-2.510662],[-44.207535,-2.511304],[-44.205971,-2.511009],[-44.204457,-2.510674],[-44.204374,-2.511016],[-44.203563,-2.510853]]]}},{"type":"Feature","properties":{"cd_setor":"211120110000121","situacao":"Urbana","bairro":"Miritiua","zona":"ZDU - A","area_m2":405611.9,"area_ha":40.561,"fonte":"IBGE, Censo 2022 — malha e agregados por setor","pessoas":426.0,"domicilios":232.0,"dom_particulares":232.0,"dom_coletivos":0.0,"moradores_por_dom":2.9,"pct_imputados":0.0816,"dom_ocupados":147.0,"dom_uso_ocasional":29.0,"dom_vagos":56.0,"dens_hab_ha":10.5,"dens_dom_ha":5.72,"pct_vagos":24.1,"pct_uso_ocasional":12.5,"pct_ocupados":63.4},"geometry":{"type":"Polygon","coordinates":[[[-44.200447,-2.502645],[-44.200964,-2.502732],[-44.201288,-2.502712],[-44.201892,-2.502585],[-44.20222,-2.502576],[-44.20312,-2.502269],[-44.203761,-2.501874],[-44.2043,-2.501588],[-44.204728,-2.501517],[-44.204991,-2.501524],[-44.205405,-2.501702],[-44.205733,-2.501748],[-44.205806,-2.501703],[-44.205853,-2.501612],[-44.205854,-2.50146],[-44.205995,-2.50123],[-44.206058,-2.50132],[-44.206109,-2.501404],[-44.206145,-2.501481],[-44.206191,-2.501627],[-44.206335,-2.502081],[-44.206401,-2.502353],[-44.206472,-2.5026],[-44.20655,-2.502898],[-44.206619,-2.50316],[-44.206673,-2.50334],[-44.20673,-2.503543],[-44.20673,-2.503546],[-44.206856,-2.504007],[-44.206986,-2.504425],[-44.206636,-2.504722],[-44.206613,-2.504733],[-44.206781,-2.504852],[-44.206983,-2.505003],[-44.207253,-2.50516],[-44.207371,-2.505252],[-44.20743,-2.505302],[-44.207645,-2.505537],[-44.207969,-2.505855],[-44.208175,-2.506041],[-44.208366,-2.506194],[-44.208629,-2.506383],[-44.208748,-2.506462],[-44.20882,-2.5065],[-44.208924,-2.506535],[-44.209012,-2.506565],[-44.209146,-2.506606],[-44.209297,-2.506638],[-44.209493,-2.506667],[-44.20991,-2.506736],[-44.210501,-2.506822],[-44.211609,-2.50699],[-44.212052,-2.507069],[-44.212581,-2.507154],[-44.212562,-2.50722],[-44.212437,-2.507648],[-44.212399,-2.50778],[-44.212207,-2.508382],[-44.2121,-2.508736],[-44.21201,-2.50902],[-44.211765,-2.509751],[-44.21163,-2.510122],[-44.211556,-2.510186],[-44.211481,-2.510293],[-44.21141,-2.510468],[-44.211399,-2.510556],[-44.211399,-2.51065],[-44.211403,-2.510704],[-44.211423,-2.510759],[-44.211447,-2.510797],[-44.211496,-2.510854],[-44.211526,-2.510921],[-44.21155,-2.510967],[-44.211558,-2.511001],[-44.211554,-2.511028],[-44.211544,-2.511048],[-44.211513,-2.511086],[-44.211466,-2.511161],[-44.211448,-2.511229],[-44.211448,-2.51126],[-44.21145,-2.511289],[-44.211454,-2.511314],[-44.211466,-2.511335],[-44.211496,-2.511367],[-44.211539,-2.511389],[-44.211571,-2.511416],[-44.211597,-2.511442],[-44.211626,-2.511471],[-44.211656,-2.511497],[-44.211707,-2.511532],[-44.211756,-2.511534],[-44.211802,-2.511571],[-44.211836,-2.511632],[-44.211853,-2.511693],[-44.211866,-2.511746],[-44.211516,-2.511738],[-44.211428,-2.511629],[-44.211366,-2.511533],[-44.211363,-2.511307],[-44.211216,-2.511147],[-44.210853,-2.510938],[-44.210454,-2.510709],[-44.210119,-2.510494],[-44.209808,-2.510118],[-44.209562,-2.509804],[-44.209083,-2.509151],[-44.208878,-2.508881],[-44.208605,-2.508648],[-44.208201,-2.508368],[-44.207853,-2.50802],[-44.207579,-2.507808],[-44.207397,-2.50755],[-44.207043,-2.507161],[-44.206598,-2.506658],[-44.206217,-2.506319],[-44.205542,-2.505764],[-44.20498,-2.505238],[-44.204022,-2.504739],[-44.203712,-2.504604],[-44.203302,-2.504543],[-44.202677,-2.504544],[-44.20212,-2.504468],[-44.201754,-2.504307],[-44.201214,-2.503708],[-44.200876,-2.503107],[-44.200729,-2.502909],[-44.200447,-2.502645]]]}},{"type":"Feature","properties":{"cd_setor":"211120110000122","situacao":"Urbana","bairro":"Parque Vitória","zona":"ZEU","area_m2":90301.3,"area_ha":9.03,"fonte":"IBGE, Censo 2022 — malha e agregados por setor","pessoas":378.0,"domicilios":153.0,"dom_particulares":153.0,"dom_coletivos":0.0,"moradores_por_dom":3.1,"pct_imputados":0.0407,"dom_ocupados":123.0,"dom_uso_ocasional":5.0,"dom_vagos":25.0,"dens_hab_ha":41.86,"dens_dom_ha":16.94,"pct_vagos":16.3,"pct_uso_ocasional":3.3,"pct_ocupados":80.4},"geometry":{"type":"Polygon","coordinates":[[[-44.203563,-2.510853],[-44.204374,-2.511016],[-44.204457,-2.510674],[-44.205971,-2.511009],[-44.207535,-2.511304],[-44.207421,-2.511854],[-44.207363,-2.512145],[-44.20728,-2.512555],[-44.207198,-2.512914],[-44.207135,-2.513181],[-44.205574,-2.51282],[-44.204084,-2.512512],[-44.204059,-2.512589],[-44.204034,-2.51271],[-44.203213,-2.512537],[-44.203563,-2.510853]]]}},{"type":"Feature","properties":{"cd_setor":"211120110000123","situacao":"Urbana","bairro":"Parque Vitória","zona":"ZEU","area_m2":51026.5,"area_ha":5.103,"fonte":"IBGE, Censo 2022 — malha e agregados por setor","pessoas":506.0,"domicilios":245.0,"dom_particulares":244.0,"dom_coletivos":1.0,"moradores_por_dom":2.5,"pct_imputados":0.0,"dom_ocupados":199.0,"dom_uso_ocasional":9.0,"dom_vagos":36.0,"dens_hab_ha":99.16,"dens_dom_ha":47.82,"pct_vagos":14.8,"pct_uso_ocasional":3.7,"pct_ocupados":81.6},"geometry":{"type":"Polygon","coordinates":[[[-44.206172,-2.517533],[-44.206307,-2.5169],[-44.206441,-2.516283],[-44.204858,-2.515919],[-44.204995,-2.515311],[-44.205139,-2.514686],[-44.206711,-2.51504],[-44.206745,-2.515045],[-44.207115,-2.515125],[-44.207144,-2.515129],[-44.207518,-2.515212],[-44.207478,-2.51535],[-44.207401,-2.515738],[-44.20697,-2.517713],[-44.206684,-2.517645],[-44.206563,-2.517617],[-44.206338,-2.517568],[-44.206172,-2.517533]]]}},{"type":"Feature","properties":{"cd_setor":"211120110000124","situacao":"Urbana","bairro":"Cohatrac","zona":"ZEU","area_m2":41833.5,"area_ha":4.183,"fonte":"IBGE, Censo 2022 — malha e agregados por setor","pessoas":559.0,"domicilios":185.0,"dom_particulares":185.0,"dom_coletivos":0.0,"moradores_por_dom":3.3,"pct_imputados":0.076,"dom_ocupados":171.0,"dom_uso_ocasional":4.0,"dom_vagos":10.0,"dens_hab_ha":133.62,"dens_dom_ha":44.22,"pct_vagos":5.4,"pct_uso_ocasional":2.2,"pct_ocupados":92.4},"geometry":{"type":"Polygon","coordinates":[[[-44.208025,-2.545658],[-44.207945,-2.545828],[-44.207856,-2.545983],[-44.207817,-2.546049],[-44.207758,-2.546172],[-44.207705,-2.546282],[-44.207691,-2.546313],[-44.207492,-2.546761],[-44.207372,-2.546693],[-44.206223,-2.546442],[-44.206325,-2.546067],[-44.206394,-2.545765],[-44.206565,-2.545114],[-44.206155,-2.545017],[-44.206286,-2.544352],[-44.206496,-2.544397],[-44.20707,-2.54453],[-44.20838,-2.544811],[-44.208263,-2.545109],[-44.208025,-2.545658]]]}},{"type":"Feature","properties":{"cd_setor":"211120110000125","situacao":"Urbana","bairro":"Cohatrac","zona":"ZEU","area_m2":32484.0,"area_ha":3.248,"fonte":"IBGE, Censo 2022 — malha e agregados por setor","pessoas":496.0,"domicilios":176.0,"dom_particulares":176.0,"dom_coletivos":0.0,"moradores_por_dom":3.1,"pct_imputados":0.0823,"dom_ocupados":158.0,"dom_uso_ocasional":1.0,"dom_vagos":17.0,"dens_hab_ha":152.69,"dens_dom_ha":54.18,"pct_vagos":9.7,"pct_uso_ocasional":0.6,"pct_ocupados":89.8},"geometry":{"type":"Polygon","coordinates":[[[-44.204316,-2.545285],[-44.204402,-2.54488],[-44.204531,-2.544258],[-44.204596,-2.543975],[-44.204742,-2.544008],[-44.204899,-2.544036],[-44.20626,-2.54434],[-44.206286,-2.544352],[-44.206155,-2.545017],[-44.206565,-2.545114],[-44.206394,-2.545765],[-44.206311,-2.545743],[-44.205239,-2.545512],[-44.204357,-2.545301],[-44.204316,-2.545285]]]}},{"type":"Feature","properties":{"cd_setor":"211120110000126","situacao":"Urbana","bairro":"Cohatrac","zona":"ZEU","area_m2":42037.0,"area_ha":4.204,"fonte":"IBGE, Censo 2022 — malha e agregados por setor","pessoas":388.0,"domicilios":231.0,"dom_particulares":231.0,"dom_coletivos":0.0,"moradores_por_dom":2.7,"pct_imputados":0.028,"dom_ocupados":143.0,"dom_uso_ocasional":7.0,"dom_vagos":81.0,"dens_hab_ha":92.3,"dens_dom_ha":54.95,"pct_vagos":35.1,"pct_uso_ocasional":3.0,"pct_ocupados":61.9},"geometry":{"type":"Polygon","coordinates":[[[-44.202037,-2.546719],[-44.202131,-2.546741],[-44.202267,-2.546769],[-44.202352,-2.546741],[-44.202564,-2.546592],[-44.202595,-2.546569],[-44.20287,-2.546362],[-44.203213,-2.546096],[-44.20339,-2.54528],[-44.203998,-2.545419],[-44.203824,-2.545869],[-44.203545,-2.546264],[-44.203547,-2.546373],[-44.203537,-2.546506],[-44.203299,-2.547548],[-44.202972,-2.547481],[-44.202633,-2.54902],[-44.202445,-2.548925],[-44.20222,-2.548797],[-44.201631,-2.548468],[-44.202037,-2.546719]]]}},{"type":"Feature","properties":{"cd_setor":"211120110000127","situacao":"Urbana","bairro":"Cohatrac","zona":"ZEU","area_m2":36628.4,"area_ha":3.663,"fonte":"IBGE, Censo 2022 — malha e agregados por setor","pessoas":525.0,"domicilios":227.0,"dom_particulares":227.0,"dom_coletivos":0.0,"moradores_por_dom":2.9,"pct_imputados":0.0884,"dom_ocupados":181.0,"dom_uso_ocasional":3.0,"dom_vagos":43.0,"dens_hab_ha":143.33,"dens_dom_ha":61.97,"pct_vagos":18.9,"pct_uso_ocasional":1.3,"pct_ocupados":79.7},"geometry":{"type":"Polygon","coordinates":[[[-44.203273,-2.549319],[-44.203859,-2.546584],[-44.204001,-2.54593],[-44.2041,-2.545944],[-44.204171,-2.545957],[-44.204294,-2.545981],[-44.205009,-2.546163],[-44.204726,-2.547422],[-44.204629,-2.54786],[-44.204481,-2.547819],[-44.204305,-2.547774],[-44.203911,-2.549513],[-44.203671,-2.549452],[-44.203273,-2.549319]]]}},{"type":"Feature","properties":{"cd_setor":"211120110000128","situacao":"Urbana","bairro":"Cohatrac","zona":"ZEU","area_m2":47622.9,"area_ha":4.762,"fonte":"IBGE, Censo 2022 — malha e agregados por setor","pessoas":433.0,"domicilios":159.0,"dom_particulares":159.0,"dom_coletivos":0.0,"moradores_por_dom":2.9,"pct_imputados":0.0544,"dom_ocupados":147.0,"dom_uso_ocasional":2.0,"dom_vagos":10.0,"dens_hab_ha":90.92,"dens_dom_ha":33.39,"pct_vagos":6.3,"pct_uso_ocasional":1.3,"pct_ocupados":92.5},"geometry":{"type":"Polygon","coordinates":[[[-44.206658,-2.549217],[-44.206634,-2.549285],[-44.206548,-2.549533],[-44.20653,-2.549601],[-44.206504,-2.549683],[-44.20644,-2.549942],[-44.206377,-2.550205],[-44.206248,-2.550125],[-44.205999,-2.550077],[-44.205911,-2.550053],[-44.206304,-2.548226],[-44.205644,-2.548081],[-44.205725,-2.547702],[-44.205379,-2.547619],[-44.205383,-2.547604],[-44.205664,-2.546312],[-44.205995,-2.546394],[-44.206082,-2.546411],[-44.206152,-2.546423],[-44.206223,-2.546442],[-44.207372,-2.546693],[-44.207492,-2.546761],[-44.207377,-2.547047],[-44.207144,-2.547575],[-44.207,-2.547962],[-44.206953,-2.548111],[-44.206896,-2.548289],[-44.206865,-2.548418],[-44.206828,-2.548572],[-44.206676,-2.549163],[-44.206658,-2.549217]]]}},{"type":"Feature","properties":{"cd_setor":"211120110000129","situacao":"Urbana","bairro":"Cohatrac","zona":"ZEU","area_m2":28033.7,"area_ha":2.803,"fonte":"IBGE, Censo 2022 — malha e agregados por setor","pessoas":308.0,"domicilios":127.0,"dom_particulares":127.0,"dom_coletivos":0.0,"moradores_por_dom":3.0,"pct_imputados":0.0971,"dom_ocupados":103.0,"dom_uso_ocasional":1.0,"dom_vagos":23.0,"dens_hab_ha":109.87,"dens_dom_ha":45.3,"pct_vagos":18.1,"pct_uso_ocasional":0.8,"pct_ocupados":81.1},"geometry":{"type":"Polygon","coordinates":[[[-44.209054,-2.5432],[-44.208757,-2.54391],[-44.208643,-2.544189],[-44.206638,-2.543761],[-44.206676,-2.543595],[-44.206716,-2.543431],[-44.206794,-2.543105],[-44.206884,-2.542709],[-44.207834,-2.542926],[-44.207952,-2.542952],[-44.208294,-2.543027],[-44.208858,-2.543152],[-44.209054,-2.5432]]]}},{"type":"Feature","properties":{"cd_setor":"211120110000130","situacao":"Urbana","bairro":"Cohatrac","zona":"ZEU","area_m2":43295.4,"area_ha":4.33,"fonte":"IBGE, Censo 2022 — malha e agregados por setor","pessoas":461.0,"domicilios":165.0,"dom_particulares":165.0,"dom_coletivos":0.0,"moradores_por_dom":3.1,"pct_imputados":0.0533,"dom_ocupados":150.0,"dom_uso_ocasional":2.0,"dom_vagos":13.0,"dens_hab_ha":106.48,"dens_dom_ha":38.11,"pct_vagos":7.9,"pct_uso_ocasional":1.2,"pct_ocupados":90.9},"geometry":{"type":"Polygon","coordinates":[[[-44.206233,-2.542561],[-44.206884,-2.542709],[-44.206794,-2.543105],[-44.206716,-2.543431],[-44.206676,-2.543595],[-44.206638,-2.543761],[-44.206588,-2.543986],[-44.206572,-2.544059],[-44.206511,-2.544341],[-44.206496,-2.544397],[-44.206286,-2.544352],[-44.20626,-2.54434],[-44.204899,-2.544036],[-44.204742,-2.544008],[-44.204596,-2.543975],[-44.204514,-2.543959],[-44.204899,-2.542255],[-44.204955,-2.542268],[-44.205494,-2.542396],[-44.206233,-2.542561]]]}},{"type":"Feature","properties":{"cd_setor":"211120110000131","situacao":"Urbana","bairro":"Cohatrac","zona":"ZEU","area_m2":29745.1,"area_ha":2.975,"fonte":"IBGE, Censo 2022 — malha e agregados por setor","pessoas":329.0,"domicilios":122.0,"dom_particulares":122.0,"dom_coletivos":0.0,"moradores_por_dom":3.0,"pct_imputados":0.1009,"dom_ocupados":109.0,"dom_uso_ocasional":3.0,"dom_vagos":10.0,"dens_hab_ha":110.61,"dens_dom_ha":41.02,"pct_vagos":8.2,"pct_uso_ocasional":2.5,"pct_ocupados":89.3},"geometry":{"type":"Polygon","coordinates":[[[-44.200901,-2.543216],[-44.200968,-2.543146],[-44.200973,-2.54314],[-44.201161,-2.542927],[-44.2013,-2.542777],[-44.201604,-2.542425],[-44.202656,-2.542688],[-44.202868,-2.542721],[-44.203902,-2.54297],[-44.203824,-2.54332],[-44.203817,-2.543361],[-44.203719,-2.543866],[-44.202496,-2.543592],[-44.20225,-2.543533],[-44.202044,-2.543482],[-44.200901,-2.543216]]]}},{"type":"Feature","properties":{"cd_setor":"211120110000133","situacao":"Urbana","bairro":"Cohatrac","zona":"ZEU","area_m2":47489.9,"area_ha":4.749,"fonte":"IBGE, Censo 2022 — malha e agregados por setor","pessoas":334.0,"domicilios":140.0,"dom_particulares":139.0,"dom_coletivos":1.0,"moradores_por_dom":3.0,"pct_imputados":0.0531,"dom_ocupados":113.0,"dom_uso_ocasional":9.0,"dom_vagos":17.0,"dens_hab_ha":70.33,"dens_dom_ha":29.27,"pct_vagos":12.2,"pct_uso_ocasional":6.5,"pct_ocupados":81.3},"geometry":{"type":"Polygon","coordinates":[[[-44.199009,-2.54537],[-44.199495,-2.544799],[-44.199889,-2.544363],[-44.200021,-2.544189],[-44.199686,-2.545714],[-44.200185,-2.545815],[-44.200656,-2.545941],[-44.200559,-2.546363],[-44.200257,-2.54772],[-44.199985,-2.547571],[-44.198104,-2.546544],[-44.198459,-2.546077],[-44.198707,-2.545764],[-44.198857,-2.545566],[-44.199009,-2.54537]]]}},{"type":"Feature","properties":{"cd_setor":"211120110000134","situacao":"Urbana","bairro":"Cohatrac","zona":"ZEU","area_m2":53333.4,"area_ha":5.333,"fonte":"IBGE, Censo 2022 — malha e agregados por setor","pessoas":526.0,"domicilios":180.0,"dom_particulares":180.0,"dom_coletivos":0.0,"moradores_por_dom":3.4,"pct_imputados":0.0,"dom_ocupados":157.0,"dom_uso_ocasional":13.0,"dom_vagos":10.0,"dens_hab_ha":98.62,"dens_dom_ha":33.75,"pct_vagos":5.6,"pct_uso_ocasional":7.2,"pct_ocupados":87.2},"geometry":{"type":"Polygon","coordinates":[[[-44.200877,-2.545012],[-44.201031,-2.544318],[-44.20181,-2.544489],[-44.202003,-2.544523],[-44.202497,-2.544632],[-44.203005,-2.544747],[-44.20348,-2.544853],[-44.20339,-2.54528],[-44.203213,-2.546096],[-44.20287,-2.546362],[-44.202595,-2.546569],[-44.202564,-2.546592],[-44.202352,-2.546741],[-44.202267,-2.546769],[-44.202131,-2.546741],[-44.202037,-2.546719],[-44.201971,-2.5467],[-44.201547,-2.546605],[-44.201063,-2.546494],[-44.201355,-2.545116],[-44.200877,-2.545012]]]}},{"type":"Feature","properties":{"cd_setor":"211120110000136","situacao":"Urbana","bairro":"Cohatrac","zona":"ZEU","area_m2":32896.4,"area_ha":3.29,"fonte":"IBGE, Censo 2022 — malha e agregados por setor","pessoas":385.0,"domicilios":156.0,"dom_particulares":156.0,"dom_coletivos":0.0,"moradores_por_dom":2.9,"pct_imputados":0.0,"dom_ocupados":134.0,"dom_uso_ocasional":7.0,"dom_vagos":15.0,"dens_hab_ha":117.03,"dens_dom_ha":47.42,"pct_vagos":9.6,"pct_uso_ocasional":4.5,"pct_ocupados":85.9},"geometry":{"type":"Polygon","coordinates":[[[-44.197498,-2.541912],[-44.197543,-2.541734],[-44.197945,-2.541826],[-44.197908,-2.542015],[-44.199393,-2.542362],[-44.199314,-2.542778],[-44.199485,-2.542814],[-44.199398,-2.543237],[-44.199303,-2.543627],[-44.199147,-2.543595],[-44.19891,-2.543548],[-44.198028,-2.543323],[-44.197654,-2.543234],[-44.197239,-2.543132],[-44.197329,-2.542705],[-44.197403,-2.542319],[-44.197498,-2.541912]]]}},{"type":"Feature","properties":{"cd_setor":"211120110000137","situacao":"Urbana","bairro":"Cohatrac","zona":"ZEU","area_m2":38188.5,"area_ha":3.819,"fonte":"IBGE, Censo 2022 — malha e agregados por setor","pessoas":398.0,"domicilios":220.0,"dom_particulares":220.0,"dom_coletivos":0.0,"moradores_por_dom":3.0,"pct_imputados":0.0821,"dom_ocupados":134.0,"dom_uso_ocasional":8.0,"dom_vagos":78.0,"dens_hab_ha":104.22,"dens_dom_ha":57.61,"pct_vagos":35.5,"pct_uso_ocasional":3.6,"pct_ocupados":60.9},"geometry":{"type":"Polygon","coordinates":[[[-44.197359,-2.544432],[-44.197403,-2.544272],[-44.197554,-2.543615],[-44.197654,-2.543234],[-44.198028,-2.543323],[-44.19891,-2.543548],[-44.199147,-2.543595],[-44.199303,-2.543627],[-44.200312,-2.543869],[-44.20012,-2.544089],[-44.200021,-2.544189],[-44.199889,-2.544363],[-44.199495,-2.544799],[-44.199009,-2.54537],[-44.198941,-2.544834],[-44.198156,-2.544619],[-44.197757,-2.544533],[-44.197413,-2.544453],[-44.197359,-2.544432]]]}},{"type":"Feature","properties":{"cd_setor":"211120110000138","situacao":"Urbana","bairro":"Cohatrac","zona":"ZEU","area_m2":43835.8,"area_ha":4.384,"fonte":"IBGE, Censo 2022 — malha e agregados por setor","pessoas":472.0,"domicilios":180.0,"dom_particulares":180.0,"dom_coletivos":0.0,"moradores_por_dom":3.2,"pct_imputados":0.0608,"dom_ocupados":148.0,"dom_uso_ocasional":10.0,"dom_vagos":22.0,"dens_hab_ha":107.67,"dens_dom_ha":41.06,"pct_vagos":12.2,"pct_uso_ocasional":5.6,"pct_ocupados":82.2},"geometry":{"type":"Polygon","coordinates":[[[-44.1977,-2.54063],[-44.197605,-2.541074],[-44.197647,-2.541306],[-44.197602,-2.541491],[-44.197543,-2.541734],[-44.197498,-2.541912],[-44.195478,-2.541453],[-44.195387,-2.541867],[-44.194812,-2.541733],[-44.194899,-2.541335],[-44.194976,-2.541071],[-44.19507,-2.540817],[-44.195147,-2.540575],[-44.195237,-2.540263],[-44.195418,-2.540123],[-44.195482,-2.540129],[-44.195782,-2.540201],[-44.196486,-2.540354],[-44.196567,-2.540372],[-44.1977,-2.54063]]]}},{"type":"Feature","properties":{"cd_setor":"211120110000140","situacao":"Urbana","bairro":"Novo Cohatrac","zona":"ZEU","area_m2":45571.6,"area_ha":4.557,"fonte":"IBGE, Censo 2022 — malha e agregados por setor","pessoas":445.0,"domicilios":205.0,"dom_particulares":205.0,"dom_coletivos":0.0,"moradores_por_dom":2.8,"pct_imputados":0.1592,"dom_ocupados":157.0,"dom_uso_ocasional":7.0,"dom_vagos":41.0,"dens_hab_ha":97.65,"dens_dom_ha":44.98,"pct_vagos":20.0,"pct_uso_ocasional":3.4,"pct_ocupados":76.6},"geometry":{"type":"Polygon","coordinates":[[[-44.191353,-2.536052],[-44.191385,-2.535972],[-44.191481,-2.535622],[-44.191487,-2.535583],[-44.191588,-2.535178],[-44.191593,-2.535166],[-44.191698,-2.534761],[-44.191702,-2.534743],[-44.193297,-2.535142],[-44.1934,-2.534791],[-44.194224,-2.534983],[-44.19413,-2.535422],[-44.194055,-2.535743],[-44.194058,-2.535766],[-44.193861,-2.536518],[-44.193829,-2.536616],[-44.193601,-2.536566],[-44.193085,-2.536461],[-44.192757,-2.536394],[-44.191353,-2.536052]]]}},{"type":"Feature","properties":{"cd_setor":"211120110000141","situacao":"Urbana","bairro":"Trizidela Da Maioba","zona":"ZEU","area_m2":55214.2,"area_ha":5.521,"fonte":"IBGE, Censo 2022 — malha e agregados por setor","pessoas":421.0,"domicilios":179.0,"dom_particulares":178.0,"dom_coletivos":1.0,"moradores_por_dom":3.1,"pct_imputados":0.0584,"dom_ocupados":137.0,"dom_uso_ocasional":8.0,"dom_vagos":33.0,"dens_hab_ha":76.25,"dens_dom_ha":32.24,"pct_vagos":18.5,"pct_uso_ocasional":4.5,"pct_ocupados":77.0},"geometry":{"type":"Polygon","coordinates":[[[-44.193557,-2.538932],[-44.19384,-2.537789],[-44.194124,-2.536686],[-44.194205,-2.536705],[-44.194647,-2.536807],[-44.195864,-2.537115],[-44.195937,-2.537108],[-44.195907,-2.537246],[-44.195877,-2.537439],[-44.195816,-2.537686],[-44.195732,-2.538069],[-44.195629,-2.538515],[-44.195592,-2.538678],[-44.195555,-2.538874],[-44.195523,-2.539021],[-44.195435,-2.539421],[-44.194954,-2.53929],[-44.194799,-2.53933],[-44.194293,-2.539167],[-44.194034,-2.539068],[-44.193943,-2.539043],[-44.193557,-2.538932]]]}},{"type":"Feature","properties":{"cd_setor":"211120110000142","situacao":"Urbana","bairro":"Cohatrac","zona":"ZEU","area_m2":40067.2,"area_ha":4.007,"fonte":"IBGE, Censo 2022 — malha e agregados por setor","pessoas":451.0,"domicilios":164.0,"dom_particulares":164.0,"dom_coletivos":0.0,"moradores_por_dom":3.0,"pct_imputados":0.0132,"dom_ocupados":152.0,"dom_uso_ocasional":2.0,"dom_vagos":10.0,"dens_hab_ha":112.56,"dens_dom_ha":40.93,"pct_vagos":6.1,"pct_uso_ocasional":1.2,"pct_ocupados":92.7},"geometry":{"type":"Polygon","coordinates":[[[-44.200312,-2.543869],[-44.20052,-2.543642],[-44.200593,-2.543564],[-44.200662,-2.543492],[-44.200901,-2.543216],[-44.202044,-2.543482],[-44.20225,-2.543533],[-44.202496,-2.543592],[-44.203719,-2.543866],[-44.203635,-2.544239],[-44.203607,-2.544353],[-44.20348,-2.544853],[-44.203005,-2.544747],[-44.202497,-2.544632],[-44.202003,-2.544523],[-44.20181,-2.544489],[-44.201031,-2.544318],[-44.200516,-2.54419],[-44.20012,-2.544089],[-44.200312,-2.543869]]]}},{"type":"Feature","properties":{"cd_setor":"211120110000144","situacao":"Urbana","bairro":"","zona":"ZPA JENIPARANA","area_m2":100992.2,"area_ha":10.099,"fonte":"IBGE, Censo 2022 — malha e agregados por setor","pessoas":471.0,"domicilios":200.0,"dom_particulares":200.0,"dom_coletivos":0.0,"moradores_por_dom":2.9,"pct_imputados":0.0859,"dom_ocupados":163.0,"dom_uso_ocasional":2.0,"dom_vagos":35.0,"dens_hab_ha":46.64,"dens_dom_ha":19.8,"pct_vagos":17.5,"pct_uso_ocasional":1.0,"pct_ocupados":81.5},"geometry":{"type":"Polygon","coordinates":[[[-44.152364,-2.565536],[-44.152478,-2.565466],[-44.152905,-2.565854],[-44.153436,-2.566296],[-44.154295,-2.567064],[-44.15449,-2.567237],[-44.154514,-2.567259],[-44.155026,-2.567679],[-44.1556,-2.568191],[-44.156129,-2.568641],[-44.156077,-2.569197],[-44.155505,-2.569181],[-44.154965,-2.569176],[-44.154403,-2.569149],[-44.153901,-2.569131],[-44.153871,-2.56913],[-44.153321,-2.569126],[-44.152786,-2.569115],[-44.152248,-2.569104],[-44.152313,-2.567234],[-44.152346,-2.566605],[-44.152364,-2.565536]]]}},{"type":"Feature","properties":{"cd_setor":"211120110000146","situacao":"Urbana","bairro":"Laranjal","zona":"ZEU","area_m2":41938.8,"area_ha":4.194,"fonte":"IBGE, Censo 2022 — malha e agregados por setor","pessoas":267.0,"domicilios":97.0,"dom_particulares":97.0,"dom_coletivos":0.0,"moradores_por_dom":3.1,"pct_imputados":0.1279,"dom_ocupados":86.0,"dom_uso_ocasional":1.0,"dom_vagos":10.0,"dens_hab_ha":63.66,"dens_dom_ha":23.13,"pct_vagos":10.3,"pct_uso_ocasional":1.0,"pct_ocupados":88.7},"geometry":{"type":"Polygon","coordinates":[[[-44.151086,-2.55208],[-44.151348,-2.553996],[-44.151128,-2.554014],[-44.151158,-2.554519],[-44.149874,-2.554816],[-44.149821,-2.554287],[-44.150005,-2.554222],[-44.149642,-2.552369],[-44.149903,-2.552297],[-44.150196,-2.552241],[-44.150959,-2.552098],[-44.151086,-2.55208]]]}},{"type":"Feature","properties":{"cd_setor":"211120110000148","situacao":"Urbana","bairro":"Vila Sarney Filho I","zona":"ZEU","area_m2":82301.9,"area_ha":8.23,"fonte":"IBGE, Censo 2022 — malha e agregados por setor","pessoas":430.0,"domicilios":183.0,"dom_particulares":183.0,"dom_coletivos":0.0,"moradores_por_dom":3.2,"pct_imputados":0.0,"dom_ocupados":135.0,"dom_uso_ocasional":6.0,"dom_vagos":42.0,"dens_hab_ha":52.25,"dens_dom_ha":22.24,"pct_vagos":23.0,"pct_uso_ocasional":3.3,"pct_ocupados":73.8},"geometry":{"type":"Polygon","coordinates":[[[-44.161332,-2.555044],[-44.162139,-2.554571],[-44.16232,-2.554511],[-44.162471,-2.554471],[-44.162593,-2.554469],[-44.162867,-2.554009],[-44.162968,-2.553872],[-44.163185,-2.553911],[-44.164305,-2.554123],[-44.164345,-2.554131],[-44.165339,-2.554365],[-44.165452,-2.554375],[-44.166071,-2.554498],[-44.166593,-2.554589],[-44.167546,-2.554763],[-44.167503,-2.554977],[-44.16743,-2.555356],[-44.167305,-2.556042],[-44.165987,-2.555788],[-44.165899,-2.555766],[-44.16581,-2.55575],[-44.165276,-2.555649],[-44.164095,-2.555411],[-44.164002,-2.555395],[-44.16327,-2.555248],[-44.163187,-2.555234],[-44.162735,-2.555126],[-44.162232,-2.555065],[-44.161332,-2.555044]]]}},{"type":"Feature","properties":{"cd_setor":"211120110000149","situacao":"Urbana","bairro":"Vila Sarney Filho I","zona":"ZEU","area_m2":58164.6,"area_ha":5.816,"fonte":"IBGE, Censo 2022 — malha e agregados por setor","pessoas":377.0,"domicilios":165.0,"dom_particulares":164.0,"dom_coletivos":1.0,"moradores_por_dom":2.7,"pct_imputados":0.0426,"dom_ocupados":141.0,"dom_uso_ocasional":1.0,"dom_vagos":22.0,"dens_hab_ha":64.82,"dens_dom_ha":28.2,"pct_vagos":13.4,"pct_uso_ocasional":0.6,"pct_ocupados":86.0},"geometry":{"type":"Polygon","coordinates":[[[-44.16707,-2.557305],[-44.167305,-2.556042],[-44.167386,-2.556054],[-44.170774,-2.55671],[-44.170918,-2.556744],[-44.17082,-2.557301],[-44.1707,-2.558002],[-44.168472,-2.557571],[-44.168158,-2.557509],[-44.167388,-2.557361],[-44.16707,-2.557305]]]}},{"type":"Feature","properties":{"cd_setor":"211120110000150","situacao":"Urbana","bairro":"Vila Sarney Filho I","zona":"ZEU","area_m2":142909.2,"area_ha":14.291,"fonte":"IBGE, Censo 2022 — malha e agregados por setor","pessoas":590.0,"domicilios":211.0,"dom_particulares":211.0,"dom_coletivos":0.0,"moradores_por_dom":3.2,"pct_imputados":0.0055,"dom_ocupados":182.0,"dom_uso_ocasional":4.0,"dom_vagos":25.0,"dens_hab_ha":41.28,"dens_dom_ha":14.76,"pct_vagos":11.8,"pct_uso_ocasional":1.9,"pct_ocupados":86.3},"geometry":{"type":"Polygon","coordinates":[[[-44.161236,-2.556348],[-44.161578,-2.556174],[-44.161857,-2.55622],[-44.16221,-2.556223],[-44.162507,-2.556246],[-44.162673,-2.556412],[-44.162709,-2.556467],[-44.163824,-2.556671],[-44.165506,-2.557019],[-44.16707,-2.557305],[-44.166958,-2.557961],[-44.163684,-2.557309],[-44.163561,-2.557946],[-44.166846,-2.55857],[-44.166778,-2.558943],[-44.167482,-2.559133],[-44.167248,-2.560062],[-44.16679,-2.560053],[-44.16627,-2.559887],[-44.165901,-2.559774],[-44.165595,-2.559908],[-44.165424,-2.559943],[-44.165366,-2.559899],[-44.165257,-2.559857],[-44.165156,-2.559735],[-44.165095,-2.559472],[-44.164997,-2.5592],[-44.164813,-2.559049],[-44.164659,-2.559125],[-44.164543,-2.55906],[-44.164439,-2.558952],[-44.164392,-2.558722],[-44.164271,-2.558618],[-44.164001,-2.558546],[-44.163759,-2.558511],[-44.163461,-2.558454],[-44.163132,-2.558637],[-44.162973,-2.558605],[-44.162651,-2.55854],[-44.162119,-2.558181],[-44.161859,-2.558235],[-44.161571,-2.558239],[-44.16115,-2.558221],[-44.160935,-2.557833],[-44.160949,-2.557567],[-44.161007,-2.557268],[-44.161104,-2.557062],[-44.161073,-2.556724],[-44.161135,-2.556512],[-44.161236,-2.556348]]]}},{"type":"Feature","properties":{"cd_setor":"211120110000151","situacao":"Urbana","bairro":"Vila Sarney Filho II","zona":"ZEU","area_m2":249199.4,"area_ha":24.92,"fonte":"IBGE, Censo 2022 — malha e agregados por setor","pessoas":510.0,"domicilios":211.0,"dom_particulares":211.0,"dom_coletivos":0.0,"moradores_por_dom":2.9,"pct_imputados":0.0227,"dom_ocupados":176.0,"dom_uso_ocasional":9.0,"dom_vagos":26.0,"dens_hab_ha":20.47,"dens_dom_ha":8.47,"pct_vagos":12.3,"pct_uso_ocasional":4.3,"pct_ocupados":83.4},"geometry":{"type":"Polygon","coordinates":[[[-44.162973,-2.558605],[-44.163132,-2.558637],[-44.163461,-2.558454],[-44.163759,-2.558511],[-44.164001,-2.558546],[-44.164271,-2.558618],[-44.164392,-2.558722],[-44.164439,-2.558952],[-44.164543,-2.55906],[-44.164659,-2.559125],[-44.164813,-2.559049],[-44.164997,-2.5592],[-44.165095,-2.559472],[-44.165156,-2.559735],[-44.165257,-2.559857],[-44.165366,-2.559899],[-44.165424,-2.559943],[-44.165595,-2.559908],[-44.165901,-2.559774],[-44.16627,-2.559887],[-44.16679,-2.560053],[-44.167248,-2.560062],[-44.167352,-2.559954],[-44.167427,-2.559924],[-44.167541,-2.559998],[-44.167694,-2.56013],[-44.168123,-2.560355],[-44.168168,-2.560317],[-44.168268,-2.559944],[-44.168393,-2.559843],[-44.168543,-2.55976],[-44.168685,-2.559772],[-44.168777,-2.559855],[-44.168921,-2.559871],[-44.168997,-2.55994],[-44.169247,-2.56003],[-44.169432,-2.560142],[-44.169667,-2.56025],[-44.170271,-2.560356],[-44.170132,-2.561134],[-44.169965,-2.561991],[-44.169776,-2.562991],[-44.167355,-2.562573],[-44.167068,-2.562516],[-44.166066,-2.562324],[-44.165662,-2.562247],[-44.165258,-2.562191],[-44.164364,-2.562014],[-44.163471,-2.56185],[-44.162668,-2.561733],[-44.162999,-2.560305],[-44.163061,-2.559904],[-44.161838,-2.559697],[-44.16235,-2.559441],[-44.162769,-2.559268],[-44.162977,-2.559002],[-44.162991,-2.558756],[-44.162973,-2.558605]]]}},{"type":"Feature","properties":{"cd_setor":"211120110000152","situacao":"Urbana","bairro":"","zona":"ZPA JENIPARANA","area_m2":47298.1,"area_ha":4.73,"fonte":"IBGE, Censo 2022 — malha e agregados por setor","pessoas":710.0,"domicilios":263.0,"dom_particulares":263.0,"dom_coletivos":0.0,"moradores_por_dom":2.8,"pct_imputados":0.0637,"dom_ocupados":251.0,"dom_uso_ocasional":5.0,"dom_vagos":7.0,"dens_hab_ha":150.11,"dens_dom_ha":55.6,"pct_vagos":2.7,"pct_uso_ocasional":1.9,"pct_ocupados":95.4},"geometry":{"type":"Polygon","coordinates":[[[-44.151184,-2.569073],[-44.151187,-2.568985],[-44.151242,-2.567237],[-44.151238,-2.567205],[-44.151235,-2.567179],[-44.151237,-2.567123],[-44.151275,-2.565518],[-44.151824,-2.565522],[-44.152364,-2.565536],[-44.152346,-2.566605],[-44.152313,-2.567234],[-44.152248,-2.569104],[-44.151999,-2.569097],[-44.151722,-2.569089],[-44.151456,-2.569084],[-44.151184,-2.569073]]]}},{"type":"Feature","properties":{"cd_setor":"211120110000153","situacao":"Urbana","bairro":"Vila Sarney Filho I","zona":"ZEU","area_m2":59019.5,"area_ha":5.902,"fonte":"IBGE, Censo 2022 — malha e agregados por setor","pessoas":345.0,"domicilios":125.0,"dom_particulares":125.0,"dom_coletivos":0.0,"moradores_por_dom":3.1,"pct_imputados":0.0,"dom_ocupados":112.0,"dom_uso_ocasional":1.0,"dom_vagos":12.0,"dens_hab_ha":58.46,"dens_dom_ha":21.18,"pct_vagos":9.6,"pct_uso_ocasional":0.8,"pct_ocupados":89.6},"geometry":{"type":"Polygon","coordinates":[[[-44.167546,-2.554763],[-44.167678,-2.554124],[-44.168218,-2.554224],[-44.168507,-2.554277],[-44.168675,-2.553528],[-44.16913,-2.553606],[-44.169419,-2.553654],[-44.170394,-2.553772],[-44.171436,-2.553943],[-44.171421,-2.554008],[-44.17142,-2.554016],[-44.171315,-2.554591],[-44.171279,-2.554776],[-44.171266,-2.554861],[-44.171154,-2.555516],[-44.170647,-2.555406],[-44.169306,-2.55511],[-44.167546,-2.554763]]]}},{"type":"Feature","properties":{"cd_setor":"211120110000154","situacao":"Urbana","bairro":"","zona":"ZPA JENIPARANA","area_m2":86631.7,"area_ha":8.663,"fonte":"IBGE, Censo 2022 — malha e agregados por setor","pessoas":601.0,"domicilios":234.0,"dom_particulares":234.0,"dom_coletivos":0.0,"moradores_por_dom":3.2,"pct_imputados":0.107,"dom_ocupados":187.0,"dom_uso_ocasional":15.0,"dom_vagos":32.0,"dens_hab_ha":69.37,"dens_dom_ha":27.01,"pct_vagos":13.7,"pct_uso_ocasional":6.4,"pct_ocupados":79.9},"geometry":{"type":"Polygon","coordinates":[[[-44.149029,-2.567257],[-44.149057,-2.567175],[-44.149683,-2.565972],[-44.149719,-2.565902],[-44.149744,-2.565848],[-44.149804,-2.565717],[-44.149881,-2.565597],[-44.149923,-2.565557],[-44.149981,-2.565516],[-44.150093,-2.565486],[-44.150179,-2.565485],[-44.150206,-2.565498],[-44.150735,-2.565509],[-44.151275,-2.565518],[-44.151237,-2.567123],[-44.151235,-2.567179],[-44.151238,-2.567205],[-44.151242,-2.567237],[-44.151187,-2.568985],[-44.151184,-2.569073],[-44.150911,-2.569064],[-44.150639,-2.56906],[-44.150361,-2.569053],[-44.150107,-2.569044],[-44.149833,-2.569034],[-44.149558,-2.569028],[-44.149289,-2.569019],[-44.148989,-2.569004],[-44.149044,-2.567309],[-44.149029,-2.567257]]]}},{"type":"Feature","properties":{"cd_setor":"211120110000155","situacao":"Rural","bairro":"","zona":"ZRBJJ","area_m2":520419.6,"area_ha":52.042,"fonte":"IBGE, Censo 2022 — malha e agregados por setor","pessoas":8.0,"domicilios":125.0,"dom_particulares":125.0,"dom_coletivos":0.0,"moradores_por_dom":1.6,"pct_imputados":0.0,"dom_ocupados":5.0,"dom_uso_ocasional":112.0,"dom_vagos":8.0,"dens_hab_ha":0.15,"dens_dom_ha":2.4,"pct_vagos":6.4,"pct_uso_ocasional":89.6,"pct_ocupados":4.0},"geometry":{"type":"Polygon","coordinates":[[[-44.104864,-2.601942],[-44.105069,-2.601921],[-44.10533,-2.601286],[-44.105583,-2.600796],[-44.10595,-2.600665],[-44.106297,-2.600315],[-44.106672,-2.599991],[-44.106983,-2.599909],[-44.10724,-2.599902],[-44.107563,-2.599884],[-44.109303,-2.600535],[-44.10912,-2.601519],[-44.108353,-2.602227],[-44.108138,-2.602899],[-44.107874,-2.603084],[-44.106727,-2.603562],[-44.106568,-2.603753],[-44.106425,-2.604616],[-44.106412,-2.605187],[-44.106451,-2.605435],[-44.107527,-2.606146],[-44.107511,-2.606385],[-44.107266,-2.606988],[-44.10725,-2.607699],[-44.107056,-2.608004],[-44.108276,-2.609046],[-44.109875,-2.610834],[-44.109696,-2.611707],[-44.108211,-2.614464],[-44.108516,-2.615475],[-44.108682,-2.615564],[-44.108932,-2.616122],[-44.109035,-2.616456],[-44.10899,-2.616744],[-44.108887,-2.617187],[-44.108996,-2.617443],[-44.108996,-2.617744],[-44.108817,-2.618148],[-44.10883,-2.618315],[-44.108919,-2.618514],[-44.109208,-2.618604],[-44.109516,-2.618834],[-44.109593,-2.619097],[-44.10856,-2.619661],[-44.108323,-2.620745],[-44.1079,-2.621046],[-44.107633,-2.621267],[-44.107225,-2.620392],[-44.107532,-2.619168],[-44.107659,-2.61756],[-44.10794,-2.616514],[-44.107889,-2.615315],[-44.107251,-2.61455],[-44.107053,-2.614342],[-44.106442,-2.613697],[-44.106332,-2.61358],[-44.106329,-2.613372],[-44.106323,-2.612867],[-44.106333,-2.612847],[-44.106337,-2.612829],[-44.106401,-2.612589],[-44.106503,-2.612018],[-44.106503,-2.611995],[-44.106503,-2.61198],[-44.106675,-2.611228],[-44.106753,-2.610762],[-44.106799,-2.610304],[-44.106807,-2.609888],[-44.106767,-2.609505],[-44.106576,-2.608916],[-44.106481,-2.608704],[-44.106423,-2.60863],[-44.106339,-2.608575],[-44.10623,-2.608559],[-44.106077,-2.608585],[-44.105758,-2.608604],[-44.105496,-2.608626],[-44.105351,-2.608663],[-44.105233,-2.608694],[-44.105054,-2.608684],[-44.104927,-2.608667],[-44.104746,-2.60854],[-44.104639,-2.608391],[-44.104617,-2.608157],[-44.104657,-2.60798],[-44.104752,-2.607738],[-44.104815,-2.607564],[-44.104844,-2.607415],[-44.104874,-2.607231],[-44.104861,-2.607062],[-44.105093,-2.606079],[-44.105259,-2.605375],[-44.10555,-2.604254],[-44.105647,-2.604005],[-44.105704,-2.603768],[-44.105704,-2.60357],[-44.105686,-2.603476],[-44.105665,-2.603373],[-44.105581,-2.603277],[-44.105522,-2.603257],[-44.105422,-2.603225],[-44.105201,-2.603116],[-44.105037,-2.602974],[-44.10498,-2.602592],[-44.104941,-2.602127],[-44.104864,-2.601942]]]}},{"type":"Feature","properties":{"cd_setor":"211120110000156","situacao":"Urbana","bairro":"","zona":"ZPA JENIPARANA","area_m2":55465.4,"area_ha":5.547,"fonte":"IBGE, Censo 2022 — malha e agregados por setor","pessoas":629.0,"domicilios":229.0,"dom_particulares":229.0,"dom_coletivos":0.0,"moradores_por_dom":3.0,"pct_imputados":0.1143,"dom_ocupados":210.0,"dom_uso_ocasional":8.0,"dom_vagos":11.0,"dens_hab_ha":113.4,"dens_dom_ha":41.29,"pct_vagos":4.8,"pct_uso_ocasional":3.5,"pct_ocupados":91.7},"geometry":{"type":"Polygon","coordinates":[[[-44.148348,-2.570913],[-44.148026,-2.570929],[-44.147604,-2.569014],[-44.147568,-2.568797],[-44.148406,-2.568139],[-44.148677,-2.567887],[-44.148751,-2.567771],[-44.148857,-2.56751],[-44.148911,-2.567423],[-44.148969,-2.567327],[-44.14901,-2.567312],[-44.149029,-2.567257],[-44.149044,-2.567309],[-44.148989,-2.569004],[-44.149289,-2.569019],[-44.149558,-2.569028],[-44.149564,-2.569062],[-44.14952,-2.570705],[-44.149513,-2.570938],[-44.149242,-2.57093],[-44.148935,-2.570924],[-44.148608,-2.570918],[-44.148348,-2.570913]]]}},{"type":"Feature","properties":{"cd_setor":"211120110000158","situacao":"Urbana","bairro":"Pindaí","zona":"ZEU","area_m2":1474327.2,"area_ha":147.433,"fonte":"IBGE, Censo 2022 — malha e agregados por setor","pessoas":568.0,"domicilios":263.0,"dom_particulares":262.0,"dom_coletivos":1.0,"moradores_por_dom":3.0,"pct_imputados":0.0798,"dom_ocupados":188.0,"dom_uso_ocasional":28.0,"dom_vagos":46.0,"dens_hab_ha":3.85,"dens_dom_ha":1.78,"pct_vagos":17.6,"pct_uso_ocasional":10.7,"pct_ocupados":71.8},"geometry":{"type":"Polygon","coordinates":[[[-44.122591,-2.562042],[-44.123768,-2.562478],[-44.124084,-2.561863],[-44.124834,-2.559907],[-44.127094,-2.560789],[-44.127349,-2.559501],[-44.127367,-2.5594],[-44.12737,-2.559381],[-44.127873,-2.556263],[-44.129221,-2.556841],[-44.129827,-2.557067],[-44.12979,-2.557418],[-44.130239,-2.557503],[-44.130347,-2.557514],[-44.130452,-2.557527],[-44.130586,-2.557558],[-44.130767,-2.557576],[-44.131087,-2.557632],[-44.131365,-2.557695],[-44.131732,-2.557738],[-44.131557,-2.558513],[-44.131487,-2.558685],[-44.131387,-2.55879],[-44.131275,-2.558825],[-44.130321,-2.559249],[-44.130243,-2.559361],[-44.130417,-2.559478],[-44.130862,-2.560028],[-44.131003,-2.560178],[-44.131257,-2.560486],[-44.130982,-2.561559],[-44.130238,-2.563535],[-44.131114,-2.564769],[-44.131912,-2.565966],[-44.130906,-2.568395],[-44.130957,-2.568405],[-44.130623,-2.569218],[-44.130397,-2.569475],[-44.130214,-2.569745],[-44.128736,-2.571376],[-44.127878,-2.572728],[-44.127484,-2.573221],[-44.126924,-2.573445],[-44.126185,-2.573573],[-44.12546,-2.573471],[-44.125163,-2.573499],[-44.1245,-2.573731],[-44.124307,-2.573728],[-44.124067,-2.573604],[-44.123727,-2.573501],[-44.123451,-2.573367],[-44.123208,-2.573256],[-44.122981,-2.573197],[-44.12277,-2.573166],[-44.12238,-2.573129],[-44.121673,-2.572892],[-44.121431,-2.572805],[-44.121024,-2.57255],[-44.120745,-2.572418],[-44.120751,-2.57241],[-44.120888,-2.571822],[-44.120971,-2.571843],[-44.122236,-2.568263],[-44.12216,-2.568054],[-44.120714,-2.565828],[-44.121017,-2.565856],[-44.121085,-2.565572],[-44.121183,-2.565366],[-44.121306,-2.565292],[-44.121458,-2.565258],[-44.121689,-2.56515],[-44.122126,-2.564855],[-44.122273,-2.564743],[-44.122444,-2.564619],[-44.122762,-2.564373],[-44.123157,-2.563804],[-44.123191,-2.563728],[-44.122084,-2.563267],[-44.122568,-2.562098],[-44.122591,-2.562042]]]}},{"type":"Feature","properties":{"cd_setor":"211120110000159","situacao":"Urbana","bairro":"Tijupá Queimado","zona":"ZEU","area_m2":94867.1,"area_ha":9.487,"fonte":"IBGE, Censo 2022 — malha e agregados por setor","pessoas":300.0,"domicilios":123.0,"dom_particulares":123.0,"dom_coletivos":0.0,"moradores_por_dom":3.0,"pct_imputados":0.0495,"dom_ocupados":101.0,"dom_uso_ocasional":6.0,"dom_vagos":16.0,"dens_hab_ha":31.62,"dens_dom_ha":12.97,"pct_vagos":13.0,"pct_uso_ocasional":4.9,"pct_ocupados":82.1},"geometry":{"type":"Polygon","coordinates":[[[-44.171154,-2.555516],[-44.171266,-2.554861],[-44.171279,-2.554776],[-44.171315,-2.554591],[-44.17142,-2.554016],[-44.171421,-2.554008],[-44.173556,-2.554223],[-44.173622,-2.555154],[-44.174506,-2.555333],[-44.174924,-2.555405],[-44.17476,-2.556787],[-44.174486,-2.556761],[-44.173731,-2.556683],[-44.173495,-2.556675],[-44.171903,-2.556527],[-44.170993,-2.556437],[-44.171055,-2.556006],[-44.171154,-2.555516]]]}},{"type":"Feature","properties":{"cd_setor":"211120110000160","situacao":"Urbana","bairro":"Tijupá Queimado","zona":"ZEU","area_m2":339853.8,"area_ha":33.985,"fonte":"IBGE, Censo 2022 — malha e agregados por setor","pessoas":174.0,"domicilios":84.0,"dom_particulares":84.0,"dom_coletivos":0.0,"moradores_por_dom":3.2,"pct_imputados":0.0741,"dom_ocupados":54.0,"dom_uso_ocasional":8.0,"dom_vagos":22.0,"dens_hab_ha":5.12,"dens_dom_ha":2.47,"pct_vagos":26.2,"pct_uso_ocasional":9.5,"pct_ocupados":64.3},"geometry":{"type":"Polygon","coordinates":[[[-44.170512,-2.559062],[-44.1723,-2.559072],[-44.173311,-2.559053],[-44.173691,-2.559085],[-44.173914,-2.559131],[-44.174081,-2.559088],[-44.175211,-2.558585],[-44.175739,-2.558417],[-44.175877,-2.559854],[-44.175909,-2.559962],[-44.176025,-2.559959],[-44.177126,-2.559857],[-44.17793,-2.560037],[-44.178822,-2.560382],[-44.180003,-2.56078],[-44.180508,-2.560853],[-44.180305,-2.561673],[-44.180895,-2.561783],[-44.181145,-2.561843],[-44.181775,-2.561976],[-44.181597,-2.562675],[-44.181574,-2.562764],[-44.181487,-2.563258],[-44.181074,-2.563172],[-44.180639,-2.563096],[-44.180038,-2.562991],[-44.179546,-2.562904],[-44.177515,-2.562527],[-44.177391,-2.562502],[-44.176773,-2.562375],[-44.174665,-2.561946],[-44.173762,-2.561824],[-44.170132,-2.561134],[-44.170271,-2.560356],[-44.170462,-2.559226],[-44.170472,-2.559166],[-44.170512,-2.559062]]]}},{"type":"Feature","properties":{"cd_setor":"211120110000161","situacao":"Urbana","bairro":"J. Lima","zona":"ZEU","area_m2":130704.6,"area_ha":13.07,"fonte":"IBGE, Censo 2022 — malha e agregados por setor","pessoas":375.0,"domicilios":131.0,"dom_particulares":131.0,"dom_coletivos":0.0,"moradores_por_dom":3.3,"pct_imputados":0.2232,"dom_ocupados":112.0,"dom_uso_ocasional":3.0,"dom_vagos":16.0,"dens_hab_ha":28.69,"dens_dom_ha":10.02,"pct_vagos":12.2,"pct_uso_ocasional":2.3,"pct_ocupados":85.5},"geometry":{"type":"Polygon","coordinates":[[[-44.176865,-2.565303],[-44.177391,-2.562502],[-44.177515,-2.562527],[-44.179546,-2.562904],[-44.180038,-2.562991],[-44.180639,-2.563096],[-44.181074,-2.563172],[-44.180876,-2.564062],[-44.1807,-2.565003],[-44.180506,-2.566002],[-44.177906,-2.565497],[-44.176865,-2.565303]]]}},{"type":"Feature","properties":{"cd_setor":"211120110000162","situacao":"Urbana","bairro":"Jardim Tropical","zona":"ZEU","area_m2":67519.0,"area_ha":6.752,"fonte":"IBGE, Censo 2022 — malha e agregados por setor","pessoas":461.0,"domicilios":183.0,"dom_particulares":183.0,"dom_coletivos":0.0,"moradores_por_dom":3.1,"pct_imputados":0.02,"dom_ocupados":150.0,"dom_uso_ocasional":8.0,"dom_vagos":25.0,"dens_hab_ha":68.28,"dens_dom_ha":27.1,"pct_vagos":13.7,"pct_uso_ocasional":4.4,"pct_ocupados":82.0},"geometry":{"type":"Polygon","coordinates":[[[-44.188802,-2.571933],[-44.188817,-2.572342],[-44.18882,-2.572491],[-44.188809,-2.572572],[-44.188778,-2.572677],[-44.188753,-2.572728],[-44.188687,-2.572865],[-44.18863,-2.572971],[-44.188583,-2.573036],[-44.188503,-2.573127],[-44.188453,-2.573187],[-44.188386,-2.573251],[-44.188346,-2.573288],[-44.188161,-2.573449],[-44.188056,-2.573531],[-44.187798,-2.573739],[-44.187568,-2.573934],[-44.187445,-2.574039],[-44.187407,-2.573826],[-44.187469,-2.571933],[-44.18681,-2.571922],[-44.186856,-2.570209],[-44.186949,-2.570203],[-44.187595,-2.57017],[-44.188251,-2.57015],[-44.188725,-2.57011],[-44.18875,-2.570654],[-44.188779,-2.571308],[-44.188791,-2.571663],[-44.188802,-2.571933]]]}},{"type":"Feature","properties":{"cd_setor":"211120110000163","situacao":"Urbana","bairro":"Jardim Tropical","zona":"ZEU","area_m2":67762.0,"area_ha":6.776,"fonte":"IBGE, Censo 2022 — malha e agregados por setor","pessoas":514.0,"domicilios":181.0,"dom_particulares":181.0,"dom_coletivos":0.0,"moradores_por_dom":3.1,"pct_imputados":0.0122,"dom_ocupados":164.0,"dom_uso_ocasional":4.0,"dom_vagos":13.0,"dens_hab_ha":75.85,"dens_dom_ha":26.71,"pct_vagos":7.2,"pct_uso_ocasional":2.2,"pct_ocupados":90.6},"geometry":{"type":"Polygon","coordinates":[[[-44.186019,-2.575539],[-44.185468,-2.576123],[-44.18528,-2.576322],[-44.185183,-2.57645],[-44.18514,-2.57652],[-44.185105,-2.576592],[-44.18508,-2.576672],[-44.185054,-2.576756],[-44.184954,-2.576709],[-44.18485,-2.576534],[-44.184818,-2.576429],[-44.184781,-2.576092],[-44.184788,-2.575603],[-44.184826,-2.573952],[-44.184828,-2.573771],[-44.184897,-2.571852],[-44.185065,-2.571853],[-44.18526,-2.571859],[-44.185512,-2.571871],[-44.18616,-2.571897],[-44.186113,-2.573787],[-44.186113,-2.573793],[-44.186114,-2.575366],[-44.186019,-2.575539]]]}},{"type":"Feature","properties":{"cd_setor":"211120110000164","situacao":"Urbana","bairro":"Jardim Tropical","zona":"ZEU","area_m2":76043.6,"area_ha":7.604,"fonte":"IBGE, Censo 2022 — malha e agregados por setor","pessoas":565.0,"domicilios":207.0,"dom_particulares":207.0,"dom_coletivos":0.0,"moradores_por_dom":3.0,"pct_imputados":0.0108,"dom_ocupados":186.0,"dom_uso_ocasional":0.0,"dom_vagos":21.0,"dens_hab_ha":74.3,"dens_dom_ha":27.22,"pct_vagos":10.1,"pct_uso_ocasional":0.0,"pct_ocupados":89.9},"geometry":{"type":"Polygon","coordinates":[[[-44.185,-2.577014],[-44.184818,-2.577907],[-44.184703,-2.5785],[-44.184602,-2.579022],[-44.184047,-2.578901],[-44.184054,-2.578747],[-44.184068,-2.577479],[-44.184064,-2.577441],[-44.184129,-2.575644],[-44.183471,-2.575629],[-44.182829,-2.575617],[-44.182883,-2.573697],[-44.183011,-2.573704],[-44.183538,-2.573733],[-44.18417,-2.573751],[-44.18471,-2.573768],[-44.184811,-2.573771],[-44.184828,-2.573771],[-44.184826,-2.573952],[-44.184788,-2.575603],[-44.184781,-2.576092],[-44.184818,-2.576429],[-44.18485,-2.576534],[-44.184954,-2.576709],[-44.185054,-2.576756],[-44.185,-2.577014]]]}},{"type":"Feature","properties":{"cd_setor":"211120110000165","situacao":"Urbana","bairro":"Jardim Tropical","zona":"ZEU","area_m2":44892.0,"area_ha":4.489,"fonte":"IBGE, Censo 2022 — malha e agregados por setor","pessoas":309.0,"domicilios":119.0,"dom_particulares":119.0,"dom_coletivos":0.0,"moradores_por_dom":3.2,"pct_imputados":0.0816,"dom_ocupados":98.0,"dom_uso_ocasional":1.0,"dom_vagos":20.0,"dens_hab_ha":68.83,"dens_dom_ha":26.51,"pct_vagos":16.8,"pct_uso_ocasional":0.8,"pct_ocupados":82.4},"geometry":{"type":"Polygon","coordinates":[[[-44.179649,-2.57363],[-44.17969,-2.571733],[-44.180435,-2.571748],[-44.181101,-2.571773],[-44.181616,-2.571782],[-44.181597,-2.573676],[-44.18097,-2.573645],[-44.1803,-2.573627],[-44.179649,-2.57363]]]}},{"type":"Feature","properties":{"cd_setor":"211120110000166","situacao":"Urbana","bairro":"Jardim Tropical","zona":"ZEU","area_m2":60995.9,"area_ha":6.1,"fonte":"IBGE, Censo 2022 — malha e agregados por setor","pessoas":425.0,"domicilios":169.0,"dom_particulares":169.0,"dom_coletivos":0.0,"moradores_por_dom":3.1,"pct_imputados":0.0515,"dom_ocupados":136.0,"dom_uso_ocasional":4.0,"dom_vagos":29.0,"dens_hab_ha":69.68,"dens_dom_ha":27.71,"pct_vagos":17.2,"pct_uso_ocasional":2.4,"pct_ocupados":80.5},"geometry":{"type":"Polygon","coordinates":[[[-44.174218,-2.571613],[-44.175245,-2.571594],[-44.175417,-2.570694],[-44.175512,-2.570431],[-44.176138,-2.570708],[-44.176719,-2.57098],[-44.176395,-2.571645],[-44.17619,-2.571633],[-44.175987,-2.572112],[-44.175707,-2.572655],[-44.175416,-2.573153],[-44.175026,-2.573721],[-44.174839,-2.574038],[-44.174583,-2.573955],[-44.174295,-2.573849],[-44.174187,-2.573792],[-44.173916,-2.573686],[-44.173661,-2.573605],[-44.173978,-2.57265],[-44.174224,-2.571711],[-44.174218,-2.571613]]]}},{"type":"Feature","properties":{"cd_setor":"211120110000167","situacao":"Urbana","bairro":"","zona":"ZPA JENIPARANA","area_m2":25358.1,"area_ha":2.536,"fonte":"IBGE, Censo 2022 — malha e agregados por setor","pessoas":430.0,"domicilios":165.0,"dom_particulares":165.0,"dom_coletivos":0.0,"moradores_por_dom":2.8,"pct_imputados":0.0779,"dom_ocupados":154.0,"dom_uso_ocasional":4.0,"dom_vagos":7.0,"dens_hab_ha":169.57,"dens_dom_ha":65.07,"pct_vagos":4.2,"pct_uso_ocasional":2.4,"pct_ocupados":93.3},"geometry":{"type":"Polygon","coordinates":[[[-44.149513,-2.570938],[-44.14952,-2.570705],[-44.149564,-2.569062],[-44.149558,-2.569028],[-44.149833,-2.569034],[-44.150107,-2.569044],[-44.150361,-2.569053],[-44.150639,-2.56906],[-44.150633,-2.569094],[-44.1506,-2.570975],[-44.150351,-2.570967],[-44.150322,-2.570966],[-44.150055,-2.570955],[-44.149778,-2.570946],[-44.149513,-2.570938]]]}},{"type":"Feature","properties":{"cd_setor":"211120110000169","situacao":"Urbana","bairro":"Vila São Luís","zona":"ZEU","area_m2":52429.4,"area_ha":5.243,"fonte":"IBGE, Censo 2022 — malha e agregados por setor","pessoas":365.0,"domicilios":124.0,"dom_particulares":124.0,"dom_coletivos":0.0,"moradores_por_dom":3.2,"pct_imputados":0.0087,"dom_ocupados":115.0,"dom_uso_ocasional":0.0,"dom_vagos":9.0,"dens_hab_ha":69.62,"dens_dom_ha":23.65,"pct_vagos":7.3,"pct_uso_ocasional":0.0,"pct_ocupados":92.7},"geometry":{"type":"Polygon","coordinates":[[[-44.181487,-2.563258],[-44.181574,-2.562764],[-44.181597,-2.562675],[-44.181775,-2.561976],[-44.182646,-2.562137],[-44.182893,-2.56218],[-44.183066,-2.56222],[-44.183262,-2.562256],[-44.183855,-2.562371],[-44.18398,-2.562394],[-44.184313,-2.56247],[-44.184452,-2.562506],[-44.184605,-2.562537],[-44.18471,-2.56256],[-44.184923,-2.562599],[-44.184793,-2.563223],[-44.184679,-2.563887],[-44.184005,-2.563751],[-44.18343,-2.563636],[-44.18336,-2.563624],[-44.183271,-2.56361],[-44.183226,-2.5636],[-44.18274,-2.5635],[-44.182157,-2.56338],[-44.181856,-2.563325],[-44.181522,-2.563263],[-44.181487,-2.563258]]]}},{"type":"Feature","properties":{"cd_setor":"211120110000170","situacao":"Urbana","bairro":"Vila Flamengo","zona":"ZEU","area_m2":63684.5,"area_ha":6.368,"fonte":"IBGE, Censo 2022 — malha e agregados por setor","pessoas":460.0,"domicilios":165.0,"dom_particulares":165.0,"dom_coletivos":0.0,"moradores_por_dom":3.3,"pct_imputados":0.0426,"dom_ocupados":141.0,"dom_uso_ocasional":2.0,"dom_vagos":22.0,"dens_hab_ha":72.23,"dens_dom_ha":25.91,"pct_vagos":13.3,"pct_uso_ocasional":1.2,"pct_ocupados":85.5},"geometry":{"type":"Polygon","coordinates":[[[-44.189116,-2.56782],[-44.188958,-2.567981],[-44.188856,-2.568113],[-44.188778,-2.568234],[-44.188742,-2.568319],[-44.188715,-2.568407],[-44.188573,-2.568196],[-44.188386,-2.566854],[-44.188324,-2.566443],[-44.188279,-2.566144],[-44.188241,-2.565828],[-44.188239,-2.565816],[-44.188236,-2.565797],[-44.18823,-2.565762],[-44.188211,-2.565515],[-44.18821,-2.565501],[-44.188196,-2.565211],[-44.188935,-2.565248],[-44.189192,-2.565248],[-44.189428,-2.565284],[-44.190049,-2.565371],[-44.191359,-2.565572],[-44.191415,-2.56564],[-44.191195,-2.565854],[-44.191039,-2.565988],[-44.190921,-2.56609],[-44.190796,-2.566212],[-44.190675,-2.566323],[-44.190518,-2.566475],[-44.190384,-2.566604],[-44.190239,-2.566729],[-44.19004,-2.566913],[-44.189797,-2.567137],[-44.189608,-2.567333],[-44.189437,-2.567506],[-44.189287,-2.567644],[-44.189116,-2.56782]]]}},{"type":"Feature","properties":{"cd_setor":"211120110000171","situacao":"Urbana","bairro":"Vila Flamengo","zona":"ZEU","area_m2":45166.8,"area_ha":4.517,"fonte":"IBGE, Censo 2022 — malha e agregados por setor","pessoas":423.0,"domicilios":180.0,"dom_particulares":180.0,"dom_coletivos":0.0,"moradores_por_dom":2.9,"pct_imputados":0.0207,"dom_ocupados":145.0,"dom_uso_ocasional":14.0,"dom_vagos":21.0,"dens_hab_ha":93.65,"dens_dom_ha":39.85,"pct_vagos":11.7,"pct_uso_ocasional":7.8,"pct_ocupados":80.6},"geometry":{"type":"Polygon","coordinates":[[[-44.190248,-2.564305],[-44.190383,-2.563701],[-44.190462,-2.563321],[-44.190475,-2.563269],[-44.190483,-2.563237],[-44.190716,-2.562243],[-44.191295,-2.562368],[-44.191739,-2.56247],[-44.19153,-2.563539],[-44.191934,-2.563623],[-44.192448,-2.563699],[-44.193267,-2.563928],[-44.192988,-2.564186],[-44.192774,-2.564383],[-44.192486,-2.564648],[-44.192209,-2.564662],[-44.190248,-2.564305]]]}},{"type":"Feature","properties":{"cd_setor":"211120110000173","situacao":"Urbana","bairro":"Vila Operária","zona":"ZEU","area_m2":50515.1,"area_ha":5.052,"fonte":"IBGE, Censo 2022 — malha e agregados por setor","pessoas":409.0,"domicilios":144.0,"dom_particulares":144.0,"dom_coletivos":0.0,"moradores_por_dom":3.4,"pct_imputados":0.041,"dom_ocupados":122.0,"dom_uso_ocasional":2.0,"dom_vagos":20.0,"dens_hab_ha":80.97,"dens_dom_ha":28.51,"pct_vagos":13.9,"pct_uso_ocasional":1.4,"pct_ocupados":84.7},"geometry":{"type":"Polygon","coordinates":[[[-44.185947,-2.5628],[-44.185934,-2.562653],[-44.185608,-2.559953],[-44.184946,-2.560023],[-44.184908,-2.559709],[-44.184787,-2.558554],[-44.185178,-2.558631],[-44.185457,-2.558688],[-44.185675,-2.558734],[-44.186128,-2.558822],[-44.186247,-2.559861],[-44.186545,-2.562222],[-44.187187,-2.562226],[-44.187286,-2.563062],[-44.187154,-2.56304],[-44.186725,-2.562964],[-44.18662,-2.562931],[-44.185947,-2.5628]]]}},{"type":"Feature","properties":{"cd_setor":"211120110000174","situacao":"Urbana","bairro":"Vila Operária","zona":"ZEU","area_m2":52182.0,"area_ha":5.218,"fonte":"IBGE, Censo 2022 — malha e agregados por setor","pessoas":382.0,"domicilios":154.0,"dom_particulares":154.0,"dom_coletivos":0.0,"moradores_por_dom":3.4,"pct_imputados":0.0721,"dom_ocupados":111.0,"dom_uso_ocasional":6.0,"dom_vagos":37.0,"dens_hab_ha":73.21,"dens_dom_ha":29.51,"pct_vagos":24.0,"pct_uso_ocasional":3.9,"pct_ocupados":72.1},"geometry":{"type":"Polygon","coordinates":[[[-44.183262,-2.562256],[-44.183015,-2.560322],[-44.183005,-2.56021],[-44.182752,-2.558244],[-44.182739,-2.558148],[-44.182798,-2.55816],[-44.18333,-2.558257],[-44.183415,-2.558275],[-44.183581,-2.559632],[-44.183657,-2.560172],[-44.184302,-2.560098],[-44.184463,-2.561222],[-44.184605,-2.562537],[-44.184452,-2.562506],[-44.184313,-2.56247],[-44.18398,-2.562394],[-44.183855,-2.562371],[-44.183262,-2.562256]]]}},{"type":"Feature","properties":{"cd_setor":"211120110000175","situacao":"Urbana","bairro":"Vila Operária","zona":"ZEU","area_m2":68633.6,"area_ha":6.863,"fonte":"IBGE, Censo 2022 — malha e agregados por setor","pessoas":467.0,"domicilios":183.0,"dom_particulares":183.0,"dom_coletivos":0.0,"moradores_por_dom":3.1,"pct_imputados":0.0329,"dom_ocupados":152.0,"dom_uso_ocasional":14.0,"dom_vagos":17.0,"dens_hab_ha":68.04,"dens_dom_ha":26.66,"pct_vagos":9.3,"pct_uso_ocasional":7.7,"pct_ocupados":83.1},"geometry":{"type":"Polygon","coordinates":[[[-44.180793,-2.56049],[-44.181715,-2.560411],[-44.182373,-2.560319],[-44.182214,-2.559107],[-44.182164,-2.558678],[-44.182126,-2.558025],[-44.182291,-2.558053],[-44.182406,-2.558076],[-44.182739,-2.558148],[-44.182752,-2.558244],[-44.183005,-2.56021],[-44.183015,-2.560322],[-44.183262,-2.562256],[-44.183066,-2.56222],[-44.182893,-2.56218],[-44.182646,-2.562137],[-44.181775,-2.561976],[-44.181145,-2.561843],[-44.180895,-2.561783],[-44.180305,-2.561673],[-44.180508,-2.560853],[-44.180713,-2.5609],[-44.180778,-2.560565],[-44.180793,-2.56049]]]}},{"type":"Feature","properties":{"cd_setor":"211120110000176","situacao":"Urbana","bairro":"Vila Cafeteira","zona":"ZEU","area_m2":35866.1,"area_ha":3.587,"fonte":"IBGE, Censo 2022 — malha e agregados por setor","pessoas":271.0,"domicilios":118.0,"dom_particulares":118.0,"dom_coletivos":0.0,"moradores_por_dom":2.8,"pct_imputados":0.0102,"dom_ocupados":98.0,"dom_uso_ocasional":0.0,"dom_vagos":20.0,"dens_hab_ha":75.56,"dens_dom_ha":32.9,"pct_vagos":16.9,"pct_uso_ocasional":0.0,"pct_ocupados":83.1},"geometry":{"type":"Polygon","coordinates":[[[-44.193504,-2.562308],[-44.193639,-2.561721],[-44.193719,-2.561337],[-44.192747,-2.561131],[-44.19284,-2.560661],[-44.192989,-2.560698],[-44.193825,-2.560893],[-44.194268,-2.560993],[-44.19472,-2.561118],[-44.195163,-2.561228],[-44.195897,-2.561411],[-44.195217,-2.562107],[-44.194775,-2.56254],[-44.194746,-2.562569],[-44.194724,-2.562589],[-44.194637,-2.562569],[-44.193711,-2.562361],[-44.193504,-2.562308]]]}},{"type":"Feature","properties":{"cd_setor":"211120110000177","situacao":"Urbana","bairro":"Vila Santa Teresinha","zona":"ZEU","area_m2":38368.0,"area_ha":3.837,"fonte":"IBGE, Censo 2022 — malha e agregados por setor","pessoas":442.0,"domicilios":156.0,"dom_particulares":156.0,"dom_coletivos":0.0,"moradores_por_dom":3.0,"pct_imputados":0.0276,"dom_ocupados":145.0,"dom_uso_ocasional":0.0,"dom_vagos":11.0,"dens_hab_ha":115.2,"dens_dom_ha":40.66,"pct_vagos":7.1,"pct_uso_ocasional":0.0,"pct_ocupados":92.9},"geometry":{"type":"Polygon","coordinates":[[[-44.19472,-2.561118],[-44.19478,-2.560385],[-44.194873,-2.559157],[-44.195409,-2.559236],[-44.195925,-2.559301],[-44.195906,-2.559574],[-44.19657,-2.559588],[-44.196565,-2.559831],[-44.196523,-2.560175],[-44.196475,-2.560427],[-44.196415,-2.560599],[-44.196303,-2.560835],[-44.195897,-2.561411],[-44.195163,-2.561228],[-44.19472,-2.561118]]]}},{"type":"Feature","properties":{"cd_setor":"211120110000178","situacao":"Urbana","bairro":"Vila Kiola","zona":"ZEU","area_m2":72755.2,"area_ha":7.276,"fonte":"IBGE, Censo 2022 — malha e agregados por setor","pessoas":497.0,"domicilios":195.0,"dom_particulares":195.0,"dom_coletivos":0.0,"moradores_por_dom":3.1,"pct_imputados":0.0248,"dom_ocupados":161.0,"dom_uso_ocasional":14.0,"dom_vagos":20.0,"dens_hab_ha":68.31,"dens_dom_ha":26.8,"pct_vagos":10.3,"pct_uso_ocasional":7.2,"pct_ocupados":82.6},"geometry":{"type":"Polygon","coordinates":[[[-44.184293,-2.554612],[-44.184962,-2.554631],[-44.185582,-2.554648],[-44.185572,-2.554875],[-44.186547,-2.554919],[-44.186688,-2.554555],[-44.187281,-2.55478],[-44.187176,-2.555047],[-44.187025,-2.555469],[-44.186746,-2.556227],[-44.186664,-2.556475],[-44.186527,-2.556913],[-44.186081,-2.556894],[-44.185996,-2.556898],[-44.185192,-2.556851],[-44.185166,-2.556849],[-44.183865,-2.556777],[-44.183877,-2.556572],[-44.183897,-2.556109],[-44.184208,-2.556126],[-44.184293,-2.554612]]]}},{"type":"Feature","properties":{"cd_setor":"211120110000179","situacao":"Urbana","bairro":"Vila Kiola","zona":"ZEU","area_m2":99586.1,"area_ha":9.959,"fonte":"IBGE, Censo 2022 — malha e agregados por setor","pessoas":578.0,"domicilios":223.0,"dom_particulares":223.0,"dom_coletivos":0.0,"moradores_por_dom":2.9,"pct_imputados":0.0452,"dom_ocupados":199.0,"dom_uso_ocasional":0.0,"dom_vagos":24.0,"dens_hab_ha":58.04,"dens_dom_ha":22.39,"pct_vagos":10.8,"pct_uso_ocasional":0.0,"pct_ocupados":89.2},"geometry":{"type":"Polygon","coordinates":[[[-44.182109,-2.55211],[-44.182458,-2.55213],[-44.182475,-2.552131],[-44.182577,-2.552137],[-44.183683,-2.552199],[-44.18383,-2.552207],[-44.184333,-2.552235],[-44.185065,-2.552276],[-44.185015,-2.553072],[-44.184316,-2.553052],[-44.184292,-2.554612],[-44.183647,-2.554555],[-44.182991,-2.55451],[-44.182327,-2.554484],[-44.182362,-2.553875],[-44.181662,-2.553851],[-44.181633,-2.554223],[-44.180994,-2.554186],[-44.181028,-2.553087],[-44.181044,-2.552586],[-44.180391,-2.552558],[-44.180406,-2.552033],[-44.18162,-2.552099],[-44.182109,-2.55211]]]}},{"type":"Feature","properties":{"cd_setor":"211120110000180","situacao":"Urbana","bairro":"Vila Kiola","zona":"ZEU","area_m2":91568.4,"area_ha":9.157,"fonte":"IBGE, Censo 2022 — malha e agregados por setor","pessoas":487.0,"domicilios":189.0,"dom_particulares":189.0,"dom_coletivos":0.0,"moradores_por_dom":3.0,"pct_imputados":0.0125,"dom_ocupados":160.0,"dom_uso_ocasional":1.0,"dom_vagos":28.0,"dens_hab_ha":53.18,"dens_dom_ha":20.64,"pct_vagos":14.8,"pct_uso_ocasional":0.5,"pct_ocupados":84.7},"geometry":{"type":"Polygon","coordinates":[[[-44.177742,-2.554143],[-44.17777,-2.553691],[-44.177832,-2.552444],[-44.177901,-2.551895],[-44.178729,-2.55194],[-44.180101,-2.552016],[-44.180406,-2.552033],[-44.180391,-2.552558],[-44.181044,-2.552586],[-44.181028,-2.553087],[-44.180994,-2.554186],[-44.180336,-2.554121],[-44.180307,-2.554645],[-44.178588,-2.554553],[-44.178588,-2.554191],[-44.177742,-2.554143]]]}},{"type":"Feature","properties":{"cd_setor":"211120110000181","situacao":"Urbana","bairro":"J. Lima","zona":"ZEU","area_m2":42368.5,"area_ha":4.237,"fonte":"IBGE, Censo 2022 — malha e agregados por setor","pessoas":478.0,"domicilios":177.0,"dom_particulares":177.0,"dom_coletivos":0.0,"moradores_por_dom":3.0,"pct_imputados":0.0125,"dom_ocupados":160.0,"dom_uso_ocasional":0.0,"dom_vagos":17.0,"dens_hab_ha":112.82,"dens_dom_ha":41.78,"pct_vagos":9.6,"pct_uso_ocasional":0.0,"pct_ocupados":90.4},"geometry":{"type":"Polygon","coordinates":[[[-44.179186,-2.556669],[-44.179183,-2.55652],[-44.179396,-2.556529],[-44.179805,-2.556558],[-44.180006,-2.556564],[-44.180398,-2.556586],[-44.181173,-2.556637],[-44.181451,-2.556658],[-44.181358,-2.557081],[-44.18175,-2.557153],[-44.182932,-2.55745],[-44.182798,-2.55816],[-44.182739,-2.558148],[-44.182406,-2.558076],[-44.182291,-2.558053],[-44.182126,-2.558025],[-44.181656,-2.557935],[-44.181611,-2.557923],[-44.181507,-2.557905],[-44.181215,-2.557843],[-44.181211,-2.557842],[-44.18078,-2.557751],[-44.180613,-2.55772],[-44.180535,-2.557706],[-44.18038,-2.557676],[-44.179967,-2.557576],[-44.179357,-2.557483],[-44.179259,-2.557021],[-44.179247,-2.556943],[-44.179186,-2.556669]]]}},{"type":"Feature","properties":{"cd_setor":"211120110000182","situacao":"Urbana","bairro":"J. Lima","zona":"ZEU","area_m2":132388.7,"area_ha":13.239,"fonte":"IBGE, Censo 2022 — malha e agregados por setor","pessoas":435.0,"domicilios":165.0,"dom_particulares":165.0,"dom_coletivos":0.0,"moradores_por_dom":3.2,"pct_imputados":0.0074,"dom_ocupados":136.0,"dom_uso_ocasional":8.0,"dom_vagos":21.0,"dens_hab_ha":32.86,"dens_dom_ha":12.46,"pct_vagos":12.7,"pct_uso_ocasional":4.8,"pct_ocupados":82.4},"geometry":{"type":"Polygon","coordinates":[[[-44.172295,-2.569769],[-44.172341,-2.569316],[-44.172537,-2.568374],[-44.172696,-2.567426],[-44.172872,-2.5665],[-44.176485,-2.567207],[-44.176287,-2.568198],[-44.176266,-2.568287],[-44.176134,-2.56907],[-44.176146,-2.56966],[-44.175699,-2.56967],[-44.174021,-2.56973],[-44.173328,-2.569768],[-44.172645,-2.569782],[-44.172295,-2.569769]]]}},{"type":"Feature","properties":{"cd_setor":"211120110000183","situacao":"Urbana","bairro":"J. Lima","zona":"ZEU","area_m2":89350.1,"area_ha":8.935,"fonte":"IBGE, Censo 2022 — malha e agregados por setor","pessoas":351.0,"domicilios":164.0,"dom_particulares":164.0,"dom_coletivos":0.0,"moradores_por_dom":2.9,"pct_imputados":0.0325,"dom_ocupados":123.0,"dom_uso_ocasional":3.0,"dom_vagos":38.0,"dens_hab_ha":39.28,"dens_dom_ha":18.35,"pct_vagos":23.2,"pct_uso_ocasional":1.8,"pct_ocupados":75.0},"geometry":{"type":"Polygon","coordinates":[[[-44.176287,-2.568198],[-44.177364,-2.568393],[-44.178771,-2.568664],[-44.179877,-2.568885],[-44.180106,-2.568013],[-44.180132,-2.567895],[-44.183771,-2.568578],[-44.183727,-2.568946],[-44.18293,-2.569027],[-44.182682,-2.569047],[-44.182205,-2.56911],[-44.181644,-2.569158],[-44.181032,-2.569212],[-44.180853,-2.569253],[-44.180613,-2.569304],[-44.180298,-2.569347],[-44.179584,-2.569409],[-44.179087,-2.569449],[-44.178499,-2.569511],[-44.177948,-2.569563],[-44.17746,-2.569603],[-44.176592,-2.56964],[-44.176329,-2.569653],[-44.176146,-2.56966],[-44.176134,-2.56907],[-44.176266,-2.568287],[-44.176287,-2.568198]]]}},{"type":"Feature","properties":{"cd_setor":"211120110000184","situacao":"Urbana","bairro":"Vila São Luís","zona":"ZEU","area_m2":86964.4,"area_ha":8.696,"fonte":"IBGE, Censo 2022 — malha e agregados por setor","pessoas":507.0,"domicilios":178.0,"dom_particulares":178.0,"dom_coletivos":0.0,"moradores_por_dom":3.3,"pct_imputados":0.0066,"dom_ocupados":152.0,"dom_uso_ocasional":8.0,"dom_vagos":18.0,"dens_hab_ha":58.3,"dens_dom_ha":20.47,"pct_vagos":10.1,"pct_uso_ocasional":4.5,"pct_ocupados":85.4},"geometry":{"type":"Polygon","coordinates":[[[-44.180132,-2.567895],[-44.180161,-2.567752],[-44.18033,-2.566942],[-44.180506,-2.566002],[-44.184137,-2.56671],[-44.184087,-2.566954],[-44.183946,-2.567616],[-44.183771,-2.568578],[-44.180132,-2.567895]]]}},{"type":"Feature","properties":{"cd_setor":"211120110000185","situacao":"Urbana","bairro":"Jardim Tropical","zona":"ZEU","area_m2":48689.8,"area_ha":4.869,"fonte":"IBGE, Censo 2022 — malha e agregados por setor","pessoas":348.0,"domicilios":121.0,"dom_particulares":121.0,"dom_coletivos":0.0,"moradores_por_dom":3.2,"pct_imputados":0.0642,"dom_ocupados":109.0,"dom_uso_ocasional":3.0,"dom_vagos":9.0,"dens_hab_ha":71.47,"dens_dom_ha":24.85,"pct_vagos":7.4,"pct_uso_ocasional":2.5,"pct_ocupados":90.1},"geometry":{"type":"Polygon","coordinates":[[[-44.188725,-2.57011],[-44.188251,-2.57015],[-44.187595,-2.57017],[-44.186949,-2.570203],[-44.186856,-2.570209],[-44.186777,-2.570209],[-44.184907,-2.570295],[-44.183592,-2.570368],[-44.183568,-2.57184],[-44.183414,-2.571834],[-44.182884,-2.57181],[-44.18227,-2.571792],[-44.182266,-2.570406],[-44.182205,-2.56911],[-44.182682,-2.569047],[-44.182699,-2.570111],[-44.183895,-2.570108],[-44.184422,-2.570106],[-44.184561,-2.570103],[-44.185059,-2.570071],[-44.186034,-2.57003],[-44.186177,-2.570005],[-44.18628,-2.569999],[-44.186521,-2.569982],[-44.186837,-2.569954],[-44.187379,-2.569933],[-44.187379,-2.569932],[-44.187437,-2.569928],[-44.188709,-2.569818],[-44.188718,-2.56993],[-44.188721,-2.570008],[-44.188725,-2.57011]]]}},{"type":"Feature","properties":{"cd_setor":"211120110000186","situacao":"Urbana","bairro":"Vila São Luís","zona":"ZEU","area_m2":24156.7,"area_ha":2.416,"fonte":"IBGE, Censo 2022 — malha e agregados por setor","pessoas":306.0,"domicilios":120.0,"dom_particulares":120.0,"dom_coletivos":0.0,"moradores_por_dom":2.8,"pct_imputados":0.0,"dom_ocupados":110.0,"dom_uso_ocasional":2.0,"dom_vagos":8.0,"dens_hab_ha":126.67,"dens_dom_ha":49.68,"pct_vagos":6.7,"pct_uso_ocasional":1.7,"pct_ocupados":91.7},"geometry":{"type":"Polygon","coordinates":[[[-44.183727,-2.568946],[-44.184374,-2.568851],[-44.184422,-2.570106],[-44.183895,-2.570108],[-44.182699,-2.570111],[-44.182682,-2.569047],[-44.18293,-2.569027],[-44.183727,-2.568946]]]}},{"type":"Feature","properties":{"cd_setor":"211120110000187","situacao":"Urbana","bairro":"Vila São Luís","zona":"ZEU","area_m2":31123.3,"area_ha":3.112,"fonte":"IBGE, Censo 2022 — malha e agregados por setor","pessoas":356.0,"domicilios":128.0,"dom_particulares":128.0,"dom_coletivos":0.0,"moradores_por_dom":3.0,"pct_imputados":0.0171,"dom_ocupados":117.0,"dom_uso_ocasional":4.0,"dom_vagos":7.0,"dens_hab_ha":114.38,"dens_dom_ha":41.13,"pct_vagos":5.5,"pct_uso_ocasional":3.1,"pct_ocupados":91.4},"geometry":{"type":"Polygon","coordinates":[[[-44.184374,-2.568851],[-44.185673,-2.568634],[-44.185678,-2.568633],[-44.185779,-2.568621],[-44.186217,-2.568542],[-44.18628,-2.569999],[-44.186177,-2.570005],[-44.186034,-2.57003],[-44.185059,-2.570071],[-44.184561,-2.570103],[-44.184422,-2.570106],[-44.184374,-2.568851]]]}},{"type":"Feature","properties":{"cd_setor":"211120110000188","situacao":"Urbana","bairro":"Vila São Luís","zona":"ZEU","area_m2":9985.5,"area_ha":0.999,"fonte":"IBGE, Censo 2022 — malha e agregados por setor","pessoas":471.0,"domicilios":240.0,"dom_particulares":240.0,"dom_coletivos":0.0,"moradores_por_dom":2.8,"pct_imputados":0.0238,"dom_ocupados":168.0,"dom_uso_ocasional":23.0,"dom_vagos":49.0,"dens_hab_ha":471.69,"dens_dom_ha":240.35,"pct_vagos":20.4,"pct_uso_ocasional":9.6,"pct_ocupados":70.0},"geometry":{"type":"Polygon","coordinates":[[[-44.186217,-2.568542],[-44.186764,-2.568484],[-44.186837,-2.569954],[-44.186521,-2.569982],[-44.18628,-2.569999],[-44.186217,-2.568542]]]}},{"type":"Feature","properties":{"cd_setor":"211120110000189","situacao":"Urbana","bairro":"Vila São Luís","zona":"ZEU","area_m2":10264.5,"area_ha":1.026,"fonte":"IBGE, Censo 2022 — malha e agregados por setor","pessoas":501.0,"domicilios":240.0,"dom_particulares":240.0,"dom_coletivos":0.0,"moradores_por_dom":2.3,"pct_imputados":0.0413,"dom_ocupados":218.0,"dom_uso_ocasional":4.0,"dom_vagos":18.0,"dens_hab_ha":488.09,"dens_dom_ha":233.81,"pct_vagos":7.5,"pct_uso_ocasional":1.7,"pct_ocupados":90.8},"geometry":{"type":"Polygon","coordinates":[[[-44.186764,-2.568484],[-44.187309,-2.568385],[-44.187348,-2.568865],[-44.187356,-2.569216],[-44.187362,-2.56957],[-44.187379,-2.569932],[-44.187379,-2.569933],[-44.186837,-2.569954],[-44.186764,-2.568484]]]}},{"type":"Feature","properties":{"cd_setor":"211120110000190","situacao":"Urbana","bairro":"Vila São Luís","zona":"ZEU","area_m2":8492.4,"area_ha":0.849,"fonte":"IBGE, Censo 2022 — malha e agregados por setor","pessoas":291.0,"domicilios":128.0,"dom_particulares":128.0,"dom_coletivos":0.0,"moradores_por_dom":2.6,"pct_imputados":0.0091,"dom_ocupados":110.0,"dom_uso_ocasional":2.0,"dom_vagos":16.0,"dens_hab_ha":342.66,"dens_dom_ha":150.72,"pct_vagos":12.5,"pct_uso_ocasional":1.6,"pct_ocupados":85.9},"geometry":{"type":"Polygon","coordinates":[[[-44.187309,-2.568385],[-44.187647,-2.568329],[-44.18789,-2.568295],[-44.188573,-2.568196],[-44.188715,-2.568407],[-44.18869,-2.568642],[-44.188563,-2.568736],[-44.187348,-2.568865],[-44.187309,-2.568385]]]}},{"type":"Feature","properties":{"cd_setor":"211120110000191","situacao":"Urbana","bairro":"Vila São Luís","zona":"ZEU","area_m2":5906.4,"area_ha":0.591,"fonte":"IBGE, Censo 2022 — malha e agregados por setor","pessoas":215.0,"domicilios":112.0,"dom_particulares":112.0,"dom_coletivos":0.0,"moradores_por_dom":2.6,"pct_imputados":0.0,"dom_ocupados":84.0,"dom_uso_ocasional":9.0,"dom_vagos":19.0,"dens_hab_ha":364.01,"dens_dom_ha":189.63,"pct_vagos":17.0,"pct_uso_ocasional":8.0,"pct_ocupados":75.0},"geometry":{"type":"Polygon","coordinates":[[[-44.187348,-2.568865],[-44.188563,-2.568736],[-44.18869,-2.568642],[-44.188676,-2.568846],[-44.18867,-2.569039],[-44.188607,-2.5691],[-44.187356,-2.569216],[-44.187348,-2.568865]]]}},{"type":"Feature","properties":{"cd_setor":"211120110000192","situacao":"Urbana","bairro":"Vila São Luís","zona":"ZEU","area_m2":5621.3,"area_ha":0.562,"fonte":"IBGE, Censo 2022 — malha e agregados por setor","pessoas":208.0,"domicilios":128.0,"dom_particulares":128.0,"dom_coletivos":0.0,"moradores_por_dom":2.3,"pct_imputados":0.0,"dom_ocupados":89.0,"dom_uso_ocasional":18.0,"dom_vagos":21.0,"dens_hab_ha":370.02,"dens_dom_ha":227.7,"pct_vagos":16.4,"pct_uso_ocasional":14.1,"pct_ocupados":69.5},"geometry":{"type":"Polygon","coordinates":[[[-44.188689,-2.569427],[-44.187362,-2.56957],[-44.187356,-2.569216],[-44.188607,-2.5691],[-44.18867,-2.569039],[-44.188678,-2.56923],[-44.188689,-2.569427]]]}},{"type":"Feature","properties":{"cd_setor":"211120110000193","situacao":"Urbana","bairro":"Vila São Luís","zona":"ZEU","area_m2":6187.6,"area_ha":0.619,"fonte":"IBGE, Censo 2022 — malha e agregados por setor","pessoas":195.0,"domicilios":112.0,"dom_particulares":112.0,"dom_coletivos":0.0,"moradores_por_dom":2.3,"pct_imputados":0.0,"dom_ocupados":85.0,"dom_uso_ocasional":1.0,"dom_vagos":26.0,"dens_hab_ha":315.14,"dens_dom_ha":181.01,"pct_vagos":23.2,"pct_uso_ocasional":0.9,"pct_ocupados":75.9},"geometry":{"type":"Polygon","coordinates":[[[-44.187362,-2.56957],[-44.188689,-2.569427],[-44.1887,-2.569643],[-44.188709,-2.569818],[-44.187437,-2.569928],[-44.187379,-2.569932],[-44.187362,-2.56957]]]}},{"type":"Feature","properties":{"cd_setor":"211120110000194","situacao":"Urbana","bairro":"Jardim Tropical","zona":"ZEU","area_m2":75952.9,"area_ha":7.595,"fonte":"IBGE, Censo 2022 — malha e agregados por setor","pessoas":475.0,"domicilios":174.0,"dom_particulares":174.0,"dom_coletivos":0.0,"moradores_por_dom":3.2,"pct_imputados":0.1149,"dom_ocupados":148.0,"dom_uso_ocasional":3.0,"dom_vagos":23.0,"dens_hab_ha":62.54,"dens_dom_ha":22.91,"pct_vagos":13.2,"pct_uso_ocasional":1.7,"pct_ocupados":85.1},"geometry":{"type":"Polygon","coordinates":[[[-44.175837,-2.573434],[-44.176822,-2.571678],[-44.17969,-2.571733],[-44.179649,-2.57363],[-44.179639,-2.573634],[-44.17901,-2.573606],[-44.17838,-2.573584],[-44.17776,-2.573564],[-44.177524,-2.573526],[-44.177472,-2.573519],[-44.17736,-2.57344],[-44.177206,-2.573431],[-44.177007,-2.573425],[-44.176652,-2.573472],[-44.176238,-2.57351],[-44.176131,-2.573486],[-44.175865,-2.573439],[-44.175837,-2.573434]]]}},{"type":"Feature","properties":{"cd_setor":"211120110000195","situacao":"Urbana","bairro":"Jardim Tropical","zona":"ZEU","area_m2":109860.9,"area_ha":10.986,"fonte":"IBGE, Censo 2022 — malha e agregados por setor","pessoas":593.0,"domicilios":206.0,"dom_particulares":206.0,"dom_coletivos":0.0,"moradores_por_dom":3.3,"pct_imputados":0.1044,"dom_ocupados":182.0,"dom_uso_ocasional":2.0,"dom_vagos":22.0,"dens_hab_ha":53.98,"dens_dom_ha":18.75,"pct_vagos":10.7,"pct_uso_ocasional":1.0,"pct_ocupados":88.3},"geometry":{"type":"Polygon","coordinates":[[[-44.16826,-2.579114],[-44.168594,-2.578562],[-44.169094,-2.577615],[-44.169535,-2.576827],[-44.170175,-2.575645],[-44.170482,-2.575052],[-44.170713,-2.57466],[-44.171765,-2.575106],[-44.171497,-2.575616],[-44.172271,-2.57598],[-44.172239,-2.576041],[-44.171991,-2.576444],[-44.1715,-2.577381],[-44.171052,-2.578142],[-44.170868,-2.578518],[-44.170405,-2.579329],[-44.170217,-2.579239],[-44.17013,-2.579178],[-44.17,-2.579097],[-44.169876,-2.579091],[-44.169804,-2.579221],[-44.169692,-2.579302],[-44.169514,-2.579396],[-44.169438,-2.579375],[-44.169411,-2.579248],[-44.169366,-2.579187],[-44.169287,-2.57919],[-44.169121,-2.579245],[-44.169016,-2.579257],[-44.168768,-2.579215],[-44.168608,-2.579206],[-44.16826,-2.579114]]]}},{"type":"Feature","properties":{"cd_setor":"211120110000196","situacao":"Urbana","bairro":"Jardim Tropical","zona":"ZEU","area_m2":127275.3,"area_ha":12.728,"fonte":"IBGE, Censo 2022 — malha e agregados por setor","pessoas":533.0,"domicilios":189.0,"dom_particulares":189.0,"dom_coletivos":0.0,"moradores_por_dom":3.3,"pct_imputados":0.0976,"dom_ocupados":164.0,"dom_uso_ocasional":9.0,"dom_vagos":16.0,"dens_hab_ha":41.88,"dens_dom_ha":14.85,"pct_vagos":8.5,"pct_uso_ocasional":4.8,"pct_ocupados":86.8},"geometry":{"type":"Polygon","coordinates":[[[-44.172271,-2.57598],[-44.172609,-2.575391],[-44.172908,-2.574878],[-44.173859,-2.575113],[-44.17387,-2.575082],[-44.174199,-2.575221],[-44.174307,-2.575016],[-44.174771,-2.57525],[-44.174817,-2.57531],[-44.174373,-2.576134],[-44.173801,-2.575863],[-44.173765,-2.575934],[-44.173419,-2.57659],[-44.173227,-2.576963],[-44.172394,-2.578486],[-44.172924,-2.578762],[-44.173587,-2.579218],[-44.173643,-2.579272],[-44.173171,-2.580384],[-44.172978,-2.580378],[-44.172836,-2.580424],[-44.172668,-2.580578],[-44.172161,-2.58046],[-44.171916,-2.58053],[-44.171454,-2.580254],[-44.171113,-2.579716],[-44.170769,-2.579497],[-44.170405,-2.579329],[-44.170868,-2.578518],[-44.171052,-2.578142],[-44.1715,-2.577381],[-44.171991,-2.576444],[-44.172239,-2.576041],[-44.172271,-2.57598]]]}},{"type":"Feature","properties":{"cd_setor":"211120110000197","situacao":"Urbana","bairro":"Jardim Tropical","zona":"ZEU","area_m2":150198.2,"area_ha":15.02,"fonte":"IBGE, Censo 2022 — malha e agregados por setor","pessoas":694.0,"domicilios":250.0,"dom_particulares":250.0,"dom_coletivos":0.0,"moradores_por_dom":3.1,"pct_imputados":0.0178,"dom_ocupados":225.0,"dom_uso_ocasional":8.0,"dom_vagos":17.0,"dens_hab_ha":46.21,"dens_dom_ha":16.64,"pct_vagos":6.8,"pct_uso_ocasional":3.2,"pct_ocupados":90.0},"geometry":{"type":"Polygon","coordinates":[[[-44.17915,-2.57732],[-44.17931,-2.577308],[-44.180141,-2.577351],[-44.180841,-2.577378],[-44.18145,-2.577369],[-44.182124,-2.577395],[-44.182095,-2.578805],[-44.18205,-2.578826],[-44.181551,-2.579111],[-44.180842,-2.579642],[-44.180585,-2.579813],[-44.179972,-2.580191],[-44.179789,-2.580303],[-44.179599,-2.580392],[-44.179468,-2.580431],[-44.179349,-2.580451],[-44.178142,-2.580442],[-44.175903,-2.58042],[-44.176097,-2.580157],[-44.176192,-2.580004],[-44.176376,-2.579839],[-44.176751,-2.579505],[-44.177411,-2.578992],[-44.177934,-2.578493],[-44.178397,-2.578053],[-44.17915,-2.57732]]]}},{"type":"Feature","properties":{"cd_setor":"211120110000198","situacao":"Urbana","bairro":"Vila São Luís","zona":"ZEU","area_m2":42852.8,"area_ha":4.285,"fonte":"IBGE, Censo 2022 — malha e agregados por setor","pessoas":339.0,"domicilios":122.0,"dom_particulares":122.0,"dom_coletivos":0.0,"moradores_por_dom":3.2,"pct_imputados":0.0381,"dom_ocupados":105.0,"dom_uso_ocasional":0.0,"dom_vagos":17.0,"dens_hab_ha":79.11,"dens_dom_ha":28.47,"pct_vagos":13.9,"pct_uso_ocasional":0.0,"pct_ocupados":86.1},"geometry":{"type":"Polygon","coordinates":[[[-44.184206,-2.566332],[-44.184214,-2.566293],[-44.184333,-2.565743],[-44.184454,-2.56511],[-44.184516,-2.564823],[-44.184574,-2.564477],[-44.186334,-2.564812],[-44.186369,-2.56482],[-44.186261,-2.565422],[-44.186138,-2.566059],[-44.186023,-2.566684],[-44.184702,-2.566441],[-44.184206,-2.566332]]]}},{"type":"Feature","properties":{"cd_setor":"211120110000199","situacao":"Urbana","bairro":"Vila Cafeteira","zona":"ZEU","area_m2":31266.2,"area_ha":3.127,"fonte":"IBGE, Censo 2022 — malha e agregados por setor","pessoas":334.0,"domicilios":137.0,"dom_particulares":137.0,"dom_coletivos":0.0,"moradores_por_dom":2.9,"pct_imputados":0.2328,"dom_ocupados":116.0,"dom_uso_ocasional":0.0,"dom_vagos":21.0,"dens_hab_ha":106.82,"dens_dom_ha":43.82,"pct_vagos":15.3,"pct_uso_ocasional":0.0,"pct_ocupados":84.7},"geometry":{"type":"Polygon","coordinates":[[[-44.187736,-2.56096],[-44.187648,-2.560008],[-44.187618,-2.559786],[-44.1876,-2.559342],[-44.187762,-2.559386],[-44.188048,-2.559446],[-44.188384,-2.559528],[-44.188394,-2.559531],[-44.188874,-2.559647],[-44.189403,-2.559769],[-44.189439,-2.5598],[-44.189377,-2.560032],[-44.189233,-2.560739],[-44.189097,-2.561266],[-44.188234,-2.561075],[-44.187899,-2.561001],[-44.187736,-2.56096]]]}},{"type":"Feature","properties":{"cd_setor":"211120110000200","situacao":"Urbana","bairro":"Recanto Da Paz","zona":"ZEU","area_m2":43229.6,"area_ha":4.323,"fonte":"IBGE, Censo 2022 — malha e agregados por setor","pessoas":301.0,"domicilios":113.0,"dom_particulares":113.0,"dom_coletivos":0.0,"moradores_por_dom":3.0,"pct_imputados":0.0101,"dom_ocupados":99.0,"dom_uso_ocasional":6.0,"dom_vagos":8.0,"dens_hab_ha":69.63,"dens_dom_ha":26.14,"pct_vagos":7.1,"pct_uso_ocasional":5.3,"pct_ocupados":87.6},"geometry":{"type":"Polygon","coordinates":[[[-44.192938,-2.557873],[-44.192716,-2.557818],[-44.192236,-2.557698],[-44.191647,-2.557548],[-44.191387,-2.557473],[-44.191573,-2.556787],[-44.191624,-2.556336],[-44.19168,-2.556072],[-44.191806,-2.555464],[-44.191843,-2.555304],[-44.193374,-2.555691],[-44.19335,-2.555814],[-44.193306,-2.556034],[-44.193267,-2.556232],[-44.192938,-2.557873]]]}},{"type":"Feature","properties":{"cd_setor":"211120110000201","situacao":"Urbana","bairro":"Saramanta","zona":"ZEU","area_m2":29636.9,"area_ha":2.964,"fonte":"IBGE, Censo 2022 — malha e agregados por setor","pessoas":486.0,"domicilios":224.0,"dom_particulares":224.0,"dom_coletivos":0.0,"moradores_por_dom":2.4,"pct_imputados":0.0842,"dom_ocupados":202.0,"dom_uso_ocasional":7.0,"dom_vagos":15.0,"dens_hab_ha":163.98,"dens_dom_ha":75.58,"pct_vagos":6.7,"pct_uso_ocasional":3.1,"pct_ocupados":90.2},"geometry":{"type":"Polygon","coordinates":[[[-44.191843,-2.555304],[-44.192045,-2.554453],[-44.192135,-2.55388],[-44.192462,-2.553901],[-44.193614,-2.553969],[-44.193374,-2.555691],[-44.191843,-2.555304]]]}},{"type":"Feature","properties":{"cd_setor":"211120110000203","situacao":"Urbana","bairro":"Saramanta","zona":"ZEU","area_m2":8097.9,"area_ha":0.81,"fonte":"IBGE, Censo 2022 — malha e agregados por setor","pessoas":348.0,"domicilios":160.0,"dom_particulares":160.0,"dom_coletivos":0.0,"moradores_por_dom":2.5,"pct_imputados":0.0571,"dom_ocupados":140.0,"dom_uso_ocasional":9.0,"dom_vagos":11.0,"dens_hab_ha":429.74,"dens_dom_ha":197.58,"pct_vagos":6.9,"pct_uso_ocasional":5.6,"pct_ocupados":87.5},"geometry":{"type":"Polygon","coordinates":[[[-44.195351,-2.557572],[-44.195385,-2.557055],[-44.19663,-2.557131],[-44.196614,-2.557661],[-44.195351,-2.557572]]]}},{"type":"Feature","properties":{"cd_setor":"211120110000204","situacao":"Urbana","bairro":"Saramanta","zona":"ZEU","area_m2":9408.1,"area_ha":0.941,"fonte":"IBGE, Censo 2022 — malha e agregados por setor","pessoas":284.0,"domicilios":144.0,"dom_particulares":144.0,"dom_coletivos":0.0,"moradores_por_dom":2.3,"pct_imputados":0.0732,"dom_ocupados":123.0,"dom_uso_ocasional":8.0,"dom_vagos":13.0,"dens_hab_ha":301.87,"dens_dom_ha":153.06,"pct_vagos":9.0,"pct_uso_ocasional":5.6,"pct_ocupados":85.4},"geometry":{"type":"Polygon","coordinates":[[[-44.193792,-2.557462],[-44.193838,-2.556998],[-44.195385,-2.557055],[-44.195351,-2.557572],[-44.193792,-2.557462]]]}},{"type":"Feature","properties":{"cd_setor":"211120110000205","situacao":"Urbana","bairro":"Saramanta","zona":"ZEU","area_m2":10691.9,"area_ha":1.069,"fonte":"IBGE, Censo 2022 — malha e agregados por setor","pessoas":306.0,"domicilios":144.0,"dom_particulares":144.0,"dom_coletivos":0.0,"moradores_por_dom":2.5,"pct_imputados":0.0242,"dom_ocupados":124.0,"dom_uso_ocasional":1.0,"dom_vagos":19.0,"dens_hab_ha":286.2,"dens_dom_ha":134.68,"pct_vagos":13.2,"pct_uso_ocasional":0.7,"pct_ocupados":86.1},"geometry":{"type":"Polygon","coordinates":[[[-44.193781,-2.557956],[-44.19379,-2.557481],[-44.193792,-2.557462],[-44.195351,-2.557572],[-44.195325,-2.557779],[-44.195557,-2.55781],[-44.195526,-2.55813],[-44.195454,-2.558123],[-44.194988,-2.558069],[-44.194673,-2.558045],[-44.19449,-2.558032],[-44.193781,-2.557956]]]}},{"type":"Feature","properties":{"cd_setor":"211120110000206","situacao":"Urbana","bairro":"Saramanta","zona":"ZEU","area_m2":7834.5,"area_ha":0.783,"fonte":"IBGE, Censo 2022 — malha e agregados por setor","pessoas":330.0,"domicilios":160.0,"dom_particulares":160.0,"dom_coletivos":0.0,"moradores_por_dom":2.4,"pct_imputados":0.029,"dom_ocupados":138.0,"dom_uso_ocasional":3.0,"dom_vagos":19.0,"dens_hab_ha":421.22,"dens_dom_ha":204.23,"pct_vagos":11.9,"pct_uso_ocasional":1.9,"pct_ocupados":86.2},"geometry":{"type":"Polygon","coordinates":[[[-44.195526,-2.55813],[-44.195557,-2.55781],[-44.195325,-2.557779],[-44.195351,-2.557572],[-44.196614,-2.557661],[-44.196596,-2.55815],[-44.196597,-2.558226],[-44.195991,-2.558176],[-44.195526,-2.55813]]]}},{"type":"Feature","properties":{"cd_setor":"211120110000207","situacao":"Urbana","bairro":"Recanto Da Paz","zona":"ZEU","area_m2":10928.1,"area_ha":1.093,"fonte":"IBGE, Censo 2022 — malha e agregados por setor","pessoas":314.0,"domicilios":144.0,"dom_particulares":144.0,"dom_coletivos":0.0,"moradores_por_dom":2.6,"pct_imputados":0.1138,"dom_ocupados":123.0,"dom_uso_ocasional":11.0,"dom_vagos":10.0,"dens_hab_ha":287.33,"dens_dom_ha":131.77,"pct_vagos":6.9,"pct_uso_ocasional":7.6,"pct_ocupados":85.4},"geometry":{"type":"Polygon","coordinates":[[[-44.187376,-2.554554],[-44.187434,-2.55438],[-44.187603,-2.55389],[-44.187702,-2.553608],[-44.187766,-2.553423],[-44.187938,-2.552927],[-44.187966,-2.552853],[-44.188418,-2.553038],[-44.187854,-2.554714],[-44.187376,-2.554554]]]}},{"type":"Feature","properties":{"cd_setor":"211120110000208","situacao":"Urbana","bairro":"Recanto Da Paz","zona":"ZEU","area_m2":13010.4,"area_ha":1.301,"fonte":"IBGE, Censo 2022 — malha e agregados por setor","pessoas":321.0,"domicilios":160.0,"dom_particulares":160.0,"dom_coletivos":0.0,"moradores_por_dom":2.5,"pct_imputados":0.2,"dom_ocupados":130.0,"dom_uso_ocasional":8.0,"dom_vagos":22.0,"dens_hab_ha":246.73,"dens_dom_ha":122.98,"pct_vagos":13.8,"pct_uso_ocasional":5.0,"pct_ocupados":81.2},"geometry":{"type":"Polygon","coordinates":[[[-44.187281,-2.55478],[-44.187376,-2.554554],[-44.187854,-2.554714],[-44.187826,-2.554796],[-44.187321,-2.556204],[-44.187189,-2.556572],[-44.186664,-2.556475],[-44.186746,-2.556227],[-44.187025,-2.555469],[-44.187176,-2.555047],[-44.187281,-2.55478]]]}},{"type":"Feature","properties":{"cd_setor":"211120110000209","situacao":"Urbana","bairro":"Saramanta","zona":"ZEU","area_m2":12205.5,"area_ha":1.221,"fonte":"IBGE, Censo 2022 — malha e agregados por setor","pessoas":401.0,"domicilios":224.0,"dom_particulares":224.0,"dom_coletivos":0.0,"moradores_por_dom":2.5,"pct_imputados":0.0633,"dom_ocupados":158.0,"dom_uso_ocasional":15.0,"dom_vagos":51.0,"dens_hab_ha":328.54,"dens_dom_ha":183.52,"pct_vagos":22.8,"pct_uso_ocasional":6.7,"pct_ocupados":70.5},"geometry":{"type":"Polygon","coordinates":[[[-44.191831,-2.548955],[-44.191994,-2.548241],[-44.193481,-2.548609],[-44.19335,-2.549142],[-44.192687,-2.548972],[-44.192633,-2.549162],[-44.191831,-2.548955]]]}},{"type":"Feature","properties":{"cd_setor":"211120110000210","situacao":"Urbana","bairro":"Saramanta","zona":"ZEU","area_m2":13375.7,"area_ha":1.338,"fonte":"IBGE, Censo 2022 — malha e agregados por setor","pessoas":417.0,"domicilios":192.0,"dom_particulares":192.0,"dom_coletivos":0.0,"moradores_por_dom":2.4,"pct_imputados":0.1379,"dom_ocupados":174.0,"dom_uso_ocasional":5.0,"dom_vagos":13.0,"dens_hab_ha":311.76,"dens_dom_ha":143.54,"pct_vagos":6.8,"pct_uso_ocasional":2.6,"pct_ocupados":90.6},"geometry":{"type":"Polygon","coordinates":[[[-44.191994,-2.548241],[-44.192187,-2.547397],[-44.193324,-2.547906],[-44.193615,-2.548381],[-44.193481,-2.548609],[-44.191994,-2.548241]]]}},{"type":"Feature","properties":{"cd_setor":"211120110000211","situacao":"Urbana","bairro":"Saramanta","zona":"ZEU","area_m2":48056.4,"area_ha":4.806,"fonte":"IBGE, Censo 2022 — malha e agregados por setor","pessoas":490.0,"domicilios":165.0,"dom_particulares":165.0,"dom_coletivos":0.0,"moradores_por_dom":3.1,"pct_imputados":0.0,"dom_ocupados":156.0,"dom_uso_ocasional":4.0,"dom_vagos":5.0,"dens_hab_ha":101.96,"dens_dom_ha":34.33,"pct_vagos":3.0,"pct_uso_ocasional":2.4,"pct_ocupados":94.5},"geometry":{"type":"Polygon","coordinates":[[[-44.196215,-2.548703],[-44.196909,-2.548692],[-44.196882,-2.5496],[-44.196859,-2.550357],[-44.196699,-2.553811],[-44.196673,-2.554203],[-44.195959,-2.554121],[-44.196024,-2.552993],[-44.196052,-2.552502],[-44.19608,-2.551685],[-44.196097,-2.551337],[-44.196098,-2.551092],[-44.196215,-2.548703]]]}},{"type":"Feature","properties":{"cd_setor":"211120110000212","situacao":"Urbana","bairro":"Saramanta","zona":"ZEU","area_m2":6772.7,"area_ha":0.677,"fonte":"IBGE, Censo 2022 — malha e agregados por setor","pessoas":364.0,"domicilios":175.0,"dom_particulares":175.0,"dom_coletivos":0.0,"moradores_por_dom":2.5,"pct_imputados":0.2083,"dom_ocupados":144.0,"dom_uso_ocasional":12.0,"dom_vagos":19.0,"dens_hab_ha":537.45,"dens_dom_ha":258.39,"pct_vagos":10.9,"pct_uso_ocasional":6.9,"pct_ocupados":82.3},"geometry":{"type":"Polygon","coordinates":[[[-44.195922,-2.549981],[-44.195987,-2.548654],[-44.196215,-2.548703],[-44.196098,-2.551092],[-44.195874,-2.551072],[-44.195922,-2.549981]]]}},{"type":"Feature","properties":{"cd_setor":"211120110000213","situacao":"Urbana","bairro":"Saramanta","zona":"ZEU","area_m2":9485.5,"area_ha":0.949,"fonte":"IBGE, Censo 2022 — malha e agregados por setor","pessoas":306.0,"domicilios":160.0,"dom_particulares":160.0,"dom_coletivos":0.0,"moradores_por_dom":2.5,"pct_imputados":0.0082,"dom_ocupados":122.0,"dom_uso_ocasional":4.0,"dom_vagos":34.0,"dens_hab_ha":322.6,"dens_dom_ha":168.68,"pct_vagos":21.2,"pct_uso_ocasional":2.5,"pct_ocupados":76.2},"geometry":{"type":"Polygon","coordinates":[[[-44.195352,-2.549969],[-44.195349,-2.549846],[-44.195433,-2.548748],[-44.195514,-2.548538],[-44.195531,-2.548554],[-44.195987,-2.548654],[-44.195922,-2.549981],[-44.195352,-2.549969]]]}},{"type":"Feature","properties":{"cd_setor":"211120110000214","situacao":"Urbana","bairro":"Saramanta","zona":"ZEU","area_m2":16051.9,"area_ha":1.605,"fonte":"IBGE, Censo 2022 — malha e agregados por setor","pessoas":402.0,"domicilios":192.0,"dom_particulares":192.0,"dom_coletivos":0.0,"moradores_por_dom":2.4,"pct_imputados":0.0303,"dom_ocupados":165.0,"dom_uso_ocasional":13.0,"dom_vagos":14.0,"dens_hab_ha":250.44,"dens_dom_ha":119.61,"pct_vagos":7.3,"pct_uso_ocasional":6.8,"pct_ocupados":85.9},"geometry":{"type":"Polygon","coordinates":[[[-44.19483,-2.551235],[-44.194922,-2.549477],[-44.194978,-2.548297],[-44.195514,-2.548538],[-44.195433,-2.548748],[-44.195349,-2.549846],[-44.195352,-2.549969],[-44.19534,-2.550121],[-44.195281,-2.55123],[-44.19483,-2.551235]]]}},{"type":"Feature","properties":{"cd_setor":"211120110000215","situacao":"Urbana","bairro":"Saramanta","zona":"ZEU","area_m2":10260.7,"area_ha":1.026,"fonte":"IBGE, Censo 2022 — malha e agregados por setor","pessoas":314.0,"domicilios":161.0,"dom_particulares":161.0,"dom_coletivos":0.0,"moradores_por_dom":2.4,"pct_imputados":0.0231,"dom_ocupados":130.0,"dom_uso_ocasional":3.0,"dom_vagos":28.0,"dens_hab_ha":306.02,"dens_dom_ha":156.91,"pct_vagos":17.4,"pct_uso_ocasional":1.9,"pct_ocupados":80.7},"geometry":{"type":"Polygon","coordinates":[[[-44.195281,-2.55123],[-44.19534,-2.550121],[-44.195352,-2.549969],[-44.195922,-2.549981],[-44.195874,-2.551072],[-44.196098,-2.551092],[-44.196097,-2.551337],[-44.195828,-2.551325],[-44.195277,-2.551301],[-44.195281,-2.55123]]]}},{"type":"Feature","properties":{"cd_setor":"211120110000216","situacao":"Urbana","bairro":"Saramanta","zona":"ZEU","area_m2":15895.0,"area_ha":1.589,"fonte":"IBGE, Censo 2022 — malha e agregados por setor","pessoas":396.0,"domicilios":192.0,"dom_particulares":192.0,"dom_coletivos":0.0,"moradores_por_dom":2.3,"pct_imputados":0.0,"dom_ocupados":169.0,"dom_uso_ocasional":11.0,"dom_vagos":12.0,"dens_hab_ha":249.14,"dens_dom_ha":120.79,"pct_vagos":6.2,"pct_uso_ocasional":5.7,"pct_ocupados":88.0},"geometry":{"type":"Polygon","coordinates":[[[-44.19483,-2.551235],[-44.195281,-2.55123],[-44.195277,-2.551301],[-44.195205,-2.552499],[-44.19517,-2.553688],[-44.195141,-2.554067],[-44.194984,-2.554083],[-44.194669,-2.554047],[-44.194742,-2.552857],[-44.19477,-2.552399],[-44.194791,-2.551984],[-44.19483,-2.551235]]]}},{"type":"Feature","properties":{"cd_setor":"211120110000217","situacao":"Urbana","bairro":"Saramanta","zona":"ZEU","area_m2":11259.6,"area_ha":1.126,"fonte":"IBGE, Censo 2022 — malha e agregados por setor","pessoas":296.0,"domicilios":159.0,"dom_particulares":159.0,"dom_coletivos":0.0,"moradores_por_dom":2.4,"pct_imputados":0.0732,"dom_ocupados":123.0,"dom_uso_ocasional":6.0,"dom_vagos":30.0,"dens_hab_ha":262.89,"dens_dom_ha":141.21,"pct_vagos":18.9,"pct_uso_ocasional":3.8,"pct_ocupados":77.4},"geometry":{"type":"Polygon","coordinates":[[[-44.195141,-2.554067],[-44.19517,-2.553688],[-44.195205,-2.552499],[-44.195793,-2.55251],[-44.195784,-2.552629],[-44.195778,-2.552831],[-44.195725,-2.554019],[-44.195721,-2.554107],[-44.195571,-2.554098],[-44.195403,-2.55409],[-44.195141,-2.554067]]]}},{"type":"Feature","properties":{"cd_setor":"211120110000218","situacao":"Urbana","bairro":"Saramanta","zona":"ZEU","area_m2":8367.0,"area_ha":0.837,"fonte":"IBGE, Censo 2022 — malha e agregados por setor","pessoas":319.0,"domicilios":160.0,"dom_particulares":160.0,"dom_coletivos":0.0,"moradores_por_dom":2.7,"pct_imputados":0.0583,"dom_ocupados":120.0,"dom_uso_ocasional":12.0,"dom_vagos":28.0,"dens_hab_ha":381.26,"dens_dom_ha":191.23,"pct_vagos":17.5,"pct_uso_ocasional":7.5,"pct_ocupados":75.0},"geometry":{"type":"Polygon","coordinates":[[[-44.195205,-2.552499],[-44.195277,-2.551301],[-44.195828,-2.551325],[-44.195797,-2.552427],[-44.195793,-2.55251],[-44.195205,-2.552499]]]}},{"type":"Feature","properties":{"cd_setor":"211120110000219","situacao":"Urbana","bairro":"Saramanta","zona":"ZEU","area_m2":8708.9,"area_ha":0.871,"fonte":"IBGE, Censo 2022 — malha e agregados por setor","pessoas":329.0,"domicilios":176.0,"dom_particulares":176.0,"dom_coletivos":0.0,"moradores_por_dom":2.3,"pct_imputados":0.1389,"dom_ocupados":144.0,"dom_uso_ocasional":1.0,"dom_vagos":31.0,"dens_hab_ha":377.77,"dens_dom_ha":202.09,"pct_vagos":17.6,"pct_uso_ocasional":0.6,"pct_ocupados":81.8},"geometry":{"type":"Polygon","coordinates":[[[-44.195793,-2.55251],[-44.195797,-2.552427],[-44.195828,-2.551325],[-44.196097,-2.551337],[-44.19608,-2.551685],[-44.196052,-2.552502],[-44.196024,-2.552993],[-44.195959,-2.554121],[-44.195721,-2.554107],[-44.195725,-2.554019],[-44.195778,-2.552831],[-44.195784,-2.552629],[-44.195793,-2.55251]]]}},{"type":"Feature","properties":{"cd_setor":"211120110000220","situacao":"Urbana","bairro":"Altos do Itapiracó","zona":"ZEU","area_m2":122392.2,"area_ha":12.239,"fonte":"IBGE, Censo 2022 — malha e agregados por setor","pessoas":313.0,"domicilios":133.0,"dom_particulares":133.0,"dom_coletivos":0.0,"moradores_por_dom":3.5,"pct_imputados":0.0337,"dom_ocupados":89.0,"dom_uso_ocasional":10.0,"dom_vagos":34.0,"dens_hab_ha":25.57,"dens_dom_ha":10.87,"pct_vagos":25.6,"pct_uso_ocasional":7.5,"pct_ocupados":66.9},"geometry":{"type":"Polygon","coordinates":[[[-44.191311,-2.524965],[-44.191295,-2.525048],[-44.191261,-2.525363],[-44.191231,-2.525582],[-44.191177,-2.525959],[-44.191133,-2.526253],[-44.191099,-2.526506],[-44.191067,-2.5267],[-44.191045,-2.526886],[-44.191042,-2.526939],[-44.189488,-2.526928],[-44.189577,-2.524941],[-44.187918,-2.524933],[-44.188,-2.522986],[-44.189619,-2.523029],[-44.19037,-2.523036],[-44.191584,-2.523059],[-44.191567,-2.523194],[-44.191485,-2.523705],[-44.191465,-2.523835],[-44.191439,-2.524048],[-44.191391,-2.524369],[-44.191372,-2.524487],[-44.191355,-2.524616],[-44.191319,-2.524843],[-44.191311,-2.524965]]]}},{"type":"Feature","properties":{"cd_setor":"211120110000221","situacao":"Urbana","bairro":"Araçagy","zona":"ZDU - A","area_m2":589371.6,"area_ha":58.937,"fonte":"IBGE, Censo 2022 — malha e agregados por setor","pessoas":150.0,"domicilios":122.0,"dom_particulares":121.0,"dom_coletivos":1.0,"moradores_por_dom":2.9,"pct_imputados":0.1961,"dom_ocupados":51.0,"dom_uso_ocasional":43.0,"dom_vagos":27.0,"dens_hab_ha":2.55,"dens_dom_ha":2.05,"pct_vagos":22.3,"pct_uso_ocasional":35.5,"pct_ocupados":42.1},"geometry":{"type":"Polygon","coordinates":[[[-44.192364,-2.471116],[-44.192442,-2.470725],[-44.19266,-2.469574],[-44.192788,-2.468936],[-44.19288,-2.468325],[-44.192956,-2.467977],[-44.19306,-2.467581],[-44.192155,-2.467183],[-44.191079,-2.466989],[-44.190058,-2.466961],[-44.190386,-2.464961],[-44.190737,-2.46282],[-44.191143,-2.462903],[-44.192955,-2.463192],[-44.194136,-2.463336],[-44.195154,-2.46344],[-44.196579,-2.463564],[-44.197804,-2.463678],[-44.197676,-2.464682],[-44.197533,-2.465794],[-44.197524,-2.466427],[-44.197473,-2.468839],[-44.197403,-2.469661],[-44.19737,-2.470556],[-44.1973,-2.471434],[-44.197299,-2.471453],[-44.196955,-2.471453],[-44.196333,-2.47143],[-44.196084,-2.471475],[-44.19527,-2.471475],[-44.194783,-2.471385],[-44.194138,-2.471351],[-44.192962,-2.471306],[-44.19243,-2.471249],[-44.192336,-2.471261],[-44.192364,-2.471116]]]}},{"type":"Feature","properties":{"cd_setor":"211120110000222","situacao":"Urbana","bairro":"Araçagy","zona":"ZDU - A","area_m2":22030.3,"area_ha":2.203,"fonte":"IBGE, Censo 2022 — malha e agregados por setor","pessoas":165.0,"domicilios":103.0,"dom_particulares":103.0,"dom_coletivos":0.0,"moradores_por_dom":2.2,"pct_imputados":0.0405,"dom_ocupados":74.0,"dom_uso_ocasional":8.0,"dom_vagos":21.0,"dens_hab_ha":74.9,"dens_dom_ha":46.75,"pct_vagos":20.4,"pct_uso_ocasional":7.8,"pct_ocupados":71.8},"geometry":{"type":"Polygon","coordinates":[[[-44.193755,-2.476866],[-44.193938,-2.474607],[-44.19469,-2.474685],[-44.194569,-2.476951],[-44.194086,-2.476919],[-44.193755,-2.476866]]]}},{"type":"Feature","properties":{"cd_setor":"211120110000223","situacao":"Urbana","bairro":"Araçagy","zona":"ZDU - A","area_m2":7108.7,"area_ha":0.711,"fonte":"IBGE, Censo 2022 — malha e agregados por setor","pessoas":276.0,"domicilios":204.0,"dom_particulares":204.0,"dom_coletivos":0.0,"moradores_por_dom":2.0,"pct_imputados":0.0667,"dom_ocupados":135.0,"dom_uso_ocasional":50.0,"dom_vagos":19.0,"dens_hab_ha":388.25,"dens_dom_ha":286.97,"pct_vagos":9.3,"pct_uso_ocasional":24.5,"pct_ocupados":66.2},"geometry":{"type":"Polygon","coordinates":[[[-44.193938,-2.474607],[-44.193999,-2.473839],[-44.194732,-2.473906],[-44.19469,-2.474685],[-44.193938,-2.474607]]]}},{"type":"Feature","properties":{"cd_setor":"211120110000224","situacao":"Urbana","bairro":"Araçagy","zona":"ZDU - A","area_m2":5874.8,"area_ha":0.587,"fonte":"IBGE, Censo 2022 — malha e agregados por setor","pessoas":284.0,"domicilios":202.0,"dom_particulares":202.0,"dom_coletivos":0.0,"moradores_por_dom":2.0,"pct_imputados":0.0071,"dom_ocupados":140.0,"dom_uso_ocasional":20.0,"dom_vagos":42.0,"dens_hab_ha":483.42,"dens_dom_ha":343.84,"pct_vagos":20.8,"pct_uso_ocasional":9.9,"pct_ocupados":69.3},"geometry":{"type":"Polygon","coordinates":[[[-44.194049,-2.473224],[-44.194769,-2.473209],[-44.194732,-2.473906],[-44.193999,-2.473839],[-44.194049,-2.473224]]]}},{"type":"Feature","properties":{"cd_setor":"211120110000225","situacao":"Urbana","bairro":"Araçagy","zona":"ZDU - A","area_m2":6022.3,"area_ha":0.602,"fonte":"IBGE, Censo 2022 — malha e agregados por setor","pessoas":317.0,"domicilios":206.0,"dom_particulares":206.0,"dom_coletivos":0.0,"moradores_por_dom":2.1,"pct_imputados":0.0537,"dom_ocupados":149.0,"dom_uso_ocasional":9.0,"dom_vagos":48.0,"dens_hab_ha":526.37,"dens_dom_ha":342.06,"pct_vagos":23.3,"pct_uso_ocasional":4.4,"pct_ocupados":72.3},"geometry":{"type":"Polygon","coordinates":[[[-44.194049,-2.473224],[-44.194104,-2.472538],[-44.194806,-2.472515],[-44.194769,-2.473209],[-44.194049,-2.473224]]]}},{"type":"Feature","properties":{"cd_setor":"211120110000226","situacao":"Urbana","bairro":"Araçagy","zona":"ZDU - A","area_m2":20329.9,"area_ha":2.033,"fonte":"IBGE, Censo 2022 — malha e agregados por setor","pessoas":452.0,"domicilios":281.0,"dom_particulares":281.0,"dom_coletivos":0.0,"moradores_por_dom":2.4,"pct_imputados":0.1799,"dom_ocupados":189.0,"dom_uso_ocasional":12.0,"dom_vagos":80.0,"dens_hab_ha":222.33,"dens_dom_ha":138.22,"pct_vagos":28.5,"pct_uso_ocasional":4.3,"pct_ocupados":67.3},"geometry":{"type":"Polygon","coordinates":[[[-44.187486,-2.472141],[-44.185189,-2.471914],[-44.185189,-2.471427],[-44.185748,-2.471463],[-44.185783,-2.471154],[-44.18753,-2.471397],[-44.187486,-2.472141]]]}},{"type":"Feature","properties":{"cd_setor":"211120110000228","situacao":"Urbana","bairro":"Araçagy","zona":"ZDU - A","area_m2":272905.3,"area_ha":27.291,"fonte":"IBGE, Censo 2022 — malha e agregados por setor","pessoas":229.0,"domicilios":108.0,"dom_particulares":108.0,"dom_coletivos":0.0,"moradores_por_dom":3.0,"pct_imputados":0.1948,"dom_ocupados":77.0,"dom_uso_ocasional":4.0,"dom_vagos":27.0,"dens_hab_ha":8.39,"dens_dom_ha":3.96,"pct_vagos":25.0,"pct_uso_ocasional":3.7,"pct_ocupados":71.3},"geometry":{"type":"Polygon","coordinates":[[[-44.187592,-2.470323],[-44.187601,-2.470169],[-44.187637,-2.4693],[-44.187685,-2.469361],[-44.187835,-2.469712],[-44.187917,-2.469835],[-44.188041,-2.470014],[-44.188148,-2.470181],[-44.18841,-2.470477],[-44.188707,-2.470596],[-44.188861,-2.471],[-44.188909,-2.471297],[-44.189051,-2.471582],[-44.189408,-2.471498],[-44.189729,-2.471451],[-44.189895,-2.47132],[-44.190192,-2.471309],[-44.19043,-2.471498],[-44.19062,-2.471427],[-44.190691,-2.471214],[-44.191131,-2.47119],[-44.191416,-2.471202],[-44.191785,-2.471154],[-44.192364,-2.471116],[-44.192336,-2.471261],[-44.192038,-2.472766],[-44.191932,-2.473408],[-44.191929,-2.473426],[-44.191836,-2.474025],[-44.191721,-2.474634],[-44.191594,-2.475278],[-44.191484,-2.475869],[-44.191477,-2.475904],[-44.191374,-2.476337],[-44.190379,-2.476136],[-44.189593,-2.475963],[-44.188234,-2.47569],[-44.187291,-2.47549],[-44.187486,-2.472141],[-44.18753,-2.471397],[-44.187592,-2.470323]]]}},{"type":"Feature","properties":{"cd_setor":"211120110000233","situacao":"Urbana","bairro":"Parque Vitória","zona":"ZEU","area_m2":34824.6,"area_ha":3.482,"fonte":"IBGE, Censo 2022 — malha e agregados por setor","pessoas":357.0,"domicilios":140.0,"dom_particulares":140.0,"dom_coletivos":0.0,"moradores_por_dom":3.1,"pct_imputados":0.0171,"dom_ocupados":117.0,"dom_uso_ocasional":8.0,"dom_vagos":15.0,"dens_hab_ha":102.51,"dens_dom_ha":40.2,"pct_vagos":10.7,"pct_uso_ocasional":5.7,"pct_ocupados":83.6},"geometry":{"type":"Polygon","coordinates":[[[-44.201252,-2.51387],[-44.201353,-2.513448],[-44.201602,-2.512338],[-44.201641,-2.512177],[-44.202023,-2.512261],[-44.202148,-2.512294],[-44.20252,-2.512356],[-44.202943,-2.512456],[-44.203213,-2.512537],[-44.203144,-2.512841],[-44.202872,-2.51418],[-44.202862,-2.514225],[-44.201252,-2.51387]]]}},{"type":"Feature","properties":{"cd_setor":"211120110000235","situacao":"Urbana","bairro":"Alto Turu","zona":"ZEU","area_m2":33189.7,"area_ha":3.319,"fonte":"IBGE, Censo 2022 — malha e agregados por setor","pessoas":442.0,"domicilios":172.0,"dom_particulares":172.0,"dom_coletivos":0.0,"moradores_por_dom":2.9,"pct_imputados":0.0,"dom_ocupados":151.0,"dom_uso_ocasional":6.0,"dom_vagos":15.0,"dens_hab_ha":133.17,"dens_dom_ha":51.82,"pct_vagos":8.7,"pct_uso_ocasional":3.5,"pct_ocupados":87.8},"geometry":{"type":"Polygon","coordinates":[[[-44.19423,-2.504354],[-44.194243,-2.504311],[-44.1943,-2.503949],[-44.194418,-2.503417],[-44.194423,-2.503411],[-44.1945,-2.503306],[-44.19455,-2.503236],[-44.1951,-2.502388],[-44.196122,-2.502977],[-44.195976,-2.503287],[-44.19581,-2.50359],[-44.195679,-2.50397],[-44.195513,-2.504273],[-44.195364,-2.504605],[-44.195201,-2.504928],[-44.195186,-2.50492],[-44.19423,-2.504354]]]}},{"type":"Feature","properties":{"cd_setor":"211120110000236","situacao":"Urbana","bairro":"Alto Turu","zona":"ZEU","area_m2":33817.0,"area_ha":3.382,"fonte":"IBGE, Censo 2022 — malha e agregados por setor","pessoas":462.0,"domicilios":187.0,"dom_particulares":187.0,"dom_coletivos":0.0,"moradores_por_dom":3.1,"pct_imputados":0.0743,"dom_ocupados":148.0,"dom_uso_ocasional":24.0,"dom_vagos":15.0,"dens_hab_ha":136.62,"dens_dom_ha":55.3,"pct_vagos":8.0,"pct_uso_ocasional":12.8,"pct_ocupados":79.1},"geometry":{"type":"Polygon","coordinates":[[[-44.195201,-2.504928],[-44.195364,-2.504605],[-44.195513,-2.504273],[-44.195679,-2.50397],[-44.19581,-2.50359],[-44.195976,-2.503287],[-44.196122,-2.502977],[-44.197028,-2.503499],[-44.196944,-2.503901],[-44.196943,-2.503907],[-44.196871,-2.504251],[-44.196813,-2.504533],[-44.196687,-2.505135],[-44.196682,-2.505159],[-44.196641,-2.505356],[-44.196624,-2.505436],[-44.196605,-2.505537],[-44.196078,-2.505413],[-44.195201,-2.504928]]]}},{"type":"Feature","properties":{"cd_setor":"211120110000237","situacao":"Urbana","bairro":"Alto Turu","zona":"ZEU","area_m2":38038.3,"area_ha":3.804,"fonte":"IBGE, Censo 2022 — malha e agregados por setor","pessoas":355.0,"domicilios":144.0,"dom_particulares":144.0,"dom_coletivos":0.0,"moradores_por_dom":3.2,"pct_imputados":0.0179,"dom_ocupados":112.0,"dom_uso_ocasional":0.0,"dom_vagos":32.0,"dens_hab_ha":93.33,"dens_dom_ha":37.86,"pct_vagos":22.2,"pct_uso_ocasional":0.0,"pct_ocupados":77.8},"geometry":{"type":"Polygon","coordinates":[[[-44.1951,-2.502388],[-44.195979,-2.501035],[-44.196605,-2.501391],[-44.197365,-2.501819],[-44.19721,-2.502621],[-44.197196,-2.502694],[-44.197195,-2.5027],[-44.19707,-2.503298],[-44.197028,-2.503499],[-44.196122,-2.502977],[-44.1951,-2.502388]]]}},{"type":"Feature","properties":{"cd_setor":"211120110000239","situacao":"Urbana","bairro":"Miritiua","zona":"ZDU - A","area_m2":9860.1,"area_ha":0.986,"fonte":"IBGE, Censo 2022 — malha e agregados por setor","pessoas":372.0,"domicilios":224.0,"dom_particulares":224.0,"dom_coletivos":0.0,"moradores_por_dom":2.2,"pct_imputados":0.0235,"dom_ocupados":170.0,"dom_uso_ocasional":24.0,"dom_vagos":30.0,"dens_hab_ha":377.28,"dens_dom_ha":227.18,"pct_vagos":13.4,"pct_uso_ocasional":10.7,"pct_ocupados":75.9},"geometry":{"type":"Polygon","coordinates":[[[-44.20217,-2.49838],[-44.202575,-2.498363],[-44.202687,-2.498437],[-44.202506,-2.500717],[-44.202235,-2.500652],[-44.202195,-2.500642],[-44.202179,-2.500634],[-44.202357,-2.49871],[-44.202159,-2.4987],[-44.20217,-2.49838]]]}},{"type":"Feature","properties":{"cd_setor":"211120110000240","situacao":"Urbana","bairro":"Miritiua","zona":"ZDU - A","area_m2":13691.4,"area_ha":1.369,"fonte":"IBGE, Censo 2022 — malha e agregados por setor","pessoas":527.0,"domicilios":247.0,"dom_particulares":247.0,"dom_coletivos":0.0,"moradores_por_dom":2.3,"pct_imputados":0.345,"dom_ocupados":229.0,"dom_uso_ocasional":4.0,"dom_vagos":14.0,"dens_hab_ha":384.91,"dens_dom_ha":180.4,"pct_vagos":5.7,"pct_uso_ocasional":1.6,"pct_ocupados":92.7},"geometry":{"type":"Polygon","coordinates":[[[-44.201917,-2.500549],[-44.201987,-2.499411],[-44.201343,-2.49881],[-44.201401,-2.498329],[-44.201547,-2.498345],[-44.201728,-2.498346],[-44.201908,-2.498365],[-44.201989,-2.498368],[-44.20217,-2.49838],[-44.202159,-2.4987],[-44.202357,-2.49871],[-44.202179,-2.500634],[-44.201917,-2.500549]]]}},{"type":"Feature","properties":{"cd_setor":"211120110000245","situacao":"Urbana","bairro":"Nova Terra","zona":"ZPA JENIPARANA","area_m2":4695.1,"area_ha":0.47,"fonte":"IBGE, Censo 2022 — malha e agregados por setor","pessoas":74.0,"domicilios":27.0,"dom_particulares":27.0,"dom_coletivos":0.0,"moradores_por_dom":3.1,"pct_imputados":0.2917,"dom_ocupados":24.0,"dom_uso_ocasional":0.0,"dom_vagos":3.0,"dens_hab_ha":157.61,"dens_dom_ha":57.51,"pct_vagos":11.1,"pct_uso_ocasional":0.0,"pct_ocupados":88.9},"geometry":{"type":"Polygon","coordinates":[[[-44.155616,-2.575813],[-44.155619,-2.574504],[-44.155632,-2.574466],[-44.155941,-2.574477],[-44.155914,-2.575604],[-44.155859,-2.575643],[-44.155616,-2.575813]]]}},{"type":"Feature","properties":{"cd_setor":"211120110000246","situacao":"Urbana","bairro":"Nova Terra","zona":"ZPA JENIPARANA","area_m2":16146.6,"area_ha":1.615,"fonte":"IBGE, Censo 2022 — malha e agregados por setor","pessoas":281.0,"domicilios":105.0,"dom_particulares":105.0,"dom_coletivos":0.0,"moradores_por_dom":3.1,"pct_imputados":0.0978,"dom_ocupados":92.0,"dom_uso_ocasional":6.0,"dom_vagos":7.0,"dens_hab_ha":174.03,"dens_dom_ha":65.03,"pct_vagos":6.7,"pct_uso_ocasional":5.7,"pct_ocupados":87.6},"geometry":{"type":"Polygon","coordinates":[[[-44.154776,-2.576127],[-44.154819,-2.574445],[-44.155632,-2.574466],[-44.155619,-2.574504],[-44.155616,-2.575813],[-44.155327,-2.576047],[-44.155213,-2.57615],[-44.15504,-2.576129],[-44.154776,-2.576127]]]}},{"type":"Feature","properties":{"cd_setor":"211120110000247","situacao":"Urbana","bairro":"Nova Terra","zona":"ZPA JENIPARANA","area_m2":22340.8,"area_ha":2.234,"fonte":"IBGE, Censo 2022 — malha e agregados por setor","pessoas":364.0,"domicilios":151.0,"dom_particulares":151.0,"dom_coletivos":0.0,"moradores_por_dom":2.7,"pct_imputados":0.0376,"dom_ocupados":133.0,"dom_uso_ocasional":12.0,"dom_vagos":6.0,"dens_hab_ha":162.93,"dens_dom_ha":67.59,"pct_vagos":4.0,"pct_uso_ocasional":7.9,"pct_ocupados":88.1},"geometry":{"type":"Polygon","coordinates":[[[-44.153695,-2.576099],[-44.153744,-2.574409],[-44.154819,-2.574445],[-44.154776,-2.576127],[-44.154488,-2.576118],[-44.154222,-2.576112],[-44.153963,-2.5761],[-44.153695,-2.576099]]]}},{"type":"Feature","properties":{"cd_setor":"211120110000248","situacao":"Urbana","bairro":"Nova Terra","zona":"ZPA JENIPARANA","area_m2":22514.3,"area_ha":2.251,"fonte":"IBGE, Censo 2022 — malha e agregados por setor","pessoas":397.0,"domicilios":148.0,"dom_particulares":148.0,"dom_coletivos":0.0,"moradores_por_dom":3.0,"pct_imputados":0.0597,"dom_ocupados":134.0,"dom_uso_ocasional":1.0,"dom_vagos":13.0,"dens_hab_ha":176.33,"dens_dom_ha":65.74,"pct_vagos":8.8,"pct_uso_ocasional":0.7,"pct_ocupados":90.5},"geometry":{"type":"Polygon","coordinates":[[[-44.152618,-2.576073],[-44.152652,-2.574418],[-44.152661,-2.574382],[-44.153195,-2.574398],[-44.153463,-2.574401],[-44.153744,-2.574409],[-44.153695,-2.576099],[-44.153419,-2.576089],[-44.153153,-2.576084],[-44.152883,-2.576077],[-44.152618,-2.576073]]]}},{"type":"Feature","properties":{"cd_setor":"211120110000249","situacao":"Urbana","bairro":"Nova Terra","zona":"ZPA JENIPARANA","area_m2":22455.2,"area_ha":2.246,"fonte":"IBGE, Censo 2022 — malha e agregados por setor","pessoas":390.0,"domicilios":152.0,"dom_particulares":152.0,"dom_coletivos":0.0,"moradores_por_dom":3.0,"pct_imputados":0.0687,"dom_ocupados":131.0,"dom_uso_ocasional":3.0,"dom_vagos":18.0,"dens_hab_ha":173.68,"dens_dom_ha":67.69,"pct_vagos":11.8,"pct_uso_ocasional":2.0,"pct_ocupados":86.2},"geometry":{"type":"Polygon","coordinates":[[[-44.151537,-2.576046],[-44.151546,-2.575675],[-44.15157,-2.574663],[-44.151577,-2.574346],[-44.151847,-2.574356],[-44.152109,-2.574364],[-44.152383,-2.574371],[-44.1524,-2.574372],[-44.152661,-2.574382],[-44.152652,-2.574418],[-44.152618,-2.576073],[-44.152341,-2.576061],[-44.152075,-2.576054],[-44.151811,-2.576051],[-44.151537,-2.576046]]]}},{"type":"Feature","properties":{"cd_setor":"211120110000250","situacao":"Urbana","bairro":"Nova Terra","zona":"ZPA JENIPARANA","area_m2":22493.2,"area_ha":2.249,"fonte":"IBGE, Censo 2022 — malha e agregados por setor","pessoas":378.0,"domicilios":148.0,"dom_particulares":148.0,"dom_coletivos":0.0,"moradores_por_dom":2.8,"pct_imputados":0.1504,"dom_ocupados":133.0,"dom_uso_ocasional":0.0,"dom_vagos":15.0,"dens_hab_ha":168.05,"dens_dom_ha":65.8,"pct_vagos":10.1,"pct_uso_ocasional":0.0,"pct_ocupados":89.9},"geometry":{"type":"Polygon","coordinates":[[[-44.15046,-2.57602],[-44.15047,-2.575537],[-44.150482,-2.574988],[-44.150489,-2.574693],[-44.150496,-2.574374],[-44.150509,-2.574331],[-44.150778,-2.574339],[-44.151043,-2.574339],[-44.151315,-2.574343],[-44.151577,-2.574346],[-44.15157,-2.574663],[-44.151546,-2.575675],[-44.151537,-2.576046],[-44.15127,-2.57604],[-44.15099,-2.576035],[-44.150722,-2.576029],[-44.15046,-2.57602]]]}},{"type":"Feature","properties":{"cd_setor":"211120110000251","situacao":"Urbana","bairro":"Nova Terra","zona":"ZPA JENIPARANA","area_m2":28707.4,"area_ha":2.871,"fonte":"IBGE, Censo 2022 — malha e agregados por setor","pessoas":317.0,"domicilios":142.0,"dom_particulares":142.0,"dom_coletivos":0.0,"moradores_por_dom":3.0,"pct_imputados":0.1038,"dom_ocupados":106.0,"dom_uso_ocasional":3.0,"dom_vagos":33.0,"dens_hab_ha":110.42,"dens_dom_ha":49.46,"pct_vagos":23.2,"pct_uso_ocasional":2.1,"pct_ocupados":74.6},"geometry":{"type":"Polygon","coordinates":[[[-44.15046,-2.57602],[-44.150184,-2.576007],[-44.14991,-2.575996],[-44.149644,-2.575994],[-44.149377,-2.575986],[-44.14929,-2.575984],[-44.148896,-2.57432],[-44.148866,-2.574289],[-44.149431,-2.574306],[-44.149698,-2.574315],[-44.149963,-2.574322],[-44.150239,-2.574329],[-44.150414,-2.574331],[-44.150509,-2.574331],[-44.150496,-2.574374],[-44.150489,-2.574693],[-44.150482,-2.574988],[-44.15047,-2.575537],[-44.15046,-2.57602]]]}},{"type":"Feature","properties":{"cd_setor":"211120110000252","situacao":"Urbana","bairro":"Nova Terra","zona":"ZPA JENIPARANA","area_m2":23197.9,"area_ha":2.32,"fonte":"IBGE, Censo 2022 — malha e agregados por setor","pessoas":408.0,"domicilios":149.0,"dom_particulares":149.0,"dom_coletivos":0.0,"moradores_por_dom":3.1,"pct_imputados":0.0611,"dom_ocupados":131.0,"dom_uso_ocasional":5.0,"dom_vagos":13.0,"dens_hab_ha":175.88,"dens_dom_ha":64.23,"pct_vagos":8.7,"pct_uso_ocasional":3.4,"pct_ocupados":87.9},"geometry":{"type":"Polygon","coordinates":[[[-44.154819,-2.574445],[-44.154835,-2.573801],[-44.154859,-2.572773],[-44.155135,-2.572777],[-44.155399,-2.572785],[-44.155672,-2.57279],[-44.155987,-2.572789],[-44.155941,-2.574477],[-44.155632,-2.574466],[-44.154819,-2.574445]]]}},{"type":"Feature","properties":{"cd_setor":"211120110000253","situacao":"Urbana","bairro":"Nova Terra","zona":"ZPA JENIPARANA","area_m2":22005.6,"area_ha":2.201,"fonte":"IBGE, Censo 2022 — malha e agregados por setor","pessoas":407.0,"domicilios":152.0,"dom_particulares":152.0,"dom_coletivos":0.0,"moradores_por_dom":3.1,"pct_imputados":0.0226,"dom_ocupados":133.0,"dom_uso_ocasional":7.0,"dom_vagos":12.0,"dens_hab_ha":184.95,"dens_dom_ha":69.07,"pct_vagos":7.9,"pct_uso_ocasional":4.6,"pct_ocupados":87.5},"geometry":{"type":"Polygon","coordinates":[[[-44.153744,-2.574409],[-44.15379,-2.572744],[-44.154038,-2.57275],[-44.154317,-2.572761],[-44.15458,-2.572767],[-44.154859,-2.572773],[-44.154835,-2.573801],[-44.154819,-2.574445],[-44.153744,-2.574409]]]}},{"type":"Feature","properties":{"cd_setor":"211120110000254","situacao":"Urbana","bairro":"","zona":"ZPA JENIPARANA","area_m2":22366.6,"area_ha":2.237,"fonte":"IBGE, Censo 2022 — malha e agregados por setor","pessoas":348.0,"domicilios":151.0,"dom_particulares":151.0,"dom_coletivos":0.0,"moradores_por_dom":2.7,"pct_imputados":0.0866,"dom_ocupados":127.0,"dom_uso_ocasional":8.0,"dom_vagos":16.0,"dens_hab_ha":155.59,"dens_dom_ha":67.51,"pct_vagos":10.6,"pct_uso_ocasional":5.3,"pct_ocupados":84.1},"geometry":{"type":"Polygon","coordinates":[[[-44.152661,-2.574382],[-44.152692,-2.572715],[-44.152981,-2.572725],[-44.153246,-2.572729],[-44.153508,-2.572734],[-44.153773,-2.572743],[-44.15379,-2.572744],[-44.153744,-2.574409],[-44.153463,-2.574401],[-44.153195,-2.574398],[-44.152661,-2.574382]]]}},{"type":"Feature","properties":{"cd_setor":"211120110000255","situacao":"Urbana","bairro":"","zona":"ZPA JENIPARANA","area_m2":21949.7,"area_ha":2.195,"fonte":"IBGE, Censo 2022 — malha e agregados por setor","pessoas":383.0,"domicilios":150.0,"dom_particulares":150.0,"dom_coletivos":0.0,"moradores_por_dom":2.9,"pct_imputados":0.0229,"dom_ocupados":131.0,"dom_uso_ocasional":4.0,"dom_vagos":15.0,"dens_hab_ha":174.49,"dens_dom_ha":68.34,"pct_vagos":10.0,"pct_uso_ocasional":2.7,"pct_ocupados":87.3},"geometry":{"type":"Polygon","coordinates":[[[-44.151577,-2.574346],[-44.151581,-2.574186],[-44.151626,-2.572689],[-44.151648,-2.572694],[-44.151897,-2.5727],[-44.152159,-2.572706],[-44.152435,-2.572711],[-44.152692,-2.572715],[-44.152661,-2.574382],[-44.1524,-2.574372],[-44.152383,-2.574371],[-44.152109,-2.574364],[-44.151847,-2.574356],[-44.151577,-2.574346]]]}},{"type":"Feature","properties":{"cd_setor":"211120110000256","situacao":"Urbana","bairro":"","zona":"ZPA JENIPARANA","area_m2":22066.5,"area_ha":2.207,"fonte":"IBGE, Censo 2022 — malha e agregados por setor","pessoas":382.0,"domicilios":145.0,"dom_particulares":145.0,"dom_coletivos":0.0,"moradores_por_dom":2.9,"pct_imputados":0.0376,"dom_ocupados":133.0,"dom_uso_ocasional":4.0,"dom_vagos":8.0,"dens_hab_ha":173.11,"dens_dom_ha":65.71,"pct_vagos":5.5,"pct_uso_ocasional":2.8,"pct_ocupados":91.7},"geometry":{"type":"Polygon","coordinates":[[[-44.150509,-2.574331],[-44.150546,-2.572653],[-44.150808,-2.572659],[-44.151077,-2.57267],[-44.151091,-2.57267],[-44.151342,-2.572679],[-44.151361,-2.572679],[-44.151612,-2.572685],[-44.151626,-2.572689],[-44.151581,-2.574186],[-44.151577,-2.574346],[-44.151315,-2.574343],[-44.151043,-2.574339],[-44.150778,-2.574339],[-44.150509,-2.574331]]]}},{"type":"Feature","properties":{"cd_setor":"211120110000257","situacao":"Urbana","bairro":"","zona":"ZPA JENIPARANA","area_m2":34042.9,"area_ha":3.404,"fonte":"IBGE, Censo 2022 — malha e agregados por setor","pessoas":604.0,"domicilios":233.0,"dom_particulares":233.0,"dom_coletivos":0.0,"moradores_por_dom":2.9,"pct_imputados":0.0966,"dom_ocupados":207.0,"dom_uso_ocasional":7.0,"dom_vagos":19.0,"dens_hab_ha":177.42,"dens_dom_ha":68.44,"pct_vagos":8.2,"pct_uso_ocasional":3.0,"pct_ocupados":88.8},"geometry":{"type":"Polygon","coordinates":[[[-44.148866,-2.574289],[-44.148868,-2.574138],[-44.14889,-2.572644],[-44.148896,-2.572609],[-44.149191,-2.572622],[-44.149459,-2.572633],[-44.149729,-2.572636],[-44.150001,-2.572643],[-44.150285,-2.572649],[-44.150546,-2.572653],[-44.150509,-2.574331],[-44.150414,-2.574331],[-44.150239,-2.574329],[-44.149963,-2.574322],[-44.149698,-2.574315],[-44.149431,-2.574306],[-44.148866,-2.574289]]]}},{"type":"Feature","properties":{"cd_setor":"211120110000258","situacao":"Urbana","bairro":"","zona":"ZPA JENIPARANA","area_m2":23207.5,"area_ha":2.321,"fonte":"IBGE, Censo 2022 — malha e agregados por setor","pessoas":443.0,"domicilios":151.0,"dom_particulares":151.0,"dom_coletivos":0.0,"moradores_por_dom":3.3,"pct_imputados":0.0827,"dom_ocupados":133.0,"dom_uso_ocasional":7.0,"dom_vagos":11.0,"dens_hab_ha":190.89,"dens_dom_ha":65.07,"pct_vagos":7.3,"pct_uso_ocasional":4.6,"pct_ocupados":88.1},"geometry":{"type":"Polygon","coordinates":[[[-44.154859,-2.572773],[-44.154899,-2.57113],[-44.154894,-2.571094],[-44.155159,-2.571099],[-44.155446,-2.571104],[-44.155708,-2.571108],[-44.156019,-2.571117],[-44.155987,-2.572789],[-44.155672,-2.57279],[-44.155399,-2.572785],[-44.155135,-2.572777],[-44.154859,-2.572773]]]}},{"type":"Feature","properties":{"cd_setor":"211120110000259","situacao":"Urbana","bairro":"","zona":"ZPA JENIPARANA","area_m2":22375.8,"area_ha":2.238,"fonte":"IBGE, Censo 2022 — malha e agregados por setor","pessoas":319.0,"domicilios":143.0,"dom_particulares":143.0,"dom_coletivos":0.0,"moradores_por_dom":2.9,"pct_imputados":0.0273,"dom_ocupados":110.0,"dom_uso_ocasional":20.0,"dom_vagos":13.0,"dens_hab_ha":142.56,"dens_dom_ha":63.91,"pct_vagos":9.1,"pct_uso_ocasional":14.0,"pct_ocupados":76.9},"geometry":{"type":"Polygon","coordinates":[[[-44.153773,-2.572743],[-44.153825,-2.571061],[-44.154085,-2.571068],[-44.154355,-2.571076],[-44.154613,-2.571082],[-44.154627,-2.571083],[-44.154894,-2.571094],[-44.154899,-2.57113],[-44.154859,-2.572773],[-44.15458,-2.572767],[-44.154317,-2.572761],[-44.154038,-2.57275],[-44.15379,-2.572744],[-44.153773,-2.572743]]]}},{"type":"Feature","properties":{"cd_setor":"211120110000260","situacao":"Urbana","bairro":"","zona":"ZPA JENIPARANA","area_m2":44156.5,"area_ha":4.416,"fonte":"IBGE, Censo 2022 — malha e agregados por setor","pessoas":275.0,"domicilios":142.0,"dom_particulares":142.0,"dom_coletivos":0.0,"moradores_por_dom":3.2,"pct_imputados":0.069,"dom_ocupados":87.0,"dom_uso_ocasional":21.0,"dom_vagos":34.0,"dens_hab_ha":62.28,"dens_dom_ha":32.16,"pct_vagos":23.9,"pct_uso_ocasional":14.8,"pct_ocupados":61.3},"geometry":{"type":"Polygon","coordinates":[[[-44.151648,-2.572694],[-44.151681,-2.571004],[-44.152734,-2.571038],[-44.153009,-2.571047],[-44.153277,-2.57105],[-44.153559,-2.571057],[-44.153825,-2.571061],[-44.153773,-2.572743],[-44.153508,-2.572734],[-44.153246,-2.572729],[-44.152981,-2.572725],[-44.152692,-2.572715],[-44.152435,-2.572711],[-44.152159,-2.572706],[-44.151897,-2.5727],[-44.151648,-2.572694]]]}},{"type":"Feature","properties":{"cd_setor":"211120110000261","situacao":"Urbana","bairro":"","zona":"ZPA JENIPARANA","area_m2":22386.8,"area_ha":2.239,"fonte":"IBGE, Censo 2022 — malha e agregados por setor","pessoas":346.0,"domicilios":139.0,"dom_particulares":139.0,"dom_coletivos":0.0,"moradores_por_dom":3.0,"pct_imputados":0.0684,"dom_ocupados":117.0,"dom_uso_ocasional":13.0,"dom_vagos":9.0,"dens_hab_ha":154.56,"dens_dom_ha":62.09,"pct_vagos":6.5,"pct_uso_ocasional":9.4,"pct_ocupados":84.2},"geometry":{"type":"Polygon","coordinates":[[[-44.150546,-2.572653],[-44.150617,-2.570976],[-44.150869,-2.570984],[-44.151135,-2.57099],[-44.15141,-2.570997],[-44.151681,-2.571004],[-44.151648,-2.572694],[-44.151626,-2.572689],[-44.151612,-2.572685],[-44.151361,-2.572679],[-44.151342,-2.572679],[-44.151091,-2.57267],[-44.151077,-2.57267],[-44.150808,-2.572659],[-44.150546,-2.572653]]]}},{"type":"Feature","properties":{"cd_setor":"211120110000262","situacao":"Urbana","bairro":"","zona":"ZPA JENIPARANA","area_m2":22673.0,"area_ha":2.267,"fonte":"IBGE, Censo 2022 — malha e agregados por setor","pessoas":389.0,"domicilios":152.0,"dom_particulares":152.0,"dom_coletivos":0.0,"moradores_por_dom":2.9,"pct_imputados":0.0301,"dom_ocupados":133.0,"dom_uso_ocasional":7.0,"dom_vagos":12.0,"dens_hab_ha":171.57,"dens_dom_ha":67.04,"pct_vagos":7.9,"pct_uso_ocasional":4.6,"pct_ocupados":87.5},"geometry":{"type":"Polygon","coordinates":[[[-44.149459,-2.572633],[-44.149518,-2.570983],[-44.149513,-2.570938],[-44.149778,-2.570946],[-44.150055,-2.570955],[-44.150322,-2.570966],[-44.150351,-2.570967],[-44.1506,-2.570975],[-44.150617,-2.570976],[-44.150546,-2.572653],[-44.150285,-2.572649],[-44.150001,-2.572643],[-44.149729,-2.572636],[-44.149459,-2.572633]]]}},{"type":"Feature","properties":{"cd_setor":"211120110000263","situacao":"Urbana","bairro":"","zona":"ZPA JENIPARANA","area_m2":23734.4,"area_ha":2.373,"fonte":"IBGE, Censo 2022 — malha e agregados por setor","pessoas":389.0,"domicilios":141.0,"dom_particulares":141.0,"dom_coletivos":0.0,"moradores_por_dom":3.2,"pct_imputados":0.0574,"dom_ocupados":122.0,"dom_uso_ocasional":1.0,"dom_vagos":18.0,"dens_hab_ha":163.9,"dens_dom_ha":59.41,"pct_vagos":12.8,"pct_uso_ocasional":0.7,"pct_ocupados":86.5},"geometry":{"type":"Polygon","coordinates":[[[-44.148896,-2.572609],[-44.148424,-2.5726],[-44.148328,-2.572222],[-44.148348,-2.570913],[-44.148608,-2.570918],[-44.148935,-2.570924],[-44.149242,-2.57093],[-44.149513,-2.570938],[-44.149518,-2.570983],[-44.149459,-2.572633],[-44.149191,-2.572622],[-44.148896,-2.572609]]]}},{"type":"Feature","properties":{"cd_setor":"211120110000266","situacao":"Urbana","bairro":"Nova Terra","zona":"ZPA JENIPARANA","area_m2":26436.2,"area_ha":2.644,"fonte":"IBGE, Censo 2022 — malha e agregados por setor","pessoas":345.0,"domicilios":143.0,"dom_particulares":143.0,"dom_coletivos":0.0,"moradores_por_dom":2.7,"pct_imputados":0.0157,"dom_ocupados":127.0,"dom_uso_ocasional":3.0,"dom_vagos":13.0,"dens_hab_ha":130.5,"dens_dom_ha":54.09,"pct_vagos":9.1,"pct_uso_ocasional":2.1,"pct_ocupados":88.8},"geometry":{"type":"Polygon","coordinates":[[[-44.154894,-2.571094],[-44.154898,-2.570975],[-44.154921,-2.570364],[-44.154943,-2.569768],[-44.154952,-2.569511],[-44.154965,-2.569176],[-44.155505,-2.569181],[-44.156077,-2.569197],[-44.156019,-2.571117],[-44.155708,-2.571108],[-44.155446,-2.571104],[-44.155159,-2.571099],[-44.154894,-2.571094]]]}},{"type":"Feature","properties":{"cd_setor":"211120110000267","situacao":"Urbana","bairro":"Nova Terra","zona":"ZPA JENIPARANA","area_m2":25643.2,"area_ha":2.564,"fonte":"IBGE, Censo 2022 — malha e agregados por setor","pessoas":362.0,"domicilios":147.0,"dom_particulares":147.0,"dom_coletivos":0.0,"moradores_por_dom":3.0,"pct_imputados":0.0744,"dom_ocupados":121.0,"dom_uso_ocasional":11.0,"dom_vagos":15.0,"dens_hab_ha":141.17,"dens_dom_ha":57.33,"pct_vagos":10.2,"pct_uso_ocasional":7.5,"pct_ocupados":82.3},"geometry":{"type":"Polygon","coordinates":[[[-44.153825,-2.571061],[-44.153861,-2.569476],[-44.153871,-2.56913],[-44.153901,-2.569131],[-44.154403,-2.569149],[-44.154965,-2.569176],[-44.154952,-2.569511],[-44.154943,-2.569768],[-44.154921,-2.570364],[-44.154898,-2.570975],[-44.154894,-2.571094],[-44.154627,-2.571083],[-44.154613,-2.571082],[-44.154355,-2.571076],[-44.154085,-2.571068],[-44.153825,-2.571061]]]}},{"type":"Feature","properties":{"cd_setor":"211120110000269","situacao":"Urbana","bairro":"Maiobinha","zona":"ZEU","area_m2":24754.0,"area_ha":2.475,"fonte":"IBGE, Censo 2022 — malha e agregados por setor","pessoas":313.0,"domicilios":119.0,"dom_particulares":119.0,"dom_coletivos":0.0,"moradores_por_dom":3.1,"pct_imputados":0.06,"dom_ocupados":100.0,"dom_uso_ocasional":6.0,"dom_vagos":13.0,"dens_hab_ha":126.44,"dens_dom_ha":48.07,"pct_vagos":10.9,"pct_uso_ocasional":5.0,"pct_ocupados":84.0},"geometry":{"type":"Polygon","coordinates":[[[-44.196597,-2.558226],[-44.196596,-2.55815],[-44.198241,-2.558219],[-44.199008,-2.558249],[-44.199077,-2.55829],[-44.199211,-2.558371],[-44.198884,-2.558465],[-44.198515,-2.55908],[-44.198459,-2.559172],[-44.196578,-2.559044],[-44.196585,-2.558549],[-44.196597,-2.558226]]]}},{"type":"Feature","properties":{"cd_setor":"211120110000270","situacao":"Rural","bairro":"Guarapiranga","zona":"ZPA SAO PAULO","area_m2":888224.6,"area_ha":88.822,"fonte":"IBGE, Censo 2022 — malha e agregados por setor","pessoas":237.0,"domicilios":127.0,"dom_particulares":127.0,"dom_coletivos":0.0,"moradores_por_dom":2.9,"pct_imputados":0.1235,"dom_ocupados":81.0,"dom_uso_ocasional":18.0,"dom_vagos":28.0,"dens_hab_ha":2.67,"dens_dom_ha":1.43,"pct_vagos":22.0,"pct_uso_ocasional":14.2,"pct_ocupados":63.8},"geometry":{"type":"Polygon","coordinates":[[[-44.136947,-2.67479],[-44.137775,-2.674287],[-44.138467,-2.673447],[-44.13914,-2.673364],[-44.141397,-2.673941],[-44.141949,-2.673466],[-44.142064,-2.673004],[-44.142218,-2.672222],[-44.142423,-2.671799],[-44.142808,-2.671953],[-44.143776,-2.672376],[-44.144276,-2.672645],[-44.144443,-2.672767],[-44.144642,-2.672517],[-44.144969,-2.672761],[-44.145238,-2.672966],[-44.145174,-2.673255],[-44.145154,-2.673511],[-44.145269,-2.674046],[-44.144936,-2.674692],[-44.144301,-2.674685],[-44.144211,-2.675301],[-44.144115,-2.676327],[-44.144384,-2.676859],[-44.144602,-2.677263],[-44.145025,-2.677673],[-44.145032,-2.677692],[-44.145224,-2.678115],[-44.145352,-2.678801],[-44.145519,-2.679507],[-44.145936,-2.680231],[-44.146026,-2.680372],[-44.146282,-2.680674],[-44.146622,-2.680956],[-44.146601,-2.682671],[-44.145571,-2.682522],[-44.145507,-2.682479],[-44.144493,-2.682263],[-44.143252,-2.682051],[-44.142183,-2.681968],[-44.140942,-2.68207],[-44.1409,-2.68207],[-44.140263,-2.682061],[-44.1398,-2.681995],[-44.139305,-2.68194],[-44.138833,-2.681884],[-44.138436,-2.681873],[-44.138021,-2.681826],[-44.137587,-2.681636],[-44.137233,-2.681282],[-44.137067,-2.680872],[-44.137067,-2.680828],[-44.136982,-2.680343],[-44.136982,-2.68031],[-44.136938,-2.679879],[-44.137048,-2.679163],[-44.137048,-2.678734],[-44.137068,-2.67814],[-44.137167,-2.67729],[-44.137139,-2.676372],[-44.137129,-2.676352],[-44.137129,-2.676303],[-44.137101,-2.67558],[-44.136947,-2.67479]]]}},{"type":"Feature","properties":{"cd_setor":"211120110000273","situacao":"Urbana","bairro":"Parque Das Palmeiras","zona":"ZEU","area_m2":152974.3,"area_ha":15.297,"fonte":"IBGE, Censo 2022 — malha e agregados por setor","pessoas":650.0,"domicilios":237.0,"dom_particulares":237.0,"dom_coletivos":0.0,"moradores_por_dom":3.2,"pct_imputados":0.0443,"dom_ocupados":203.0,"dom_uso_ocasional":9.0,"dom_vagos":25.0,"dens_hab_ha":42.49,"dens_dom_ha":15.49,"pct_vagos":10.5,"pct_uso_ocasional":3.8,"pct_ocupados":85.7},"geometry":{"type":"Polygon","coordinates":[[[-44.185677,-2.515687],[-44.18569,-2.515605],[-44.186047,-2.51328],[-44.186145,-2.512533],[-44.186334,-2.511209],[-44.186352,-2.511211],[-44.187338,-2.511328],[-44.190058,-2.511655],[-44.189982,-2.512117],[-44.189901,-2.51273],[-44.189791,-2.513429],[-44.189691,-2.514104],[-44.18962,-2.514511],[-44.188932,-2.514418],[-44.188656,-2.514376],[-44.188201,-2.51431],[-44.186965,-2.514125],[-44.186713,-2.51585],[-44.185677,-2.515687]]]}},{"type":"Feature","properties":{"cd_setor":"211120110000274","situacao":"Rural","bairro":"Santa Maria","zona":"ZRBJJ","area_m2":1404606.2,"area_ha":140.461,"fonte":"IBGE, Censo 2022 — malha e agregados por setor","pessoas":333.0,"domicilios":166.0,"dom_particulares":166.0,"dom_coletivos":0.0,"moradores_por_dom":3.5,"pct_imputados":0.0104,"dom_ocupados":96.0,"dom_uso_ocasional":36.0,"dom_vagos":34.0,"dens_hab_ha":2.37,"dens_dom_ha":1.18,"pct_vagos":20.5,"pct_uso_ocasional":21.7,"pct_ocupados":57.8},"geometry":{"type":"Polygon","coordinates":[[[-44.175593,-2.650377],[-44.175517,-2.650416],[-44.175396,-2.650545],[-44.175307,-2.650725],[-44.175216,-2.650912],[-44.175181,-2.651166],[-44.173579,-2.651123],[-44.172111,-2.651117],[-44.170328,-2.651168],[-44.169989,-2.651392],[-44.169873,-2.651803],[-44.169719,-2.652008],[-44.169322,-2.652194],[-44.168841,-2.652264],[-44.168238,-2.652283],[-44.167902,-2.652168],[-44.167858,-2.652287],[-44.167852,-2.652378],[-44.167894,-2.652519],[-44.168001,-2.652675],[-44.168102,-2.652806],[-44.168172,-2.652897],[-44.168172,-2.653064],[-44.16814,-2.653269],[-44.165287,-2.653705],[-44.1653,-2.65275],[-44.164935,-2.652166],[-44.165249,-2.651852],[-44.165524,-2.651615],[-44.165807,-2.651294],[-44.166025,-2.65116],[-44.163851,-2.649788],[-44.16446,-2.648807],[-44.162607,-2.647691],[-44.163761,-2.646428],[-44.164537,-2.645588],[-44.165364,-2.644588],[-44.165492,-2.644783],[-44.165704,-2.645011],[-44.165867,-2.645392],[-44.165874,-2.645639],[-44.166044,-2.645764],[-44.166393,-2.645944],[-44.166679,-2.645617],[-44.167066,-2.645059],[-44.167281,-2.644777],[-44.167506,-2.644588],[-44.167621,-2.644533],[-44.1679,-2.644444],[-44.168455,-2.644232],[-44.16992,-2.643639],[-44.171112,-2.643139],[-44.171853,-2.642796],[-44.172696,-2.642318],[-44.173154,-2.64201],[-44.174001,-2.641459],[-44.174841,-2.640869],[-44.175251,-2.64059],[-44.175427,-2.640427],[-44.175681,-2.640096],[-44.175759,-2.639979],[-44.175803,-2.640071],[-44.175879,-2.640228],[-44.175943,-2.640387],[-44.176067,-2.640701],[-44.176103,-2.640791],[-44.176154,-2.640907],[-44.17619,-2.641001],[-44.176224,-2.641081],[-44.176282,-2.641205],[-44.17632,-2.641283],[-44.176367,-2.641388],[-44.176402,-2.641487],[-44.176435,-2.641632],[-44.176485,-2.641786],[-44.176535,-2.641905],[-44.176612,-2.642072],[-44.176684,-2.642282],[-44.176741,-2.642449],[-44.176797,-2.642589],[-44.17687,-2.642774],[-44.176955,-2.642987],[-44.177084,-2.64333],[-44.177216,-2.643659],[-44.177325,-2.643931],[-44.177375,-2.644061],[-44.177442,-2.644203],[-44.177506,-2.644337],[-44.177543,-2.644477],[-44.177632,-2.644699],[-44.177689,-2.644839],[-44.177731,-2.644922],[-44.177744,-2.64495],[-44.177758,-2.644993],[-44.177768,-2.645036],[-44.177803,-2.645135],[-44.177852,-2.645227],[-44.177882,-2.6453],[-44.177901,-2.645384],[-44.177908,-2.645437],[-44.177986,-2.64541],[-44.17808,-2.645384],[-44.178145,-2.645378],[-44.178178,-2.64538],[-44.178202,-2.645387],[-44.17823,-2.645413],[-44.17825,-2.645424],[-44.178256,-2.645433],[-44.178258,-2.645447],[-44.178255,-2.645479],[-44.178265,-2.645532],[-44.178277,-2.64556],[-44.178294,-2.645586],[-44.178349,-2.645635],[-44.178376,-2.64568],[-44.178396,-2.645746],[-44.178407,-2.64577],[-44.178423,-2.645853],[-44.178427,-2.645879],[-44.178422,-2.645907],[-44.178411,-2.645924],[-44.178383,-2.645935],[-44.178349,-2.645947],[-44.178302,-2.645963],[-44.178251,-2.645995],[-44.17822,-2.646033],[-44.178197,-2.64608],[-44.178192,-2.646132],[-44.17819,-2.646186],[-44.178178,-2.646228],[-44.178171,-2.646269],[-44.178191,-2.646332],[-44.17823,-2.64638],[-44.178281,-2.64642],[-44.178334,-2.646462],[-44.1784,-2.646542],[-44.178453,-2.646639],[-44.178473,-2.646694],[-44.178487,-2.646735],[-44.178504,-2.646798],[-44.178501,-2.64683],[-44.178494,-2.646923],[-44.178484,-2.646974],[-44.178462,-2.647045],[-44.178432,-2.647117],[-44.178389,-2.647191],[-44.178331,-2.647287],[-44.178289,-2.647363],[-44.178232,-2.647449],[-44.178168,-2.64759],[-44.178137,-2.647648],[-44.178089,-2.647706],[-44.178024,-2.647769],[-44.177892,-2.647828],[-44.177875,-2.647835],[-44.177816,-2.647859],[-44.177787,-2.647905],[-44.177766,-2.647955],[-44.177765,-2.648025],[-44.177753,-2.648089],[-44.177715,-2.648189],[-44.177658,-2.64829],[-44.177594,-2.64843],[-44.177587,-2.648466],[-44.177577,-2.648516],[-44.177521,-2.648806],[-44.177491,-2.649174],[-44.177484,-2.649205],[-44.177382,-2.649496],[-44.177316,-2.649597],[-44.177087,-2.649802],[-44.177016,-2.649843],[-44.176708,-2.650005],[-44.176657,-2.650032],[-44.176619,-2.650059],[-44.176401,-2.65013],[-44.175931,-2.650278],[-44.175721,-2.650328],[-44.175593,-2.650377]]]}},{"type":"Feature","properties":{"cd_setor":"211120110000275","situacao":"Urbana","bairro":"Miritiua","zona":"ZDU - A","area_m2":174078.0,"area_ha":17.408,"fonte":"IBGE, Censo 2022 — malha e agregados por setor","pessoas":729.0,"domicilios":259.0,"dom_particulares":259.0,"dom_coletivos":0.0,"moradores_por_dom":3.1,"pct_imputados":0.0126,"dom_ocupados":238.0,"dom_uso_ocasional":10.0,"dom_vagos":11.0,"dens_hab_ha":41.88,"dens_dom_ha":14.88,"pct_vagos":4.2,"pct_uso_ocasional":3.9,"pct_ocupados":91.9},"geometry":{"type":"Polygon","coordinates":[[[-44.198073,-2.494559],[-44.200014,-2.494644],[-44.200023,-2.494039],[-44.201434,-2.494083],[-44.202861,-2.494134],[-44.202861,-2.494356],[-44.202858,-2.494585],[-44.202815,-2.494718],[-44.202809,-2.494774],[-44.202797,-2.495022],[-44.202777,-2.495383],[-44.202818,-2.495588],[-44.202821,-2.495841],[-44.202792,-2.496027],[-44.20281,-2.496208],[-44.202806,-2.496493],[-44.202793,-2.496668],[-44.202674,-2.497003],[-44.202655,-2.497225],[-44.202637,-2.49746],[-44.202638,-2.497647],[-44.202638,-2.498121],[-44.202577,-2.498353],[-44.202575,-2.498363],[-44.20217,-2.49838],[-44.201989,-2.498368],[-44.201908,-2.498365],[-44.201728,-2.498346],[-44.201547,-2.498345],[-44.201401,-2.498329],[-44.201273,-2.498323],[-44.200471,-2.497553],[-44.200053,-2.497176],[-44.199868,-2.496983],[-44.199524,-2.496669],[-44.199248,-2.49643],[-44.19866,-2.495864],[-44.19832,-2.495637],[-44.197981,-2.495545],[-44.198014,-2.495201],[-44.198073,-2.494559]]]}},{"type":"Feature","properties":{"cd_setor":"211120110000279","situacao":"Urbana","bairro":"Araçagy","zona":"ZDU - A","area_m2":556248.3,"area_ha":55.625,"fonte":"IBGE, Censo 2022 — malha e agregados por setor","pessoas":190.0,"domicilios":101.0,"dom_particulares":101.0,"dom_coletivos":0.0,"moradores_por_dom":2.5,"pct_imputados":0.0132,"dom_ocupados":76.0,"dom_uso_ocasional":9.0,"dom_vagos":16.0,"dens_hab_ha":3.42,"dens_dom_ha":1.82,"pct_vagos":15.8,"pct_uso_ocasional":8.9,"pct_ocupados":75.2},"geometry":{"type":"Polygon","coordinates":[[[-44.198996,-2.477065],[-44.199229,-2.47452],[-44.199563,-2.46985],[-44.199626,-2.469087],[-44.201133,-2.469199],[-44.201274,-2.467413],[-44.201414,-2.464957],[-44.201481,-2.464051],[-44.202177,-2.464245],[-44.203154,-2.464532],[-44.203887,-2.464961],[-44.20401,-2.465094],[-44.20401,-2.465291],[-44.204029,-2.465463],[-44.204042,-2.465576],[-44.204162,-2.465926],[-44.204369,-2.466277],[-44.204528,-2.466436],[-44.204709,-2.466617],[-44.204741,-2.466628],[-44.205135,-2.467001],[-44.205421,-2.467284],[-44.204459,-2.468672],[-44.204191,-2.469041],[-44.204023,-2.469321],[-44.203921,-2.469531],[-44.203803,-2.469855],[-44.203611,-2.470356],[-44.203066,-2.471877],[-44.202952,-2.472224],[-44.20289,-2.472427],[-44.202875,-2.472666],[-44.202836,-2.473288],[-44.202815,-2.473918],[-44.202726,-2.477245],[-44.202306,-2.477237],[-44.201902,-2.477231],[-44.201694,-2.477237],[-44.200687,-2.477149],[-44.199773,-2.4771],[-44.198997,-2.477065],[-44.198996,-2.477065]]]}},{"type":"Feature","properties":{"cd_setor":"211120110000281","situacao":"Urbana","bairro":"Maiobinha","zona":"ZEU","area_m2":136158.8,"area_ha":13.616,"fonte":"IBGE, Censo 2022 — malha e agregados por setor","pessoas":690.0,"domicilios":279.0,"dom_particulares":279.0,"dom_coletivos":0.0,"moradores_por_dom":3.2,"pct_imputados":0.0459,"dom_ocupados":218.0,"dom_uso_ocasional":18.0,"dom_vagos":43.0,"dens_hab_ha":50.68,"dens_dom_ha":20.49,"pct_vagos":15.4,"pct_uso_ocasional":6.5,"pct_ocupados":78.1},"geometry":{"type":"Polygon","coordinates":[[[-44.19657,-2.559588],[-44.196576,-2.559307],[-44.196578,-2.559044],[-44.198459,-2.559172],[-44.198264,-2.559464],[-44.198218,-2.559531],[-44.197934,-2.559883],[-44.197377,-2.560452],[-44.197757,-2.560493],[-44.198401,-2.560472],[-44.198736,-2.560486],[-44.198733,-2.560108],[-44.199527,-2.560087],[-44.199763,-2.560067],[-44.200112,-2.560049],[-44.200914,-2.559919],[-44.201789,-2.559743],[-44.201872,-2.560192],[-44.202064,-2.561224],[-44.202117,-2.561492],[-44.202243,-2.562121],[-44.201766,-2.562069],[-44.200571,-2.561923],[-44.200409,-2.561907],[-44.200153,-2.561864],[-44.198973,-2.561748],[-44.198845,-2.561744],[-44.198749,-2.561742],[-44.198664,-2.561734],[-44.198647,-2.561732],[-44.198299,-2.561683],[-44.197686,-2.561606],[-44.196672,-2.561469],[-44.195897,-2.561411],[-44.196303,-2.560835],[-44.196415,-2.560599],[-44.196475,-2.560427],[-44.196523,-2.560175],[-44.196565,-2.559831],[-44.19657,-2.559588]]]}},{"type":"Feature","properties":{"cd_setor":"211120110000282","situacao":"Urbana","bairro":"Maiobinha","zona":"ZEU","area_m2":67722.5,"area_ha":6.772,"fonte":"IBGE, Censo 2022 — malha e agregados por setor","pessoas":403.0,"domicilios":142.0,"dom_particulares":142.0,"dom_coletivos":0.0,"moradores_por_dom":3.4,"pct_imputados":0.0508,"dom_ocupados":118.0,"dom_uso_ocasional":5.0,"dom_vagos":19.0,"dens_hab_ha":59.51,"dens_dom_ha":20.97,"pct_vagos":13.4,"pct_uso_ocasional":3.5,"pct_ocupados":83.1},"geometry":{"type":"Polygon","coordinates":[[[-44.203148,-2.566139],[-44.203067,-2.566092],[-44.202983,-2.566025],[-44.202796,-2.565837],[-44.202664,-2.565711],[-44.20246,-2.565516],[-44.202215,-2.565282],[-44.201935,-2.565015],[-44.201708,-2.5648],[-44.201593,-2.564695],[-44.201542,-2.564652],[-44.201755,-2.564469],[-44.201979,-2.564401],[-44.202256,-2.56427],[-44.2025,-2.564165],[-44.203243,-2.563719],[-44.204013,-2.563883],[-44.203873,-2.564312],[-44.203568,-2.565124],[-44.203841,-2.565286],[-44.204521,-2.565695],[-44.205638,-2.566354],[-44.206073,-2.56663],[-44.2061,-2.566662],[-44.20612,-2.566722],[-44.206142,-2.566863],[-44.206209,-2.56726],[-44.206092,-2.567219],[-44.205474,-2.566984],[-44.205153,-2.566872],[-44.20473,-2.566725],[-44.204253,-2.566542],[-44.203278,-2.566186],[-44.203148,-2.566139]]]}},{"type":"Feature","properties":{"cd_setor":"211120110000283","situacao":"Urbana","bairro":"Maiobinha","zona":"ZEU","area_m2":4446.2,"area_ha":0.445,"fonte":"IBGE, Censo 2022 — malha e agregados por setor","pessoas":153.0,"domicilios":76.0,"dom_particulares":76.0,"dom_coletivos":0.0,"moradores_por_dom":2.4,"pct_imputados":0.0469,"dom_ocupados":64.0,"dom_uso_ocasional":1.0,"dom_vagos":11.0,"dens_hab_ha":344.12,"dens_dom_ha":170.93,"pct_vagos":14.5,"pct_uso_ocasional":1.3,"pct_ocupados":84.2},"geometry":{"type":"Polygon","coordinates":[[[-44.204855,-2.565435],[-44.205877,-2.565236],[-44.205933,-2.565547],[-44.20515,-2.565705],[-44.204883,-2.565753],[-44.204721,-2.565685],[-44.204848,-2.565446],[-44.204855,-2.565435]]]}},{"type":"Feature","properties":{"cd_setor":"211120110000284","situacao":"Urbana","bairro":"Maiobinha","zona":"ZEU","area_m2":7147.7,"area_ha":0.715,"fonte":"IBGE, Censo 2022 — malha e agregados por setor","pessoas":292.0,"domicilios":140.0,"dom_particulares":140.0,"dom_coletivos":0.0,"moradores_por_dom":2.4,"pct_imputados":0.0,"dom_ocupados":122.0,"dom_uso_ocasional":0.0,"dom_vagos":18.0,"dens_hab_ha":408.52,"dens_dom_ha":195.87,"pct_vagos":12.9,"pct_uso_ocasional":0.0,"pct_ocupados":87.1},"geometry":{"type":"Polygon","coordinates":[[[-44.204976,-2.565175],[-44.207153,-2.564711],[-44.207172,-2.564868],[-44.207186,-2.564984],[-44.205967,-2.565222],[-44.205877,-2.565236],[-44.204855,-2.565435],[-44.204976,-2.565175]]]}},{"type":"Feature","properties":{"cd_setor":"211120110000285","situacao":"Urbana","bairro":"Maiobinha","zona":"ZEU","area_m2":4984.9,"area_ha":0.498,"fonte":"IBGE, Censo 2022 — malha e agregados por setor","pessoas":224.0,"domicilios":113.0,"dom_particulares":113.0,"dom_coletivos":0.0,"moradores_por_dom":2.3,"pct_imputados":0.2292,"dom_ocupados":96.0,"dom_uso_ocasional":0.0,"dom_vagos":17.0,"dens_hab_ha":449.35,"dens_dom_ha":226.68,"pct_vagos":15.0,"pct_uso_ocasional":0.0,"pct_ocupados":85.0},"geometry":{"type":"Polygon","coordinates":[[[-44.205877,-2.565236],[-44.205967,-2.565222],[-44.207186,-2.564984],[-44.207203,-2.565129],[-44.20722,-2.565227],[-44.207229,-2.56528],[-44.205933,-2.565547],[-44.205877,-2.565236]]]}},{"type":"Feature","properties":{"cd_setor":"211120110000287","situacao":"Urbana","bairro":"Saramanta","zona":"ZEU","area_m2":11481.0,"area_ha":1.148,"fonte":"IBGE, Censo 2022 — malha e agregados por setor","pessoas":265.0,"domicilios":144.0,"dom_particulares":144.0,"dom_coletivos":0.0,"moradores_por_dom":2.8,"pct_imputados":0.1146,"dom_ocupados":96.0,"dom_uso_ocasional":15.0,"dom_vagos":33.0,"dens_hab_ha":230.82,"dens_dom_ha":125.42,"pct_vagos":22.9,"pct_uso_ocasional":10.4,"pct_ocupados":66.7},"geometry":{"type":"Polygon","coordinates":[[[-44.203525,-2.553365],[-44.20407,-2.553361],[-44.204096,-2.553436],[-44.204103,-2.553655],[-44.20526,-2.553642],[-44.205353,-2.553626],[-44.205498,-2.553679],[-44.205491,-2.553848],[-44.205465,-2.554045],[-44.204597,-2.554072],[-44.203828,-2.554085],[-44.203726,-2.554084],[-44.203682,-2.554078],[-44.203525,-2.553365]]]}},{"type":"Feature","properties":{"cd_setor":"211120110000288","situacao":"Urbana","bairro":"Saramanta","zona":"ZEU","area_m2":7624.9,"area_ha":0.762,"fonte":"IBGE, Censo 2022 — malha e agregados por setor","pessoas":280.0,"domicilios":144.0,"dom_particulares":144.0,"dom_coletivos":0.0,"moradores_por_dom":2.3,"pct_imputados":0.2314,"dom_ocupados":121.0,"dom_uso_ocasional":6.0,"dom_vagos":17.0,"dens_hab_ha":367.22,"dens_dom_ha":188.85,"pct_vagos":11.8,"pct_uso_ocasional":4.2,"pct_ocupados":84.0},"geometry":{"type":"Polygon","coordinates":[[[-44.20407,-2.553361],[-44.204035,-2.553283],[-44.204032,-2.553144],[-44.204018,-2.553107],[-44.203961,-2.553032],[-44.203955,-2.552832],[-44.204614,-2.552815],[-44.204654,-2.55301],[-44.204675,-2.553148],[-44.204734,-2.553291],[-44.204843,-2.553429],[-44.204922,-2.55349],[-44.20526,-2.553642],[-44.204103,-2.553655],[-44.204096,-2.553436],[-44.20407,-2.553361]]]}},{"type":"Feature","properties":{"cd_setor":"211120110000289","situacao":"Urbana","bairro":"Saramanta","zona":"ZEU","area_m2":7590.0,"area_ha":0.759,"fonte":"IBGE, Censo 2022 — malha e agregados por setor","pessoas":276.0,"domicilios":144.0,"dom_particulares":144.0,"dom_coletivos":0.0,"moradores_por_dom":2.6,"pct_imputados":0.0374,"dom_ocupados":107.0,"dom_uso_ocasional":21.0,"dom_vagos":16.0,"dens_hab_ha":363.64,"dens_dom_ha":189.72,"pct_vagos":11.1,"pct_uso_ocasional":14.6,"pct_ocupados":74.3},"geometry":{"type":"Polygon","coordinates":[[[-44.203364,-2.552739],[-44.203339,-2.552566],[-44.204529,-2.55255],[-44.204557,-2.552637],[-44.204586,-2.552701],[-44.204614,-2.552815],[-44.203955,-2.552832],[-44.203961,-2.553032],[-44.204018,-2.553107],[-44.204032,-2.553144],[-44.204035,-2.553283],[-44.20407,-2.553361],[-44.203525,-2.553365],[-44.20339,-2.552834],[-44.203364,-2.552739]]]}},{"type":"Feature","properties":{"cd_setor":"211120110000290","situacao":"Urbana","bairro":"Saramanta","zona":"ZEU","area_m2":13746.7,"area_ha":1.375,"fonte":"IBGE, Censo 2022 — malha e agregados por setor","pessoas":265.0,"domicilios":144.0,"dom_particulares":144.0,"dom_coletivos":0.0,"moradores_por_dom":2.5,"pct_imputados":0.0865,"dom_ocupados":104.0,"dom_uso_ocasional":12.0,"dom_vagos":28.0,"dens_hab_ha":192.77,"dens_dom_ha":104.75,"pct_vagos":19.4,"pct_uso_ocasional":8.3,"pct_ocupados":72.2},"geometry":{"type":"Polygon","coordinates":[[[-44.203364,-2.552739],[-44.20321,-2.552759],[-44.202816,-2.551525],[-44.203072,-2.551504],[-44.2032,-2.551608],[-44.203444,-2.551707],[-44.203708,-2.551735],[-44.203989,-2.551904],[-44.204143,-2.55203],[-44.204287,-2.552167],[-44.204394,-2.552301],[-44.204452,-2.552387],[-44.204529,-2.55255],[-44.203339,-2.552566],[-44.203364,-2.552739]]]}},{"type":"Feature","properties":{"cd_setor":"211120110000291","situacao":"Urbana","bairro":"Araçagy","zona":"ZDU - A","area_m2":121749.6,"area_ha":12.175,"fonte":"IBGE, Censo 2022 — malha e agregados por setor","pessoas":442.0,"domicilios":167.0,"dom_particulares":167.0,"dom_coletivos":0.0,"moradores_por_dom":3.0,"pct_imputados":0.027,"dom_ocupados":148.0,"dom_uso_ocasional":4.0,"dom_vagos":15.0,"dens_hab_ha":36.3,"dens_dom_ha":13.72,"pct_vagos":9.0,"pct_uso_ocasional":2.4,"pct_ocupados":88.6},"geometry":{"type":"Polygon","coordinates":[[[-44.211297,-2.485917],[-44.211206,-2.486408],[-44.21115,-2.486724],[-44.211028,-2.487413],[-44.210961,-2.487751],[-44.210952,-2.487807],[-44.210557,-2.48773],[-44.210751,-2.486654],[-44.210568,-2.486613],[-44.210536,-2.486532],[-44.210823,-2.486206],[-44.211384,-2.483534],[-44.211663,-2.482311],[-44.211667,-2.482288],[-44.21191,-2.48094],[-44.211918,-2.480898],[-44.212055,-2.480216],[-44.212192,-2.479353],[-44.212323,-2.479439],[-44.212855,-2.479785],[-44.213211,-2.480033],[-44.213669,-2.480333],[-44.213649,-2.480421],[-44.213524,-2.480996],[-44.213468,-2.48129],[-44.213428,-2.481502],[-44.213377,-2.481756],[-44.213281,-2.482283],[-44.213199,-2.482767],[-44.213137,-2.483092],[-44.213095,-2.483342],[-44.213037,-2.48371],[-44.213034,-2.483732],[-44.212981,-2.484055],[-44.212923,-2.484417],[-44.212845,-2.484874],[-44.21283,-2.485],[-44.21281,-2.48517],[-44.212786,-2.48529],[-44.212764,-2.485353],[-44.212608,-2.485274],[-44.212469,-2.485203],[-44.212394,-2.485178],[-44.212308,-2.485148],[-44.212222,-2.485126],[-44.212021,-2.485079],[-44.21182,-2.485049],[-44.211606,-2.485006],[-44.211464,-2.484969],[-44.211441,-2.485069],[-44.211408,-2.485264],[-44.211349,-2.4856],[-44.211297,-2.485917]]]}},{"type":"Feature","properties":{"cd_setor":"211120110000297","situacao":"Urbana","bairro":"Parque Vitória","zona":"ZEU","area_m2":19180.9,"area_ha":1.918,"fonte":"IBGE, Censo 2022 — malha e agregados por setor","pessoas":369.0,"domicilios":134.0,"dom_particulares":134.0,"dom_coletivos":0.0,"moradores_por_dom":3.0,"pct_imputados":0.0,"dom_ocupados":125.0,"dom_uso_ocasional":0.0,"dom_vagos":9.0,"dens_hab_ha":192.38,"dens_dom_ha":69.86,"pct_vagos":6.7,"pct_uso_ocasional":0.0,"pct_ocupados":93.3},"geometry":{"type":"Polygon","coordinates":[[[-44.20942,-2.516747],[-44.209424,-2.516733],[-44.211499,-2.517179],[-44.21134,-2.517895],[-44.209262,-2.51745],[-44.2093,-2.517277],[-44.209342,-2.517094],[-44.20942,-2.516747]]]}},{"type":"Feature","properties":{"cd_setor":"211120110000298","situacao":"Urbana","bairro":"Parque Vitória","zona":"ZEU","area_m2":27371.9,"area_ha":2.737,"fonte":"IBGE, Censo 2022 — malha e agregados por setor","pessoas":381.0,"domicilios":154.0,"dom_particulares":154.0,"dom_coletivos":0.0,"moradores_por_dom":3.0,"pct_imputados":0.032,"dom_ocupados":125.0,"dom_uso_ocasional":6.0,"dom_vagos":23.0,"dens_hab_ha":139.19,"dens_dom_ha":56.26,"pct_vagos":14.9,"pct_uso_ocasional":3.9,"pct_ocupados":81.2},"geometry":{"type":"Polygon","coordinates":[[[-44.209717,-2.515343],[-44.209744,-2.515223],[-44.20981,-2.514965],[-44.209867,-2.514717],[-44.209889,-2.514609],[-44.211932,-2.515065],[-44.211856,-2.515418],[-44.211723,-2.516124],[-44.211646,-2.516117],[-44.210062,-2.515771],[-44.210013,-2.515742],[-44.209988,-2.515695],[-44.209968,-2.515623],[-44.209924,-2.515552],[-44.20988,-2.515507],[-44.209841,-2.51546],[-44.209789,-2.51541],[-44.209702,-2.515379],[-44.209717,-2.515343]]]}},{"type":"Feature","properties":{"cd_setor":"211120110000299","situacao":"Urbana","bairro":"Parque Vitória","zona":"ZEU","area_m2":27180.4,"area_ha":2.718,"fonte":"IBGE, Censo 2022 — malha e agregados por setor","pessoas":359.0,"domicilios":142.0,"dom_particulares":142.0,"dom_coletivos":0.0,"moradores_por_dom":2.9,"pct_imputados":0.0242,"dom_ocupados":124.0,"dom_uso_ocasional":6.0,"dom_vagos":12.0,"dens_hab_ha":132.08,"dens_dom_ha":52.24,"pct_vagos":8.5,"pct_uso_ocasional":4.2,"pct_ocupados":87.3},"geometry":{"type":"Polygon","coordinates":[[[-44.207468,-2.51781],[-44.20754,-2.517498],[-44.207588,-2.517463],[-44.207636,-2.517457],[-44.209183,-2.517792],[-44.209262,-2.51745],[-44.21134,-2.517895],[-44.211188,-2.518594],[-44.210674,-2.51851],[-44.210324,-2.51844],[-44.20998,-2.51837],[-44.209814,-2.51833],[-44.209609,-2.51829],[-44.209174,-2.518182],[-44.209096,-2.51817],[-44.208747,-2.518085],[-44.208404,-2.518016],[-44.207944,-2.517912],[-44.207702,-2.517861],[-44.207604,-2.517834],[-44.207468,-2.51781]]]}},{"type":"Feature","properties":{"cd_setor":"211120110000300","situacao":"Urbana","bairro":"Parque Vitória","zona":"ZEU","area_m2":24727.9,"area_ha":2.473,"fonte":"IBGE, Censo 2022 — malha e agregados por setor","pessoas":282.0,"domicilios":101.0,"dom_particulares":101.0,"dom_coletivos":0.0,"moradores_por_dom":3.0,"pct_imputados":0.0,"dom_ocupados":95.0,"dom_uso_ocasional":1.0,"dom_vagos":5.0,"dens_hab_ha":114.04,"dens_dom_ha":40.84,"pct_vagos":5.0,"pct_uso_ocasional":1.0,"pct_ocupados":94.1},"geometry":{"type":"Polygon","coordinates":[[[-44.204165,-2.519293],[-44.204624,-2.51718],[-44.205642,-2.517405],[-44.205638,-2.517422],[-44.205635,-2.517438],[-44.205339,-2.518869],[-44.205063,-2.518801],[-44.20497,-2.518776],[-44.204792,-2.519438],[-44.204658,-2.519406],[-44.20459,-2.519388],[-44.204502,-2.519368],[-44.204257,-2.519324],[-44.204165,-2.519293]]]}},{"type":"Feature","properties":{"cd_setor":"211120110000301","situacao":"Urbana","bairro":"Parque Vitória","zona":"ZEU","area_m2":39514.1,"area_ha":3.951,"fonte":"IBGE, Censo 2022 — malha e agregados por setor","pessoas":309.0,"domicilios":144.0,"dom_particulares":144.0,"dom_coletivos":0.0,"moradores_por_dom":2.6,"pct_imputados":0.0083,"dom_ocupados":120.0,"dom_uso_ocasional":1.0,"dom_vagos":23.0,"dens_hab_ha":78.2,"dens_dom_ha":36.44,"pct_vagos":16.0,"pct_uso_ocasional":0.7,"pct_ocupados":83.3},"geometry":{"type":"Polygon","coordinates":[[[-44.202147,-2.517569],[-44.202147,-2.517567],[-44.202171,-2.517458],[-44.202393,-2.516336],[-44.202502,-2.515889],[-44.202943,-2.515989],[-44.20315,-2.516034],[-44.203289,-2.516064],[-44.203257,-2.51626],[-44.203194,-2.516594],[-44.203168,-2.516868],[-44.203151,-2.517005],[-44.203,-2.517759],[-44.202669,-2.519273],[-44.202605,-2.519608],[-44.202374,-2.51963],[-44.202149,-2.519655],[-44.201664,-2.519686],[-44.201695,-2.519573],[-44.201912,-2.518791],[-44.201919,-2.518758],[-44.20204,-2.518175],[-44.202147,-2.517569]]]}},{"type":"Feature","properties":{"cd_setor":"211120110000302","situacao":"Urbana","bairro":"Parque Vitória","zona":"ZEU","area_m2":36244.8,"area_ha":3.624,"fonte":"IBGE, Censo 2022 — malha e agregados por setor","pessoas":462.0,"domicilios":171.0,"dom_particulares":171.0,"dom_coletivos":0.0,"moradores_por_dom":3.1,"pct_imputados":0.0066,"dom_ocupados":151.0,"dom_uso_ocasional":0.0,"dom_vagos":20.0,"dens_hab_ha":127.47,"dens_dom_ha":47.18,"pct_vagos":11.7,"pct_uso_ocasional":0.0,"pct_ocupados":88.3},"geometry":{"type":"Polygon","coordinates":[[[-44.209567,-2.519179],[-44.209822,-2.519172],[-44.210157,-2.519174],[-44.210537,-2.519184],[-44.210759,-2.519201],[-44.210755,-2.519467],[-44.210746,-2.519628],[-44.210728,-2.519993],[-44.210722,-2.52038],[-44.210711,-2.520771],[-44.210999,-2.520772],[-44.211056,-2.520771],[-44.211446,-2.520773],[-44.211611,-2.520783],[-44.211742,-2.520786],[-44.211755,-2.521328],[-44.211747,-2.52145],[-44.21113,-2.521481],[-44.20983,-2.521544],[-44.209833,-2.521107],[-44.209833,-2.520755],[-44.20994,-2.520744],[-44.209942,-2.519988],[-44.209581,-2.519973],[-44.209567,-2.519179]]]}},{"type":"Feature","properties":{"cd_setor":"211120110000303","situacao":"Urbana","bairro":"Parque Vitória","zona":"ZEU","area_m2":35643.4,"area_ha":3.564,"fonte":"IBGE, Censo 2022 — malha e agregados por setor","pessoas":463.0,"domicilios":194.0,"dom_particulares":194.0,"dom_coletivos":0.0,"moradores_por_dom":3.3,"pct_imputados":0.0493,"dom_ocupados":142.0,"dom_uso_ocasional":0.0,"dom_vagos":52.0,"dens_hab_ha":129.9,"dens_dom_ha":54.43,"pct_vagos":26.8,"pct_uso_ocasional":0.0,"pct_ocupados":73.2},"geometry":{"type":"Polygon","coordinates":[[[-44.207784,-2.5192],[-44.208307,-2.519168],[-44.208502,-2.519158],[-44.208497,-2.52006],[-44.208153,-2.520082],[-44.208197,-2.521107],[-44.209088,-2.521108],[-44.209088,-2.521581],[-44.207053,-2.521679],[-44.207078,-2.521542],[-44.207057,-2.52086],[-44.207045,-2.52001],[-44.207422,-2.519996],[-44.207816,-2.51998],[-44.207797,-2.519597],[-44.207784,-2.5192]]]}},{"type":"Feature","properties":{"cd_setor":"211120110000305","situacao":"Urbana","bairro":"Rio São João","zona":"ZEU","area_m2":49687.0,"area_ha":4.969,"fonte":"IBGE, Censo 2022 — malha e agregados por setor","pessoas":579.0,"domicilios":213.0,"dom_particulares":213.0,"dom_coletivos":0.0,"moradores_por_dom":3.3,"pct_imputados":0.0057,"dom_ocupados":175.0,"dom_uso_ocasional":10.0,"dom_vagos":28.0,"dens_hab_ha":116.53,"dens_dom_ha":42.87,"pct_vagos":13.1,"pct_uso_ocasional":4.7,"pct_ocupados":82.2},"geometry":{"type":"Polygon","coordinates":[[[-44.205966,-2.521726],[-44.205955,-2.521711],[-44.205931,-2.521605],[-44.205927,-2.521575],[-44.205928,-2.52154],[-44.205936,-2.521488],[-44.205936,-2.521462],[-44.205936,-2.521439],[-44.205933,-2.521368],[-44.205918,-2.521337],[-44.205895,-2.521323],[-44.205707,-2.521261],[-44.205523,-2.521199],[-44.205479,-2.521181],[-44.205406,-2.52006],[-44.205877,-2.520028],[-44.205831,-2.519252],[-44.206894,-2.519202],[-44.207784,-2.5192],[-44.207797,-2.519597],[-44.207816,-2.51998],[-44.207422,-2.519996],[-44.207045,-2.52001],[-44.207057,-2.52086],[-44.207078,-2.521542],[-44.207053,-2.521679],[-44.206039,-2.521728],[-44.205984,-2.521731],[-44.205966,-2.521726]]]}},{"type":"Feature","properties":{"cd_setor":"211120110000306","situacao":"Urbana","bairro":"Parque Vitória","zona":"ZEU","area_m2":33241.9,"area_ha":3.324,"fonte":"IBGE, Censo 2022 — malha e agregados por setor","pessoas":487.0,"domicilios":179.0,"dom_particulares":179.0,"dom_coletivos":0.0,"moradores_por_dom":3.0,"pct_imputados":0.0366,"dom_ocupados":164.0,"dom_uso_ocasional":3.0,"dom_vagos":12.0,"dens_hab_ha":146.5,"dens_dom_ha":53.85,"pct_vagos":6.7,"pct_uso_ocasional":1.7,"pct_ocupados":91.6},"geometry":{"type":"Polygon","coordinates":[[[-44.207518,-2.515212],[-44.207575,-2.51499],[-44.2076,-2.514945],[-44.208131,-2.514959],[-44.209717,-2.515343],[-44.209702,-2.515379],[-44.209623,-2.515412],[-44.209519,-2.515458],[-44.209426,-2.515544],[-44.209373,-2.515644],[-44.209328,-2.515755],[-44.209335,-2.515862],[-44.209354,-2.515992],[-44.209406,-2.516129],[-44.209461,-2.516275],[-44.209494,-2.516339],[-44.209491,-2.516395],[-44.209424,-2.516733],[-44.20942,-2.516747],[-44.209333,-2.516729],[-44.207983,-2.516448],[-44.207883,-2.516414],[-44.20783,-2.516389],[-44.207804,-2.516334],[-44.207811,-2.516218],[-44.207831,-2.516149],[-44.207849,-2.516084],[-44.207876,-2.516062],[-44.207732,-2.515801],[-44.207401,-2.515738],[-44.207478,-2.51535],[-44.207518,-2.515212]]]}},{"type":"Feature","properties":{"cd_setor":"211120110000307","situacao":"Urbana","bairro":"Parque Vitória","zona":"ZEU","area_m2":49721.0,"area_ha":4.972,"fonte":"IBGE, Censo 2022 — malha e agregados por setor","pessoas":262.0,"domicilios":104.0,"dom_particulares":104.0,"dom_coletivos":0.0,"moradores_por_dom":3.0,"pct_imputados":0.0115,"dom_ocupados":87.0,"dom_uso_ocasional":6.0,"dom_vagos":11.0,"dens_hab_ha":52.69,"dens_dom_ha":20.92,"pct_vagos":10.6,"pct_uso_ocasional":5.8,"pct_ocupados":83.7},"geometry":{"type":"Polygon","coordinates":[[[-44.199945,-2.519785],[-44.200178,-2.518704],[-44.200255,-2.518369],[-44.20038,-2.517857],[-44.200509,-2.517227],[-44.202147,-2.517569],[-44.20204,-2.518175],[-44.201919,-2.518758],[-44.201912,-2.518791],[-44.201695,-2.519573],[-44.201664,-2.519686],[-44.201195,-2.51973],[-44.200719,-2.519735],[-44.200496,-2.51975],[-44.200152,-2.519772],[-44.200037,-2.51978],[-44.200018,-2.519781],[-44.200011,-2.519782],[-44.200007,-2.519782],[-44.199952,-2.519785],[-44.199945,-2.519785]]]}},{"type":"Feature","properties":{"cd_setor":"211120110000308","situacao":"Urbana","bairro":"Maiobinha","zona":"ZEU","area_m2":91454.3,"area_ha":9.145,"fonte":"IBGE, Censo 2022 — malha e agregados por setor","pessoas":343.0,"domicilios":152.0,"dom_particulares":152.0,"dom_coletivos":0.0,"moradores_por_dom":3.0,"pct_imputados":0.0348,"dom_ocupados":115.0,"dom_uso_ocasional":3.0,"dom_vagos":34.0,"dens_hab_ha":37.51,"dens_dom_ha":16.62,"pct_vagos":22.4,"pct_uso_ocasional":2.0,"pct_ocupados":75.7},"geometry":{"type":"Polygon","coordinates":[[[-44.19706,-2.563337],[-44.196861,-2.563281],[-44.195879,-2.563004],[-44.195609,-2.562927],[-44.195257,-2.562842],[-44.194855,-2.562739],[-44.194746,-2.562569],[-44.194775,-2.56254],[-44.195217,-2.562107],[-44.195897,-2.561411],[-44.196672,-2.561469],[-44.197686,-2.561606],[-44.198299,-2.561683],[-44.198647,-2.561732],[-44.198646,-2.562581],[-44.19979,-2.562805],[-44.199721,-2.563736],[-44.199791,-2.564114],[-44.199702,-2.564088],[-44.199558,-2.564046],[-44.198846,-2.563842],[-44.198524,-2.563749],[-44.197486,-2.563457],[-44.19706,-2.563337]]]}},{"type":"Feature","properties":{"cd_setor":"211120110000312","situacao":"Rural","bairro":"São Paulo","zona":"ZRBJJ","area_m2":41994758.3,"area_ha":4199.476,"fonte":"IBGE, Censo 2022 — malha e agregados por setor","pessoas":450.0,"domicilios":262.0,"dom_particulares":262.0,"dom_coletivos":0.0,"moradores_por_dom":3.3,"pct_imputados":0.0,"dom_ocupados":138.0,"dom_uso_ocasional":85.0,"dom_vagos":39.0,"dens_hab_ha":0.11,"dens_dom_ha":0.06,"pct_vagos":14.9,"pct_uso_ocasional":32.4,"pct_ocupados":52.7},"geometry":{"type":"MultiPolygon","coordinates":[[[[-44.152022,-2.68408],[-44.151885,-2.684415],[-44.15131,-2.684341],[-44.150406,-2.684256],[-44.149734,-2.684192],[-44.14925,-2.68417],[-44.148956,-2.68419],[-44.148533,-2.684439],[-44.148233,-2.684959],[-44.147705,-2.685083],[-44.146967,-2.68506],[-44.146651,-2.68487],[-44.146588,-2.684554],[-44.146715,-2.684239],[-44.146991,-2.683946],[-44.147273,-2.683576],[-44.147338,-2.6832],[-44.147107,-2.682883],[-44.146601,-2.682671],[-44.146622,-2.680956],[-44.146282,-2.680674],[-44.146026,-2.680372],[-44.145936,-2.680231],[-44.145519,-2.679507],[-44.145352,-2.678801],[-44.145224,-2.678115],[-44.145032,-2.677692],[-44.145025,-2.677673],[-44.144602,-2.677263],[-44.144384,-2.676859],[-44.144115,-2.676327],[-44.144211,-2.675301],[-44.144301,-2.674685],[-44.144936,-2.674692],[-44.145269,-2.674046],[-44.145154,-2.673511],[-44.145174,-2.673255],[-44.145238,-2.672966],[-44.144969,-2.672761],[-44.144642,-2.672517],[-44.144443,-2.672767],[-44.144276,-2.672645],[-44.143776,-2.672376],[-44.142808,-2.671953],[-44.142423,-2.671799],[-44.142218,-2.672222],[-44.142064,-2.673004],[-44.141949,-2.673466],[-44.141397,-2.673941],[-44.13914,-2.673364],[-44.138467,-2.673447],[-44.137775,-2.674287],[-44.136947,-2.67479],[-44.136937,-2.67478],[-44.136902,-2.673996],[-44.136867,-2.673746],[-44.13682,-2.673446],[-44.136748,-2.673285],[-44.136736,-2.673267],[-44.136544,-2.673098],[-44.136219,-2.672916],[-44.135809,-2.672703],[-44.135483,-2.672527],[-44.135247,-2.672369],[-44.135241,-2.672357],[-44.1351,-2.672058],[-44.13509,-2.671843],[-44.135123,-2.671557],[-44.135185,-2.671372],[-44.135248,-2.670892],[-44.135318,-2.670154],[-44.13534,-2.669499],[-44.135342,-2.669025],[-44.135246,-2.668469],[-44.135105,-2.667963],[-44.134774,-2.667717],[-44.134318,-2.667488],[-44.133739,-2.667371],[-44.133128,-2.667204],[-44.133079,-2.667188],[-44.132537,-2.66704],[-44.132455,-2.666974],[-44.132399,-2.666894],[-44.132384,-2.66671],[-44.132417,-2.666505],[-44.132487,-2.666266],[-44.132588,-2.666],[-44.132599,-2.665984],[-44.132727,-2.665695],[-44.132838,-2.665472],[-44.132965,-2.66521],[-44.133096,-2.664911],[-44.13318,-2.66471],[-44.133315,-2.664602],[-44.133623,-2.664193],[-44.13378,-2.663881],[-44.133827,-2.663788],[-44.133986,-2.663228],[-44.133924,-2.662776],[-44.133893,-2.662729],[-44.133536,-2.661545],[-44.13352,-2.661498],[-44.133105,-2.659647],[-44.133089,-2.659553],[-44.13258,-2.657984],[-44.13258,-2.657968],[-44.132565,-2.657906],[-44.13255,-2.657829],[-44.131791,-2.656322],[-44.131459,-2.65602],[-44.131138,-2.655767],[-44.13063,-2.655458],[-44.129976,-2.655265],[-44.129435,-2.655099],[-44.128829,-2.654979],[-44.128229,-2.655097],[-44.128162,-2.655119],[-44.127395,-2.655215],[-44.126651,-2.655125],[-44.126606,-2.655124],[-44.125853,-2.655024],[-44.12582,-2.655024],[-44.125157,-2.654957],[-44.125124,-2.654935],[-44.124549,-2.654635],[-44.124505,-2.654602],[-44.12406,-2.65419],[-44.123739,-2.653625],[-44.123542,-2.653049],[-44.123518,-2.653015],[-44.123356,-2.652463],[-44.123227,-2.651872],[-44.12312,-2.651471],[-44.123098,-2.651115],[-44.123053,-2.650699],[-44.12303,-2.650402],[-44.123142,-2.650254],[-44.123339,-2.650235],[-44.123558,-2.650261],[-44.123877,-2.650151],[-44.12427,-2.649997],[-44.124706,-2.649819],[-44.125077,-2.649643],[-44.125217,-2.64942],[-44.125218,-2.649084],[-44.125211,-2.648792],[-44.125271,-2.648691],[-44.125387,-2.648531],[-44.125509,-2.648384],[-44.125578,-2.648244],[-44.125654,-2.64799],[-44.125572,-2.647754],[-44.125565,-2.647741],[-44.125419,-2.647549],[-44.125183,-2.647446],[-44.124941,-2.647331],[-44.124915,-2.647324],[-44.124896,-2.647324],[-44.124615,-2.647201],[-44.124609,-2.647201],[-44.124347,-2.64708],[-44.124328,-2.64708],[-44.124003,-2.64694],[-44.123977,-2.646933],[-44.123926,-2.646921],[-44.123639,-2.646864],[-44.123607,-2.646864],[-44.123294,-2.646857],[-44.123288,-2.646857],[-44.123025,-2.646938],[-44.123012,-2.646944],[-44.122974,-2.646951],[-44.122628,-2.647032],[-44.122615,-2.647039],[-44.122384,-2.647114],[-44.122346,-2.64712],[-44.122033,-2.647063],[-44.121995,-2.64705],[-44.121741,-2.646987],[-44.121709,-2.646987],[-44.121671,-2.646986],[-44.121639,-2.64698],[-44.12134,-2.646917],[-44.121308,-2.646917],[-44.121258,-2.646904],[-44.120908,-2.646828],[-44.120889,-2.646827],[-44.120857,-2.646815],[-44.120806,-2.646808],[-44.120768,-2.646795],[-44.120424,-2.646765],[-44.120161,-2.646609],[-44.119743,-2.646338],[-44.119353,-2.645847],[-44.119006,-2.64523],[-44.118651,-2.644696],[-44.118637,-2.644668],[-44.11851,-2.644334],[-44.118353,-2.643863],[-44.118353,-2.643835],[-44.118298,-2.643374],[-44.118291,-2.643353],[-44.11822,-2.643069],[-44.118206,-2.643062],[-44.118129,-2.642828],[-44.117994,-2.642707],[-44.117816,-2.642685],[-44.117412,-2.642686],[-44.117093,-2.642629],[-44.11705,-2.642608],[-44.116576,-2.642537],[-44.116314,-2.642442],[-44.116093,-2.642214],[-44.115978,-2.642003],[-44.115978,-2.641992],[-44.115848,-2.641718],[-44.115684,-2.641144],[-44.115679,-2.641127],[-44.115599,-2.640711],[-44.115599,-2.640699],[-44.115604,-2.640414],[-44.115615,-2.639918],[-44.115615,-2.63954],[-44.115536,-2.638938],[-44.115391,-2.638253],[-44.115261,-2.637947],[-44.114939,-2.637859],[-44.113539,-2.636461],[-44.113467,-2.633738],[-44.112212,-2.632556],[-44.110993,-2.631481],[-44.10902,-2.630334],[-44.107442,-2.630119],[-44.105693,-2.629245],[-44.105616,-2.628148],[-44.10628,-2.625571],[-44.107021,-2.622688],[-44.107583,-2.622203],[-44.107633,-2.621267],[-44.1079,-2.621046],[-44.108323,-2.620745],[-44.10856,-2.619661],[-44.109593,-2.619097],[-44.109516,-2.618834],[-44.109208,-2.618604],[-44.108919,-2.618514],[-44.10883,-2.618315],[-44.108817,-2.618148],[-44.108996,-2.617744],[-44.108996,-2.617443],[-44.108887,-2.617187],[-44.10899,-2.616744],[-44.109035,-2.616456],[-44.108932,-2.616122],[-44.108682,-2.615564],[-44.108516,-2.615475],[-44.108211,-2.614464],[-44.109696,-2.611707],[-44.109875,-2.610834],[-44.108276,-2.609046],[-44.107056,-2.608004],[-44.10725,-2.607699],[-44.107266,-2.606988],[-44.107511,-2.606385],[-44.107527,-2.606146],[-44.106451,-2.605435],[-44.106412,-2.605187],[-44.106425,-2.604616],[-44.106568,-2.603753],[-44.106727,-2.603562],[-44.107874,-2.603084],[-44.108138,-2.602899],[-44.108353,-2.602227],[-44.10912,-2.601519],[-44.109303,-2.600535],[-44.107563,-2.599884],[-44.10724,-2.599902],[-44.106983,-2.599909],[-44.106672,-2.599991],[-44.106297,-2.600315],[-44.10595,-2.600665],[-44.105583,-2.600796],[-44.10533,-2.601286],[-44.105069,-2.601921],[-44.104864,-2.601942],[-44.104741,-2.601649],[-44.103949,-2.60002],[-44.10334,-2.598872],[-44.103266,-2.59876],[-44.102361,-2.597093],[-44.102343,-2.597056],[-44.101104,-2.595517],[-44.100137,-2.594639],[-44.101308,-2.594236],[-44.102486,-2.594255],[-44.105154,-2.594367],[-44.106533,-2.594773],[-44.113431,-2.595831],[-44.114314,-2.595968],[-44.116653,-2.596673],[-44.121309,-2.599023],[-44.123321,-2.600113],[-44.1266,-2.600921],[-44.128236,-2.601648],[-44.128949,-2.602354],[-44.129785,-2.602321],[-44.130835,-2.601497],[-44.131565,-2.60025],[-44.132971,-2.5995],[-44.134799,-2.598724],[-44.135923,-2.599556],[-44.136901,-2.600625],[-44.138108,-2.601156],[-44.138281,-2.602123],[-44.137844,-2.603766],[-44.137739,-2.605336],[-44.13784,-2.607237],[-44.137984,-2.607977],[-44.138637,-2.608097],[-44.140935,-2.607743],[-44.142323,-2.607613],[-44.143557,-2.607944],[-44.145038,-2.608049],[-44.145395,-2.608455],[-44.145144,-2.608888],[-44.144456,-2.609088],[-44.143909,-2.609337],[-44.143499,-2.60953],[-44.142897,-2.609915],[-44.142555,-2.610824],[-44.142346,-2.611647],[-44.142126,-2.612273],[-44.142096,-2.612746],[-44.142233,-2.612957],[-44.142484,-2.613048],[-44.142929,-2.612977],[-44.143342,-2.61289],[-44.14386,-2.612453],[-44.144637,-2.612029],[-44.145024,-2.61207],[-44.145192,-2.612301],[-44.145178,-2.612629],[-44.144996,-2.612946],[-44.144783,-2.613253],[-44.144501,-2.613598],[-44.144587,-2.614024],[-44.145094,-2.615378],[-44.145341,-2.615922],[-44.145593,-2.616104],[-44.145888,-2.616335],[-44.146379,-2.616615],[-44.146725,-2.616763],[-44.146964,-2.616593],[-44.147082,-2.616296],[-44.146982,-2.615903],[-44.146927,-2.615436],[-44.14696,-2.615059],[-44.147187,-2.614821],[-44.147498,-2.614569],[-44.147822,-2.614422],[-44.148167,-2.614424],[-44.14853,-2.614673],[-44.14876,-2.615006],[-44.148832,-2.615511],[-44.149057,-2.615503],[-44.149513,-2.615525],[-44.149892,-2.615051],[-44.150195,-2.614619],[-44.150938,-2.614888],[-44.151458,-2.61494],[-44.151881,-2.614932],[-44.153284,-2.616628],[-44.15393,-2.616719],[-44.154174,-2.616668],[-44.154464,-2.616407],[-44.154736,-2.616096],[-44.162132,-2.617547],[-44.16252,-2.617631],[-44.16286,-2.617906],[-44.163193,-2.618031],[-44.163562,-2.618152],[-44.163629,-2.61817],[-44.163864,-2.618194],[-44.16425,-2.618261],[-44.164433,-2.618307],[-44.164695,-2.618367],[-44.164793,-2.618387],[-44.164902,-2.618403],[-44.165061,-2.618425],[-44.165391,-2.618452],[-44.165946,-2.61853],[-44.166234,-2.61855],[-44.166325,-2.618552],[-44.166637,-2.618629],[-44.166778,-2.618709],[-44.167479,-2.619531],[-44.167551,-2.619622],[-44.168305,-2.620277],[-44.168385,-2.620331],[-44.169008,-2.620604],[-44.169847,-2.620886],[-44.16995,-2.620905],[-44.170433,-2.620951],[-44.17064,-2.620971],[-44.171387,-2.621042],[-44.171797,-2.621075],[-44.171857,-2.621073],[-44.171935,-2.621088],[-44.172038,-2.62112],[-44.172342,-2.621209],[-44.172761,-2.621372],[-44.17283,-2.621397],[-44.172853,-2.621409],[-44.173087,-2.62162],[-44.173149,-2.621681],[-44.173237,-2.621825],[-44.173305,-2.621888],[-44.173517,-2.622008],[-44.173729,-2.622087],[-44.174181,-2.622266],[-44.17465,-2.622374],[-44.175055,-2.622483],[-44.175589,-2.622582],[-44.175691,-2.622615],[-44.175822,-2.622665],[-44.175914,-2.622709],[-44.176174,-2.622881],[-44.176266,-2.622942],[-44.176409,-2.623038],[-44.176459,-2.623073],[-44.176721,-2.623234],[-44.176777,-2.623267],[-44.176882,-2.623306],[-44.177022,-2.623335],[-44.177158,-2.623343],[-44.177203,-2.623343],[-44.177295,-2.623344],[-44.17743,-2.623361],[-44.177551,-2.623378],[-44.177596,-2.623378],[-44.177793,-2.623403],[-44.177845,-2.623411],[-44.177899,-2.623428],[-44.178038,-2.623516],[-44.178078,-2.623563],[-44.178122,-2.623626],[-44.178162,-2.623729],[-44.178181,-2.623843],[-44.178187,-2.623941],[-44.178194,-2.624032],[-44.178195,-2.624063],[-44.178206,-2.624093],[-44.178226,-2.624113],[-44.178278,-2.62414],[-44.178383,-2.624189],[-44.178716,-2.624369],[-44.17876,-2.624412],[-44.178492,-2.62489],[-44.178471,-2.625112],[-44.178599,-2.625237],[-44.178655,-2.625323],[-44.178771,-2.625385],[-44.178882,-2.625552],[-44.178856,-2.625633],[-44.178839,-2.625685],[-44.179168,-2.626062],[-44.179361,-2.626299],[-44.179465,-2.626483],[-44.179541,-2.626726],[-44.179595,-2.62696],[-44.179644,-2.627176],[-44.17967,-2.627306],[-44.179684,-2.62743],[-44.179693,-2.627588],[-44.179695,-2.627785],[-44.179677,-2.628009],[-44.179668,-2.628155],[-44.179658,-2.628312],[-44.179648,-2.628501],[-44.179647,-2.628643],[-44.179648,-2.628744],[-44.179651,-2.628771],[-44.179659,-2.628807],[-44.179676,-2.628879],[-44.179689,-2.62893],[-44.179703,-2.628994],[-44.179722,-2.629063],[-44.179746,-2.629147],[-44.179788,-2.629269],[-44.179836,-2.629398],[-44.179875,-2.629484],[-44.179904,-2.629542],[-44.179943,-2.629612],[-44.179978,-2.629674],[-44.180009,-2.62972],[-44.180077,-2.62981],[-44.180193,-2.629919],[-44.180312,-2.630033],[-44.18037,-2.630083],[-44.180459,-2.630165],[-44.180558,-2.630261],[-44.180625,-2.630331],[-44.180685,-2.630397],[-44.18073,-2.630454],[-44.180763,-2.630501],[-44.180813,-2.630577],[-44.180865,-2.630664],[-44.1809,-2.630726],[-44.180962,-2.630836],[-44.181018,-2.630943],[-44.181068,-2.631041],[-44.181111,-2.631113],[-44.181178,-2.631211],[-44.181249,-2.631311],[-44.1813,-2.631371],[-44.181392,-2.631465],[-44.181511,-2.631579],[-44.181615,-2.63166],[-44.181762,-2.631775],[-44.181876,-2.631854],[-44.181937,-2.631892],[-44.182002,-2.631931],[-44.182078,-2.631974],[-44.182151,-2.632009],[-44.182223,-2.632042],[-44.182332,-2.632084],[-44.182476,-2.632131],[-44.182626,-2.632165],[-44.182737,-2.63219],[-44.182841,-2.632206],[-44.182969,-2.632224],[-44.182987,-2.632236],[-44.18299,-2.632258],[-44.182988,-2.632278],[-44.182968,-2.632298],[-44.182846,-2.632394],[-44.182661,-2.632507],[-44.182484,-2.63259],[-44.182368,-2.632643],[-44.182255,-2.632693],[-44.182005,-2.632793],[-44.181788,-2.632888],[-44.181717,-2.632922],[-44.181659,-2.632959],[-44.181531,-2.633038],[-44.181431,-2.63311],[-44.181328,-2.633205],[-44.181183,-2.633368],[-44.18095,-2.633645],[-44.180804,-2.633818],[-44.180643,-2.634024],[-44.180465,-2.634252],[-44.180246,-2.634529],[-44.180028,-2.634804],[-44.179622,-2.635303],[-44.179277,-2.635729],[-44.178975,-2.63607],[-44.17886,-2.636208],[-44.178764,-2.636322],[-44.178585,-2.636536],[-44.178416,-2.636749],[-44.178375,-2.636824],[-44.178316,-2.636919],[-44.177368,-2.638019],[-44.177163,-2.638267],[-44.176764,-2.638731],[-44.176528,-2.63902],[-44.17635,-2.639239],[-44.176165,-2.63947],[-44.17596,-2.639725],[-44.175804,-2.639918],[-44.175759,-2.639979],[-44.175681,-2.640096],[-44.175427,-2.640427],[-44.175251,-2.64059],[-44.174841,-2.640869],[-44.174001,-2.641459],[-44.173154,-2.64201],[-44.172696,-2.642318],[-44.171853,-2.642796],[-44.171112,-2.643139],[-44.16992,-2.643639],[-44.168455,-2.644232],[-44.1679,-2.644444],[-44.167621,-2.644533],[-44.167506,-2.644588],[-44.167281,-2.644777],[-44.167066,-2.645059],[-44.166679,-2.645617],[-44.166393,-2.645944],[-44.166044,-2.645764],[-44.165874,-2.645639],[-44.165867,-2.645392],[-44.165704,-2.645011],[-44.165492,-2.644783],[-44.165364,-2.644588],[-44.164537,-2.645588],[-44.163761,-2.646428],[-44.162607,-2.647691],[-44.16446,-2.648807],[-44.163851,-2.649788],[-44.166025,-2.65116],[-44.165807,-2.651294],[-44.165524,-2.651615],[-44.165249,-2.651852],[-44.164935,-2.652166],[-44.1653,-2.65275],[-44.165287,-2.653705],[-44.16814,-2.653269],[-44.168172,-2.653064],[-44.168172,-2.652897],[-44.168102,-2.652806],[-44.168001,-2.652675],[-44.167894,-2.652519],[-44.167852,-2.652378],[-44.167858,-2.652287],[-44.167902,-2.652168],[-44.168238,-2.652283],[-44.168841,-2.652264],[-44.169322,-2.652194],[-44.169719,-2.652008],[-44.169873,-2.651803],[-44.169989,-2.651392],[-44.170328,-2.651168],[-44.172111,-2.651117],[-44.173579,-2.651123],[-44.175181,-2.651166],[-44.175172,-2.651367],[-44.175215,-2.651444],[-44.175331,-2.651558],[-44.175401,-2.651693],[-44.175418,-2.651801],[-44.175391,-2.651931],[-44.175345,-2.652041],[-44.175281,-2.652196],[-44.175231,-2.652245],[-44.175152,-2.652315],[-44.175069,-2.652418],[-44.174946,-2.652491],[-44.174781,-2.652578],[-44.174698,-2.652678],[-44.174618,-2.65293],[-44.174589,-2.653066],[-44.174483,-2.653237],[-44.174381,-2.653422],[-44.174329,-2.653514],[-44.174309,-2.653529],[-44.174148,-2.653748],[-44.173986,-2.653928],[-44.173739,-2.654272],[-44.173592,-2.65446],[-44.173484,-2.654596],[-44.173406,-2.654833],[-44.173257,-2.655078],[-44.173126,-2.65525],[-44.173023,-2.655337],[-44.172925,-2.655421],[-44.172899,-2.655478],[-44.172801,-2.655575],[-44.172673,-2.65561],[-44.172573,-2.655666],[-44.172495,-2.655755],[-44.172406,-2.655844],[-44.172317,-2.655911],[-44.172228,-2.656],[-44.172139,-2.656066],[-44.172061,-2.656155],[-44.171997,-2.65623],[-44.171933,-2.656356],[-44.171882,-2.656465],[-44.171805,-2.656576],[-44.171741,-2.656697],[-44.171714,-2.656808],[-44.171682,-2.656942],[-44.171654,-2.657061],[-44.171632,-2.657195],[-44.171601,-2.657331],[-44.171559,-2.657406],[-44.171477,-2.657507],[-44.171391,-2.657584],[-44.171296,-2.657621],[-44.171207,-2.657652],[-44.171074,-2.657689],[-44.170965,-2.657703],[-44.170862,-2.657697],[-44.170733,-2.657697],[-44.170608,-2.657727],[-44.170529,-2.657795],[-44.170489,-2.657889],[-44.170455,-2.657988],[-44.170425,-2.658118],[-44.170428,-2.658208],[-44.170453,-2.658378],[-44.170478,-2.658526],[-44.170491,-2.658651],[-44.170524,-2.658775],[-44.170539,-2.658905],[-44.170564,-2.659005],[-44.170636,-2.659149],[-44.170721,-2.659278],[-44.17079,-2.659382],[-44.170906,-2.659562],[-44.17103,-2.65977],[-44.171163,-2.660002],[-44.171308,-2.660113],[-44.171467,-2.660151],[-44.17163,-2.660152],[-44.171834,-2.660069],[-44.172057,-2.659959],[-44.172166,-2.659907],[-44.172266,-2.659903],[-44.17239,-2.65993],[-44.172456,-2.659986],[-44.1725,-2.660094],[-44.17251,-2.660304],[-44.172501,-2.660447],[-44.172452,-2.660611],[-44.172334,-2.660823],[-44.172205,-2.66103],[-44.172018,-2.661244],[-44.171919,-2.66141],[-44.171879,-2.661514],[-44.171863,-2.661747],[-44.17189,-2.661965],[-44.171917,-2.662162],[-44.171917,-2.662397],[-44.171896,-2.662611],[-44.17187,-2.66281],[-44.171824,-2.663002],[-44.171762,-2.663244],[-44.171676,-2.663458],[-44.171569,-2.663651],[-44.17144,-2.663844],[-44.17129,-2.664037],[-44.171183,-2.664208],[-44.171033,-2.664465],[-44.170931,-2.664707],[-44.170923,-2.66481],[-44.170946,-2.664911],[-44.171045,-2.665062],[-44.169934,-2.666618],[-44.168957,-2.667269],[-44.16722,-2.667703],[-44.16646,-2.666835],[-44.165374,-2.666944],[-44.164506,-2.667378],[-44.163637,-2.668245],[-44.162877,-2.66933],[-44.162117,-2.670198],[-44.161466,-2.671282],[-44.160706,-2.67215],[-44.160055,-2.672801],[-44.158861,-2.673885],[-44.157992,-2.674861],[-44.157884,-2.675837],[-44.157124,-2.677247],[-44.156255,-2.677898],[-44.155278,-2.678765],[-44.154844,-2.67985],[-44.154519,-2.68126],[-44.154302,-2.681585],[-44.153107,-2.68332],[-44.152022,-2.68408]],[[-44.173624,-2.623113],[-44.165837,-2.622345],[-44.16444,-2.620803],[-44.163955,-2.620547],[-44.163404,-2.620404],[-44.163089,-2.6202],[-44.162761,-2.620174],[-44.162256,-2.620781],[-44.161384,-2.620333],[-44.160904,-2.620002],[-44.160523,-2.619884],[-44.160045,-2.619668],[-44.159488,-2.619827],[-44.158512,-2.619584],[-44.158509,-2.619583],[-44.158157,-2.61956],[-44.157634,-2.619564],[-44.157163,-2.619506],[-44.156704,-2.619419],[-44.155965,-2.619381],[-44.155935,-2.620626],[-44.155854,-2.622845],[-44.15769,-2.622825],[-44.157864,-2.625363],[-44.158005,-2.626256],[-44.157914,-2.627523],[-44.156157,-2.627587],[-44.155702,-2.627606],[-44.154477,-2.627106],[-44.153459,-2.627601],[-44.153134,-2.627773],[-44.152881,-2.627235],[-44.151112,-2.62799],[-44.148543,-2.627622],[-44.148441,-2.626294],[-44.148374,-2.624882],[-44.148568,-2.623597],[-44.148437,-2.622797],[-44.147972,-2.621923],[-44.14744,-2.621448],[-44.141615,-2.61922],[-44.140481,-2.623651],[-44.140445,-2.624704],[-44.141909,-2.626551],[-44.147337,-2.632807],[-44.153698,-2.630907],[-44.154108,-2.630227],[-44.15692,-2.63012],[-44.157519,-2.630157],[-44.156462,-2.631322],[-44.15608,-2.631755],[-44.156042,-2.631841],[-44.155811,-2.632261],[-44.155618,-2.632569],[-44.155144,-2.633326],[-44.154897,-2.633617],[-44.154477,-2.63421],[-44.153974,-2.635005],[-44.152576,-2.637724],[-44.15491,-2.637429],[-44.156474,-2.637147],[-44.158334,-2.636814],[-44.158613,-2.636172],[-44.158808,-2.635688],[-44.158997,-2.635191],[-44.159408,-2.63422],[-44.15961,-2.633685],[-44.159953,-2.632874],[-44.160209,-2.632168],[-44.160469,-2.631537],[-44.160584,-2.631165],[-44.160706,-2.630851],[-44.160908,-2.630408],[-44.161,-2.630353],[-44.161625,-2.63208],[-44.162063,-2.63273],[-44.162488,-2.633247],[-44.163931,-2.634684],[-44.164741,-2.635525],[-44.165323,-2.635902],[-44.165379,-2.635894],[-44.166066,-2.63483],[-44.166025,-2.634745],[-44.16582,-2.634553],[-44.165618,-2.634373],[-44.165307,-2.634129],[-44.165022,-2.633796],[-44.165307,-2.633347],[-44.165032,-2.633193],[-44.165182,-2.633023],[-44.164852,-2.632789],[-44.164525,-2.63319],[-44.164012,-2.632841],[-44.164038,-2.632706],[-44.163724,-2.63252],[-44.163695,-2.63235],[-44.163592,-2.632164],[-44.163509,-2.632158],[-44.163377,-2.632193],[-44.163249,-2.632116],[-44.163259,-2.631895],[-44.163259,-2.631658],[-44.162871,-2.631193],[-44.16365,-2.630555],[-44.163252,-2.630218],[-44.162993,-2.630321],[-44.162855,-2.630494],[-44.162714,-2.630401],[-44.162319,-2.630664],[-44.16221,-2.630315],[-44.162803,-2.62976],[-44.162146,-2.629192],[-44.161733,-2.62925],[-44.161941,-2.628378],[-44.162085,-2.628266],[-44.162294,-2.62808],[-44.162544,-2.627734],[-44.162534,-2.627692],[-44.162682,-2.627311],[-44.162739,-2.627125],[-44.162836,-2.626974],[-44.163021,-2.626746],[-44.163191,-2.62649],[-44.163332,-2.626358],[-44.163457,-2.626211],[-44.163531,-2.625977],[-44.163624,-2.625737],[-44.163845,-2.625467],[-44.173528,-2.624727],[-44.173624,-2.623113]]],[[[-44.152129,-2.684447],[-44.151885,-2.684415],[-44.15276,-2.68451],[-44.152129,-2.684447]]]]}},{"type":"Feature","properties":{"cd_setor":"211120110000314","situacao":"Urbana","bairro":"Parque Jair","zona":"ZEU","area_m2":91201.3,"area_ha":9.12,"fonte":"IBGE, Censo 2022 — malha e agregados por setor","pessoas":405.0,"domicilios":182.0,"dom_particulares":182.0,"dom_coletivos":0.0,"moradores_por_dom":2.8,"pct_imputados":0.0138,"dom_ocupados":145.0,"dom_uso_ocasional":10.0,"dom_vagos":27.0,"dens_hab_ha":44.41,"dens_dom_ha":19.96,"pct_vagos":14.8,"pct_uso_ocasional":5.5,"pct_ocupados":79.7},"geometry":{"type":"Polygon","coordinates":[[[-44.181605,-2.510826],[-44.181743,-2.509918],[-44.181858,-2.509014],[-44.181996,-2.508043],[-44.182528,-2.508148],[-44.183136,-2.508201],[-44.183458,-2.508247],[-44.184634,-2.508354],[-44.184627,-2.508396],[-44.184566,-2.509385],[-44.184409,-2.510388],[-44.184313,-2.511004],[-44.183347,-2.510911],[-44.183186,-2.510906],[-44.183091,-2.510931],[-44.183021,-2.511],[-44.182833,-2.510986],[-44.18231,-2.510936],[-44.181847,-2.510873],[-44.181605,-2.510826]]]}},{"type":"Feature","properties":{"cd_setor":"211120110000317","situacao":"Urbana","bairro":"Novo Cohatrac","zona":"ZEU","area_m2":16525.1,"area_ha":1.653,"fonte":"IBGE, Censo 2022 — malha e agregados por setor","pessoas":424.0,"domicilios":191.0,"dom_particulares":191.0,"dom_coletivos":0.0,"moradores_por_dom":2.8,"pct_imputados":0.0,"dom_ocupados":152.0,"dom_uso_ocasional":16.0,"dom_vagos":23.0,"dens_hab_ha":256.58,"dens_dom_ha":115.58,"pct_vagos":12.0,"pct_uso_ocasional":8.4,"pct_ocupados":79.6},"geometry":{"type":"Polygon","coordinates":[[[-44.186016,-2.53144],[-44.186227,-2.530768],[-44.188021,-2.531333],[-44.187998,-2.5314],[-44.187804,-2.532025],[-44.186016,-2.53144]]]}},{"type":"Feature","properties":{"cd_setor":"211120110000318","situacao":"Urbana","bairro":"Novo Cohatrac","zona":"ZEU","area_m2":30124.5,"area_ha":3.012,"fonte":"IBGE, Censo 2022 — malha e agregados por setor","pessoas":306.0,"domicilios":118.0,"dom_particulares":118.0,"dom_coletivos":0.0,"moradores_por_dom":2.8,"pct_imputados":0.0,"dom_ocupados":109.0,"dom_uso_ocasional":2.0,"dom_vagos":7.0,"dens_hab_ha":101.58,"dens_dom_ha":39.17,"pct_vagos":5.9,"pct_uso_ocasional":1.7,"pct_ocupados":92.4},"geometry":{"type":"Polygon","coordinates":[[[-44.188456,-2.529954],[-44.188719,-2.529159],[-44.189425,-2.529376],[-44.189744,-2.529469],[-44.18943,-2.530515],[-44.189303,-2.530599],[-44.18919,-2.530949],[-44.188963,-2.531681],[-44.187998,-2.5314],[-44.188021,-2.531333],[-44.188177,-2.530827],[-44.188242,-2.530633],[-44.188326,-2.530347],[-44.188368,-2.530235],[-44.188456,-2.529954]]]}},{"type":"Feature","properties":{"cd_setor":"211120110000319","situacao":"Urbana","bairro":"Novo Cohatrac","zona":"ZEU","area_m2":16990.5,"area_ha":1.699,"fonte":"IBGE, Censo 2022 — malha e agregados por setor","pessoas":362.0,"domicilios":146.0,"dom_particulares":146.0,"dom_coletivos":0.0,"moradores_por_dom":3.0,"pct_imputados":0.025,"dom_ocupados":120.0,"dom_uso_ocasional":3.0,"dom_vagos":23.0,"dens_hab_ha":213.06,"dens_dom_ha":85.93,"pct_vagos":15.8,"pct_uso_ocasional":2.1,"pct_ocupados":82.2},"geometry":{"type":"Polygon","coordinates":[[[-44.187804,-2.532025],[-44.187998,-2.5314],[-44.188963,-2.531681],[-44.188917,-2.531827],[-44.188549,-2.532979],[-44.188544,-2.533001],[-44.187588,-2.532716],[-44.187751,-2.532196],[-44.187804,-2.532025]]]}},{"type":"Feature","properties":{"cd_setor":"211120110000320","situacao":"Urbana","bairro":"Novo Cohatrac","zona":"ZEU","area_m2":18667.7,"area_ha":1.867,"fonte":"IBGE, Censo 2022 — malha e agregados por setor","pessoas":441.0,"domicilios":187.0,"dom_particulares":187.0,"dom_coletivos":0.0,"moradores_por_dom":2.8,"pct_imputados":0.0,"dom_ocupados":159.0,"dom_uso_ocasional":12.0,"dom_vagos":16.0,"dens_hab_ha":236.24,"dens_dom_ha":100.17,"pct_vagos":8.6,"pct_uso_ocasional":6.4,"pct_ocupados":85.0},"geometry":{"type":"Polygon","coordinates":[[[-44.186675,-2.529345],[-44.186942,-2.528497],[-44.187044,-2.528636],[-44.187706,-2.528864],[-44.187928,-2.528924],[-44.188213,-2.529012],[-44.188611,-2.529146],[-44.188666,-2.529164],[-44.188719,-2.529159],[-44.188456,-2.529954],[-44.186675,-2.529345]]]}},{"type":"Feature","properties":{"cd_setor":"211120110000321","situacao":"Urbana","bairro":"Novo Cohatrac","zona":"ZEU","area_m2":16773.7,"area_ha":1.677,"fonte":"IBGE, Censo 2022 — malha e agregados por setor","pessoas":439.0,"domicilios":191.0,"dom_particulares":191.0,"dom_coletivos":0.0,"moradores_por_dom":2.8,"pct_imputados":0.0,"dom_ocupados":157.0,"dom_uso_ocasional":10.0,"dom_vagos":24.0,"dens_hab_ha":261.72,"dens_dom_ha":113.87,"pct_vagos":12.6,"pct_uso_ocasional":5.2,"pct_ocupados":82.2},"geometry":{"type":"Polygon","coordinates":[[[-44.186453,-2.53005],[-44.186675,-2.529345],[-44.188456,-2.529954],[-44.188368,-2.530235],[-44.188326,-2.530347],[-44.188242,-2.530633],[-44.186453,-2.53005]]]}},{"type":"Feature","properties":{"cd_setor":"211120110000322","situacao":"Urbana","bairro":"Novo Cohatrac","zona":"ZEU","area_m2":17180.9,"area_ha":1.718,"fonte":"IBGE, Censo 2022 — malha e agregados por setor","pessoas":488.0,"domicilios":191.0,"dom_particulares":191.0,"dom_coletivos":0.0,"moradores_por_dom":3.1,"pct_imputados":0.0126,"dom_ocupados":159.0,"dom_uso_ocasional":12.0,"dom_vagos":20.0,"dens_hab_ha":284.04,"dens_dom_ha":111.17,"pct_vagos":10.5,"pct_uso_ocasional":6.3,"pct_ocupados":83.2},"geometry":{"type":"Polygon","coordinates":[[[-44.186227,-2.530768],[-44.186453,-2.53005],[-44.188242,-2.530633],[-44.188177,-2.530827],[-44.188021,-2.531333],[-44.186227,-2.530768]]]}},{"type":"Feature","properties":{"cd_setor":"211120110000323","situacao":"Urbana","bairro":"Novo Cohatrac","zona":"ZEU","area_m2":17081.0,"area_ha":1.708,"fonte":"IBGE, Censo 2022 — malha e agregados por setor","pessoas":414.0,"domicilios":187.0,"dom_particulares":187.0,"dom_coletivos":0.0,"moradores_por_dom":2.7,"pct_imputados":0.0128,"dom_ocupados":156.0,"dom_uso_ocasional":10.0,"dom_vagos":21.0,"dens_hab_ha":242.37,"dens_dom_ha":109.48,"pct_vagos":11.2,"pct_uso_ocasional":5.3,"pct_ocupados":83.4},"geometry":{"type":"Polygon","coordinates":[[[-44.185794,-2.532159],[-44.185825,-2.53204],[-44.185863,-2.53193],[-44.186016,-2.53144],[-44.187804,-2.532025],[-44.187751,-2.532196],[-44.187588,-2.532716],[-44.185794,-2.532159]]]}},{"type":"Feature","properties":{"cd_setor":"211120110000327","situacao":"Urbana","bairro":"Parque Vitória","zona":"ZEU","area_m2":65924.8,"area_ha":6.592,"fonte":"IBGE, Censo 2022 — malha e agregados por setor","pessoas":318.0,"domicilios":155.0,"dom_particulares":155.0,"dom_coletivos":0.0,"moradores_por_dom":3.1,"pct_imputados":0.068,"dom_ocupados":103.0,"dom_uso_ocasional":3.0,"dom_vagos":49.0,"dens_hab_ha":48.24,"dens_dom_ha":23.51,"pct_vagos":31.6,"pct_uso_ocasional":1.9,"pct_ocupados":66.5},"geometry":{"type":"Polygon","coordinates":[[[-44.202862,-2.514225],[-44.202872,-2.51418],[-44.203144,-2.512841],[-44.203213,-2.512537],[-44.204034,-2.51271],[-44.20403,-2.512727],[-44.204019,-2.512751],[-44.203929,-2.513144],[-44.205412,-2.513457],[-44.205448,-2.513467],[-44.206988,-2.513813],[-44.206852,-2.514412],[-44.206711,-2.51504],[-44.205139,-2.514686],[-44.205105,-2.514681],[-44.203689,-2.514371],[-44.203656,-2.514382],[-44.203618,-2.514393],[-44.20289,-2.514254],[-44.202869,-2.514237],[-44.202858,-2.514235],[-44.202862,-2.514225]]]}},{"type":"Feature","properties":{"cd_setor":"211120110000329","situacao":"Urbana","bairro":"Cohatrac","zona":"ZEU","area_m2":39458.4,"area_ha":3.946,"fonte":"IBGE, Censo 2022 — malha e agregados por setor","pessoas":423.0,"domicilios":197.0,"dom_particulares":197.0,"dom_coletivos":0.0,"moradores_por_dom":2.9,"pct_imputados":0.0,"dom_ocupados":148.0,"dom_uso_ocasional":10.0,"dom_vagos":39.0,"dens_hab_ha":107.2,"dens_dom_ha":49.93,"pct_vagos":19.8,"pct_uso_ocasional":5.1,"pct_ocupados":75.1},"geometry":{"type":"Polygon","coordinates":[[[-44.20348,-2.544853],[-44.203607,-2.544353],[-44.203635,-2.544239],[-44.203719,-2.543866],[-44.204123,-2.543889],[-44.204355,-2.543927],[-44.204514,-2.543959],[-44.204596,-2.543975],[-44.204531,-2.544258],[-44.204402,-2.54488],[-44.204316,-2.545285],[-44.204171,-2.545957],[-44.2041,-2.545944],[-44.204001,-2.54593],[-44.203859,-2.546584],[-44.203273,-2.549319],[-44.202633,-2.54902],[-44.202972,-2.547481],[-44.203299,-2.547548],[-44.203537,-2.546506],[-44.203547,-2.546373],[-44.203545,-2.546264],[-44.203824,-2.545869],[-44.203998,-2.545419],[-44.20339,-2.54528],[-44.20348,-2.544853]]]}},{"type":"Feature","properties":{"cd_setor":"211120110000330","situacao":"Urbana","bairro":"Cohatrac","zona":"ZEU","area_m2":36616.4,"area_ha":3.662,"fonte":"IBGE, Censo 2022 — malha e agregados por setor","pessoas":456.0,"domicilios":178.0,"dom_particulares":178.0,"dom_coletivos":0.0,"moradores_por_dom":3.1,"pct_imputados":0.1014,"dom_ocupados":148.0,"dom_uso_ocasional":2.0,"dom_vagos":28.0,"dens_hab_ha":124.53,"dens_dom_ha":48.61,"pct_vagos":15.7,"pct_uso_ocasional":1.1,"pct_ocupados":83.1},"geometry":{"type":"Polygon","coordinates":[[[-44.204171,-2.545957],[-44.204316,-2.545285],[-44.204357,-2.545301],[-44.205239,-2.545512],[-44.206311,-2.545743],[-44.206394,-2.545765],[-44.206325,-2.546067],[-44.206223,-2.546442],[-44.206152,-2.546423],[-44.206082,-2.546411],[-44.205995,-2.546394],[-44.205664,-2.546312],[-44.205383,-2.547604],[-44.205379,-2.547619],[-44.205725,-2.547702],[-44.205644,-2.548081],[-44.205595,-2.548275],[-44.205441,-2.548251],[-44.205243,-2.548206],[-44.204999,-2.548129],[-44.204588,-2.548029],[-44.204629,-2.54786],[-44.204726,-2.547422],[-44.205009,-2.546163],[-44.204294,-2.545981],[-44.204171,-2.545957]]]}},{"type":"Feature","properties":{"cd_setor":"211120110000331","situacao":"Urbana","bairro":"Cohatrac","zona":"ZEU","area_m2":43643.3,"area_ha":4.364,"fonte":"IBGE, Censo 2022 — malha e agregados por setor","pessoas":461.0,"domicilios":195.0,"dom_particulares":195.0,"dom_coletivos":0.0,"moradores_por_dom":3.0,"pct_imputados":0.0452,"dom_ocupados":155.0,"dom_uso_ocasional":7.0,"dom_vagos":33.0,"dens_hab_ha":105.63,"dens_dom_ha":44.68,"pct_vagos":16.9,"pct_uso_ocasional":3.6,"pct_ocupados":79.5},"geometry":{"type":"Polygon","coordinates":[[[-44.203911,-2.549513],[-44.204305,-2.547774],[-44.204481,-2.547819],[-44.204629,-2.54786],[-44.204588,-2.548029],[-44.204999,-2.548129],[-44.205243,-2.548206],[-44.205441,-2.548251],[-44.205595,-2.548275],[-44.205644,-2.548081],[-44.206304,-2.548226],[-44.205911,-2.550053],[-44.205153,-2.549849],[-44.203911,-2.549513]]]}},{"type":"Feature","properties":{"cd_setor":"211120110000332","situacao":"Urbana","bairro":"Cohatrac","zona":"ZEU","area_m2":16168.3,"area_ha":1.617,"fonte":"IBGE, Censo 2022 — malha e agregados por setor","pessoas":228.0,"domicilios":92.0,"dom_particulares":92.0,"dom_coletivos":0.0,"moradores_por_dom":2.9,"pct_imputados":0.0506,"dom_ocupados":79.0,"dom_uso_ocasional":5.0,"dom_vagos":8.0,"dens_hab_ha":141.02,"dens_dom_ha":56.9,"pct_vagos":8.7,"pct_uso_ocasional":5.4,"pct_ocupados":85.9},"geometry":{"type":"Polygon","coordinates":[[[-44.208643,-2.544189],[-44.208578,-2.544347],[-44.20838,-2.544811],[-44.20707,-2.54453],[-44.206496,-2.544397],[-44.206511,-2.544341],[-44.206572,-2.544059],[-44.206588,-2.543986],[-44.206638,-2.543761],[-44.208643,-2.544189]]]}},{"type":"Feature","properties":{"cd_setor":"211120110000333","situacao":"Urbana","bairro":"Cohatrac","zona":"ZEU","area_m2":41370.6,"area_ha":4.137,"fonte":"IBGE, Censo 2022 — malha e agregados por setor","pessoas":265.0,"domicilios":91.0,"dom_particulares":91.0,"dom_coletivos":0.0,"moradores_por_dom":3.3,"pct_imputados":0.0617,"dom_ocupados":81.0,"dom_uso_ocasional":3.0,"dom_vagos":7.0,"dens_hab_ha":64.06,"dens_dom_ha":22.0,"pct_vagos":7.7,"pct_uso_ocasional":3.3,"pct_ocupados":89.0},"geometry":{"type":"Polygon","coordinates":[[[-44.204899,-2.542255],[-44.204514,-2.543959],[-44.204355,-2.543927],[-44.204123,-2.543889],[-44.203719,-2.543866],[-44.203817,-2.543361],[-44.203824,-2.54332],[-44.203902,-2.54297],[-44.202868,-2.542721],[-44.202656,-2.542688],[-44.201604,-2.542425],[-44.201835,-2.542175],[-44.202263,-2.541694],[-44.20224,-2.541655],[-44.202699,-2.541755],[-44.203325,-2.5419],[-44.203497,-2.54194],[-44.204295,-2.542114],[-44.204707,-2.542209],[-44.204899,-2.542255]]]}},{"type":"Feature","properties":{"cd_setor":"211120110000334","situacao":"Urbana","bairro":"Novo Cohatrac","zona":"ZEU","area_m2":54191.0,"area_ha":5.419,"fonte":"IBGE, Censo 2022 — malha e agregados por setor","pessoas":483.0,"domicilios":250.0,"dom_particulares":250.0,"dom_coletivos":0.0,"moradores_por_dom":2.9,"pct_imputados":0.0357,"dom_ocupados":168.0,"dom_uso_ocasional":3.0,"dom_vagos":79.0,"dens_hab_ha":89.13,"dens_dom_ha":46.13,"pct_vagos":31.6,"pct_uso_ocasional":1.2,"pct_ocupados":67.2},"geometry":{"type":"Polygon","coordinates":[[[-44.192056,-2.533463],[-44.192064,-2.533429],[-44.192075,-2.53337],[-44.192088,-2.533327],[-44.192102,-2.533271],[-44.192115,-2.533218],[-44.192134,-2.533149],[-44.192143,-2.53311],[-44.192247,-2.532692],[-44.192254,-2.532665],[-44.192358,-2.532268],[-44.192374,-2.532241],[-44.192481,-2.53181],[-44.192595,-2.531376],[-44.192598,-2.531364],[-44.192742,-2.530806],[-44.192799,-2.530825],[-44.194301,-2.531403],[-44.194327,-2.531428],[-44.194218,-2.531811],[-44.194161,-2.532017],[-44.1941,-2.532236],[-44.194039,-2.532482],[-44.193979,-2.532684],[-44.193857,-2.533108],[-44.193832,-2.533189],[-44.193826,-2.533213],[-44.193824,-2.533222],[-44.193822,-2.533229],[-44.193816,-2.533255],[-44.193791,-2.533357],[-44.193735,-2.533548],[-44.19366,-2.533864],[-44.193021,-2.533695],[-44.192056,-2.533463]]]}},{"type":"Feature","properties":{"cd_setor":"211120110000335","situacao":"Urbana","bairro":"Novo Cohatrac","zona":"ZEU","area_m2":70692.1,"area_ha":7.069,"fonte":"IBGE, Censo 2022 — malha e agregados por setor","pessoas":468.0,"domicilios":257.0,"dom_particulares":257.0,"dom_coletivos":0.0,"moradores_por_dom":2.6,"pct_imputados":0.0056,"dom_ocupados":180.0,"dom_uso_ocasional":35.0,"dom_vagos":42.0,"dens_hab_ha":66.2,"dens_dom_ha":36.35,"pct_vagos":16.3,"pct_uso_ocasional":13.6,"pct_ocupados":70.0},"geometry":{"type":"Polygon","coordinates":[[[-44.193816,-2.533255],[-44.193822,-2.533229],[-44.193824,-2.533222],[-44.193826,-2.533213],[-44.193832,-2.533189],[-44.193857,-2.533108],[-44.193979,-2.532684],[-44.194039,-2.532482],[-44.1941,-2.532236],[-44.194161,-2.532017],[-44.194218,-2.531811],[-44.194327,-2.531428],[-44.194374,-2.531445],[-44.195038,-2.531712],[-44.195055,-2.531718],[-44.195271,-2.531802],[-44.196261,-2.532151],[-44.197014,-2.532442],[-44.197047,-2.53243],[-44.196941,-2.532864],[-44.196876,-2.533135],[-44.196649,-2.534047],[-44.196584,-2.534286],[-44.196552,-2.534365],[-44.196508,-2.534536],[-44.196458,-2.534747],[-44.195678,-2.534586],[-44.195872,-2.533803],[-44.195874,-2.533795],[-44.194603,-2.53349],[-44.194141,-2.533376],[-44.194017,-2.533319],[-44.193816,-2.533255]]]}},{"type":"Feature","properties":{"cd_setor":"211120110000336","situacao":"Urbana","bairro":"Novo Cohatrac","zona":"ZEU","area_m2":75878.6,"area_ha":7.588,"fonte":"IBGE, Censo 2022 — malha e agregados por setor","pessoas":484.0,"domicilios":220.0,"dom_particulares":220.0,"dom_coletivos":0.0,"moradores_por_dom":3.0,"pct_imputados":0.0373,"dom_ocupados":161.0,"dom_uso_ocasional":7.0,"dom_vagos":52.0,"dens_hab_ha":63.79,"dens_dom_ha":28.99,"pct_vagos":23.6,"pct_uso_ocasional":3.2,"pct_ocupados":73.2},"geometry":{"type":"Polygon","coordinates":[[[-44.192056,-2.533463],[-44.193021,-2.533695],[-44.19366,-2.533864],[-44.193735,-2.533548],[-44.193791,-2.533357],[-44.193816,-2.533255],[-44.194017,-2.533319],[-44.194141,-2.533376],[-44.194603,-2.53349],[-44.195874,-2.533795],[-44.195872,-2.533803],[-44.195678,-2.534586],[-44.196458,-2.534747],[-44.196395,-2.535013],[-44.196295,-2.535484],[-44.196287,-2.535528],[-44.195504,-2.535336],[-44.195497,-2.535334],[-44.194346,-2.535016],[-44.194236,-2.534986],[-44.194224,-2.534983],[-44.1934,-2.534791],[-44.193297,-2.535142],[-44.191702,-2.534743],[-44.191814,-2.534338],[-44.191822,-2.534319],[-44.191923,-2.533932],[-44.191932,-2.5339],[-44.191957,-2.533818],[-44.192038,-2.533524],[-44.192056,-2.533463]]]}},{"type":"Feature","properties":{"cd_setor":"211120110000337","situacao":"Urbana","bairro":"Cohatrac","zona":"ZEU","area_m2":20599.6,"area_ha":2.06,"fonte":"IBGE, Censo 2022 — malha e agregados por setor","pessoas":214.0,"domicilios":95.0,"dom_particulares":95.0,"dom_coletivos":0.0,"moradores_por_dom":3.1,"pct_imputados":0.058,"dom_ocupados":69.0,"dom_uso_ocasional":12.0,"dom_vagos":14.0,"dens_hab_ha":103.89,"dens_dom_ha":46.12,"pct_vagos":14.7,"pct_uso_ocasional":12.6,"pct_ocupados":72.6},"geometry":{"type":"Polygon","coordinates":[[[-44.200021,-2.544189],[-44.20012,-2.544089],[-44.200516,-2.54419],[-44.201031,-2.544318],[-44.200877,-2.545012],[-44.200656,-2.545941],[-44.200185,-2.545815],[-44.199686,-2.545714],[-44.200021,-2.544189]]]}},{"type":"Feature","properties":{"cd_setor":"211120110000338","situacao":"Urbana","bairro":"Cohatrac","zona":"ZEU","area_m2":38263.3,"area_ha":3.826,"fonte":"IBGE, Censo 2022 — malha e agregados por setor","pessoas":459.0,"domicilios":167.0,"dom_particulares":167.0,"dom_coletivos":0.0,"moradores_por_dom":3.0,"pct_imputados":0.0,"dom_ocupados":154.0,"dom_uso_ocasional":2.0,"dom_vagos":11.0,"dens_hab_ha":119.96,"dens_dom_ha":43.64,"pct_vagos":6.6,"pct_uso_ocasional":1.2,"pct_ocupados":92.2},"geometry":{"type":"Polygon","coordinates":[[[-44.200656,-2.545941],[-44.200877,-2.545012],[-44.201355,-2.545116],[-44.201063,-2.546494],[-44.201547,-2.546605],[-44.201971,-2.5467],[-44.202037,-2.546719],[-44.201631,-2.548468],[-44.200593,-2.547903],[-44.200257,-2.54772],[-44.200559,-2.546363],[-44.200656,-2.545941]]]}},{"type":"Feature","properties":{"cd_setor":"211120110000339","situacao":"Rural","bairro":"Bom Jardim","zona":"ZRBJJ","area_m2":613824.2,"area_ha":61.382,"fonte":"IBGE, Censo 2022 — malha e agregados por setor","pessoas":475.0,"domicilios":208.0,"dom_particulares":208.0,"dom_coletivos":0.0,"moradores_por_dom":3.3,"pct_imputados":0.1127,"dom_ocupados":142.0,"dom_uso_ocasional":41.0,"dom_vagos":25.0,"dens_hab_ha":7.74,"dens_dom_ha":3.39,"pct_vagos":12.0,"pct_uso_ocasional":19.7,"pct_ocupados":68.3},"geometry":{"type":"Polygon","coordinates":[[[-44.158005,-2.626256],[-44.158382,-2.626253],[-44.158451,-2.626424],[-44.159144,-2.628235],[-44.159188,-2.628297],[-44.159702,-2.629017],[-44.160163,-2.629414],[-44.160678,-2.629756],[-44.160913,-2.630112],[-44.161,-2.630353],[-44.160908,-2.630408],[-44.160706,-2.630851],[-44.160584,-2.631165],[-44.160469,-2.631537],[-44.160209,-2.632168],[-44.159953,-2.632874],[-44.15961,-2.633685],[-44.159408,-2.63422],[-44.158997,-2.635191],[-44.158808,-2.635688],[-44.158613,-2.636172],[-44.158334,-2.636814],[-44.156474,-2.637147],[-44.15491,-2.637429],[-44.152576,-2.637724],[-44.153974,-2.635005],[-44.154477,-2.63421],[-44.154897,-2.633617],[-44.155144,-2.633326],[-44.155618,-2.632569],[-44.155811,-2.632261],[-44.156042,-2.631841],[-44.15608,-2.631755],[-44.156462,-2.631322],[-44.157519,-2.630157],[-44.15692,-2.63012],[-44.154108,-2.630227],[-44.15394,-2.628316],[-44.153459,-2.627601],[-44.154477,-2.627106],[-44.155702,-2.627606],[-44.156157,-2.627587],[-44.157914,-2.627523],[-44.158005,-2.626256]]]}},{"type":"Feature","properties":{"cd_setor":"211120110000340","situacao":"Urbana","bairro":"Cohatrac","zona":"ZEU","area_m2":30821.9,"area_ha":3.082,"fonte":"IBGE, Censo 2022 — malha e agregados por setor","pessoas":296.0,"domicilios":146.0,"dom_particulares":146.0,"dom_coletivos":0.0,"moradores_por_dom":2.6,"pct_imputados":0.0614,"dom_ocupados":114.0,"dom_uso_ocasional":1.0,"dom_vagos":31.0,"dens_hab_ha":96.04,"dens_dom_ha":47.37,"pct_vagos":21.2,"pct_uso_ocasional":0.7,"pct_ocupados":78.1},"geometry":{"type":"Polygon","coordinates":[[[-44.199683,-2.541076],[-44.199634,-2.541263],[-44.199572,-2.54155],[-44.199492,-2.541919],[-44.199487,-2.541942],[-44.199393,-2.542362],[-44.197908,-2.542015],[-44.197945,-2.541826],[-44.197543,-2.541734],[-44.197602,-2.541491],[-44.197647,-2.541306],[-44.197605,-2.541074],[-44.1977,-2.54063],[-44.198376,-2.540784],[-44.198906,-2.540903],[-44.198946,-2.540912],[-44.199464,-2.541028],[-44.199646,-2.541068],[-44.199683,-2.541076]]]}},{"type":"Feature","properties":{"cd_setor":"211120110000341","situacao":"Urbana","bairro":"Cohatrac","zona":"ZEU","area_m2":54801.5,"area_ha":5.48,"fonte":"IBGE, Censo 2022 — malha e agregados por setor","pessoas":535.0,"domicilios":212.0,"dom_particulares":212.0,"dom_coletivos":0.0,"moradores_por_dom":3.1,"pct_imputados":0.0468,"dom_ocupados":171.0,"dom_uso_ocasional":6.0,"dom_vagos":35.0,"dens_hab_ha":97.63,"dens_dom_ha":38.69,"pct_vagos":16.5,"pct_uso_ocasional":2.8,"pct_ocupados":80.7},"geometry":{"type":"Polygon","coordinates":[[[-44.195193,-2.544145],[-44.195265,-2.543999],[-44.196921,-2.544371],[-44.19697,-2.544411],[-44.197162,-2.544457],[-44.197344,-2.544486],[-44.197359,-2.544432],[-44.197413,-2.544453],[-44.197757,-2.544533],[-44.198156,-2.544619],[-44.198941,-2.544834],[-44.199009,-2.54537],[-44.198857,-2.545566],[-44.198707,-2.545764],[-44.198459,-2.546077],[-44.198104,-2.546544],[-44.197814,-2.546406],[-44.197631,-2.546292],[-44.19738,-2.546137],[-44.197112,-2.545945],[-44.196896,-2.545742],[-44.19665,-2.545511],[-44.196208,-2.545113],[-44.195627,-2.544548],[-44.195232,-2.544185],[-44.195193,-2.544145]]]}},{"type":"Feature","properties":{"cd_setor":"211120110000342","situacao":"Urbana","bairro":"Cohatrac","zona":"ZEU","area_m2":46116.4,"area_ha":4.612,"fonte":"IBGE, Censo 2022 — malha e agregados por setor","pessoas":551.0,"domicilios":224.0,"dom_particulares":224.0,"dom_coletivos":0.0,"moradores_por_dom":3.1,"pct_imputados":0.1117,"dom_ocupados":179.0,"dom_uso_ocasional":4.0,"dom_vagos":41.0,"dens_hab_ha":119.48,"dens_dom_ha":48.57,"pct_vagos":18.3,"pct_uso_ocasional":1.8,"pct_ocupados":79.9},"geometry":{"type":"Polygon","coordinates":[[[-44.194487,-2.543452],[-44.194728,-2.542586],[-44.195219,-2.542689],[-44.195627,-2.542783],[-44.196072,-2.542882],[-44.197239,-2.543132],[-44.197654,-2.543234],[-44.197554,-2.543615],[-44.197403,-2.544272],[-44.197359,-2.544432],[-44.197344,-2.544486],[-44.197162,-2.544457],[-44.19697,-2.544411],[-44.196921,-2.544371],[-44.195265,-2.543999],[-44.195193,-2.544145],[-44.19491,-2.543861],[-44.194487,-2.543452]]]}},{"type":"Feature","properties":{"cd_setor":"211120110000343","situacao":"Urbana","bairro":"Cohatrac","zona":"ZEU","area_m2":37730.5,"area_ha":3.773,"fonte":"IBGE, Censo 2022 — malha e agregados por setor","pessoas":378.0,"domicilios":142.0,"dom_particulares":142.0,"dom_coletivos":0.0,"moradores_por_dom":3.0,"pct_imputados":0.04,"dom_ocupados":125.0,"dom_uso_ocasional":1.0,"dom_vagos":16.0,"dens_hab_ha":100.18,"dens_dom_ha":37.64,"pct_vagos":11.3,"pct_uso_ocasional":0.7,"pct_ocupados":88.0},"geometry":{"type":"Polygon","coordinates":[[[-44.194812,-2.541733],[-44.195387,-2.541867],[-44.195478,-2.541453],[-44.197498,-2.541912],[-44.197403,-2.542319],[-44.197329,-2.542705],[-44.197239,-2.543132],[-44.196072,-2.542882],[-44.195627,-2.542783],[-44.195219,-2.542689],[-44.194728,-2.542586],[-44.194796,-2.541802],[-44.194812,-2.541733]]]}},{"type":"Feature","properties":{"cd_setor":"211120110000344","situacao":"Urbana","bairro":"Trizidela Da Maioba","zona":"ZEU","area_m2":76704.1,"area_ha":7.67,"fonte":"IBGE, Censo 2022 — malha e agregados por setor","pessoas":452.0,"domicilios":196.0,"dom_particulares":196.0,"dom_coletivos":0.0,"moradores_por_dom":3.2,"pct_imputados":0.0141,"dom_ocupados":142.0,"dom_uso_ocasional":16.0,"dom_vagos":38.0,"dens_hab_ha":58.93,"dens_dom_ha":25.55,"pct_vagos":19.4,"pct_uso_ocasional":8.2,"pct_ocupados":72.4},"geometry":{"type":"Polygon","coordinates":[[[-44.195435,-2.539421],[-44.195395,-2.539603],[-44.195372,-2.539689],[-44.195339,-2.539755],[-44.195286,-2.539845],[-44.195239,-2.539911],[-44.195183,-2.540041],[-44.195261,-2.540087],[-44.195332,-2.540125],[-44.195418,-2.540123],[-44.195237,-2.540263],[-44.195147,-2.540575],[-44.19507,-2.540817],[-44.194976,-2.541071],[-44.194899,-2.541335],[-44.194812,-2.541733],[-44.194796,-2.541802],[-44.194728,-2.542586],[-44.194487,-2.543452],[-44.194135,-2.543126],[-44.193135,-2.542166],[-44.192765,-2.541841],[-44.19259,-2.541671],[-44.193239,-2.540807],[-44.193477,-2.540824],[-44.19376,-2.539861],[-44.193943,-2.539043],[-44.194034,-2.539068],[-44.194293,-2.539167],[-44.194799,-2.53933],[-44.194954,-2.53929],[-44.195435,-2.539421]]]}},{"type":"Feature","properties":{"cd_setor":"211120110000345","situacao":"Urbana","bairro":"Novo Cohatrac","zona":"ZEU","area_m2":43353.2,"area_ha":4.335,"fonte":"IBGE, Censo 2022 — malha e agregados por setor","pessoas":365.0,"domicilios":196.0,"dom_particulares":196.0,"dom_coletivos":0.0,"moradores_por_dom":2.5,"pct_imputados":0.0476,"dom_ocupados":147.0,"dom_uso_ocasional":4.0,"dom_vagos":45.0,"dens_hab_ha":84.19,"dens_dom_ha":45.21,"pct_vagos":23.0,"pct_uso_ocasional":2.0,"pct_ocupados":75.0},"geometry":{"type":"Polygon","coordinates":[[[-44.193829,-2.536616],[-44.193861,-2.536518],[-44.194058,-2.535766],[-44.194055,-2.535743],[-44.19413,-2.535422],[-44.194224,-2.534983],[-44.194236,-2.534986],[-44.194346,-2.535016],[-44.195497,-2.535334],[-44.195504,-2.535336],[-44.196287,-2.535528],[-44.195937,-2.537108],[-44.195864,-2.537115],[-44.194647,-2.536807],[-44.194205,-2.536705],[-44.194124,-2.536686],[-44.193987,-2.536657],[-44.193829,-2.536616]]]}},{"type":"Feature","properties":{"cd_setor":"211120110000346","situacao":"Urbana","bairro":"Trizidela Da Maioba","zona":"ZEU","area_m2":106684.1,"area_ha":10.668,"fonte":"IBGE, Censo 2022 — malha e agregados por setor","pessoas":583.0,"domicilios":227.0,"dom_particulares":227.0,"dom_coletivos":0.0,"moradores_por_dom":3.4,"pct_imputados":0.0575,"dom_ocupados":174.0,"dom_uso_ocasional":16.0,"dom_vagos":37.0,"dens_hab_ha":54.65,"dens_dom_ha":21.28,"pct_vagos":16.3,"pct_uso_ocasional":7.0,"pct_ocupados":76.7},"geometry":{"type":"Polygon","coordinates":[[[-44.190271,-2.538469],[-44.190099,-2.53822],[-44.190029,-2.538124],[-44.189927,-2.538001],[-44.19031,-2.537536],[-44.190551,-2.537176],[-44.190839,-2.536794],[-44.191109,-2.536439],[-44.191351,-2.536085],[-44.191353,-2.536052],[-44.192757,-2.536394],[-44.193085,-2.536461],[-44.193601,-2.536566],[-44.193829,-2.536616],[-44.193987,-2.536657],[-44.194124,-2.536686],[-44.19384,-2.537789],[-44.193557,-2.538932],[-44.193456,-2.538849],[-44.192933,-2.538681],[-44.193226,-2.537703],[-44.192886,-2.53762],[-44.192796,-2.537598],[-44.192698,-2.537611],[-44.192607,-2.537659],[-44.192496,-2.537757],[-44.192352,-2.538142],[-44.192043,-2.538969],[-44.191944,-2.539232],[-44.191298,-2.540125],[-44.191053,-2.539756],[-44.190999,-2.53966],[-44.190783,-2.539312],[-44.190681,-2.539148],[-44.190497,-2.538841],[-44.190271,-2.538469]]]}},{"type":"Feature","properties":{"cd_setor":"211120110000347","situacao":"Urbana","bairro":"","zona":"ZEU","area_m2":31048.1,"area_ha":3.105,"fonte":"IBGE, Censo 2022 — malha e agregados por setor","pessoas":47.0,"domicilios":26.0,"dom_particulares":26.0,"dom_coletivos":0.0,"moradores_por_dom":3.6,"pct_imputados":0.1538,"dom_ocupados":13.0,"dom_uso_ocasional":5.0,"dom_vagos":8.0,"dens_hab_ha":15.14,"dens_dom_ha":8.37,"pct_vagos":30.8,"pct_uso_ocasional":19.2,"pct_ocupados":50.0},"geometry":{"type":"Polygon","coordinates":[[[-44.179367,-2.499491],[-44.179409,-2.499248],[-44.179462,-2.49876],[-44.179499,-2.498703],[-44.179509,-2.498626],[-44.179532,-2.49859],[-44.179568,-2.498555],[-44.179588,-2.49853],[-44.179599,-2.498513],[-44.179649,-2.498565],[-44.182058,-2.498942],[-44.181901,-2.499907],[-44.180117,-2.499637],[-44.179509,-2.499531],[-44.179367,-2.499491]]]}},{"type":"Feature","properties":{"cd_setor":"211120110000348","situacao":"Urbana","bairro":"Altos do Itapiracó","zona":"ZDU - A","area_m2":250710.2,"area_ha":25.071,"fonte":"IBGE, Censo 2022 — malha e agregados por setor","pessoas":55.0,"domicilios":34.0,"dom_particulares":34.0,"dom_coletivos":0.0,"moradores_por_dom":3.4,"pct_imputados":0.0625,"dom_ocupados":16.0,"dom_uso_ocasional":2.0,"dom_vagos":16.0,"dens_hab_ha":2.19,"dens_dom_ha":1.36,"pct_vagos":47.1,"pct_uso_ocasional":5.9,"pct_ocupados":47.1},"geometry":{"type":"Polygon","coordinates":[[[-44.17962,-2.495213],[-44.179615,-2.494954],[-44.179612,-2.494754],[-44.179612,-2.494671],[-44.179883,-2.494668],[-44.179939,-2.494667],[-44.180289,-2.494685],[-44.180345,-2.494694],[-44.180879,-2.494778],[-44.181528,-2.494883],[-44.181825,-2.494999],[-44.18209,-2.495109],[-44.182531,-2.495312],[-44.183597,-2.495819],[-44.184147,-2.495973],[-44.184889,-2.496136],[-44.185268,-2.496196],[-44.185929,-2.496155],[-44.186381,-2.496132],[-44.186475,-2.496121],[-44.186639,-2.496081],[-44.186804,-2.49598],[-44.186913,-2.495858],[-44.186999,-2.495746],[-44.18708,-2.495534],[-44.187134,-2.495345],[-44.187134,-2.495027],[-44.187132,-2.494708],[-44.187083,-2.494222],[-44.187089,-2.49399],[-44.187091,-2.493873],[-44.187238,-2.493802],[-44.187372,-2.493768],[-44.187575,-2.493798],[-44.187825,-2.493871],[-44.188077,-2.493975],[-44.188356,-2.494178],[-44.188994,-2.494628],[-44.189576,-2.495038],[-44.190215,-2.495423],[-44.190711,-2.495623],[-44.190629,-2.496637],[-44.190659,-2.496982],[-44.190695,-2.497128],[-44.190198,-2.496839],[-44.189533,-2.496728],[-44.188582,-2.49672],[-44.187568,-2.496958],[-44.186491,-2.49729],[-44.184955,-2.49737],[-44.18387,-2.497306],[-44.182848,-2.497235],[-44.180907,-2.496974],[-44.179925,-2.496791],[-44.179579,-2.496702],[-44.179604,-2.496145],[-44.179628,-2.495626],[-44.17962,-2.495213]]]}},{"type":"Feature","properties":{"cd_setor":"211120110000349","situacao":"Urbana","bairro":"Altos do Itapiracó","zona":"ZEU","area_m2":311407.6,"area_ha":31.141,"fonte":"IBGE, Censo 2022 — malha e agregados por setor","pessoas":423.0,"domicilios":192.0,"dom_particulares":192.0,"dom_coletivos":0.0,"moradores_por_dom":2.9,"pct_imputados":0.0207,"dom_ocupados":145.0,"dom_uso_ocasional":9.0,"dom_vagos":38.0,"dens_hab_ha":13.58,"dens_dom_ha":6.17,"pct_vagos":19.8,"pct_uso_ocasional":4.7,"pct_ocupados":75.5},"geometry":{"type":"Polygon","coordinates":[[[-44.190685,-2.520053],[-44.19066,-2.520023],[-44.190627,-2.519997],[-44.190593,-2.519992],[-44.190562,-2.520007],[-44.190507,-2.520043],[-44.190471,-2.520055],[-44.190418,-2.520063],[-44.190371,-2.520064],[-44.190322,-2.520058],[-44.190281,-2.520049],[-44.190215,-2.520027],[-44.190134,-2.520001],[-44.189946,-2.519952],[-44.189906,-2.519752],[-44.190339,-2.519305],[-44.19098,-2.518063],[-44.191083,-2.518093],[-44.191145,-2.518106],[-44.191168,-2.518111],[-44.191326,-2.518146],[-44.191448,-2.518172],[-44.191462,-2.518175],[-44.191465,-2.518176],[-44.192265,-2.518361],[-44.19242,-2.518396],[-44.193675,-2.518686],[-44.193981,-2.518697],[-44.194022,-2.518699],[-44.194412,-2.518776],[-44.194802,-2.518839],[-44.195069,-2.518899],[-44.195115,-2.518909],[-44.195495,-2.518993],[-44.195859,-2.519074],[-44.196172,-2.519144],[-44.196524,-2.519222],[-44.196601,-2.519239],[-44.196999,-2.519328],[-44.197333,-2.519402],[-44.197592,-2.51946],[-44.197699,-2.519484],[-44.198041,-2.51956],[-44.198413,-2.519643],[-44.198926,-2.519819],[-44.19907,-2.519837],[-44.19921,-2.519849],[-44.199945,-2.519785],[-44.199952,-2.519785],[-44.200007,-2.519782],[-44.200011,-2.519782],[-44.200018,-2.519781],[-44.200037,-2.51978],[-44.200152,-2.519772],[-44.200496,-2.51975],[-44.200719,-2.519735],[-44.201195,-2.51973],[-44.201193,-2.519846],[-44.201205,-2.520329],[-44.201221,-2.520715],[-44.201244,-2.52098],[-44.201284,-2.52136],[-44.201345,-2.521958],[-44.201344,-2.522285],[-44.201315,-2.522345],[-44.201249,-2.522412],[-44.201183,-2.522468],[-44.201055,-2.522487],[-44.200938,-2.522467],[-44.200685,-2.522484],[-44.200626,-2.522486],[-44.200579,-2.522511],[-44.200202,-2.522695],[-44.20015,-2.522717],[-44.200079,-2.522744],[-44.200026,-2.522752],[-44.199961,-2.52275],[-44.199821,-2.522741],[-44.199699,-2.522729],[-44.199581,-2.522708],[-44.199519,-2.52269],[-44.199455,-2.522669],[-44.198676,-2.52241],[-44.198634,-2.522399],[-44.19858,-2.522376],[-44.198548,-2.522365],[-44.197264,-2.521887],[-44.197199,-2.52187],[-44.197109,-2.521876],[-44.197034,-2.521899],[-44.196967,-2.521894],[-44.196903,-2.521856],[-44.196454,-2.521604],[-44.196159,-2.521457],[-44.195819,-2.521319],[-44.195713,-2.521277],[-44.195678,-2.521268],[-44.195619,-2.521256],[-44.195199,-2.521037],[-44.195145,-2.521003],[-44.195074,-2.520974],[-44.194677,-2.520868],[-44.194636,-2.520848],[-44.194412,-2.520759],[-44.194336,-2.520744],[-44.194268,-2.520745],[-44.194025,-2.520798],[-44.193817,-2.520823],[-44.193643,-2.520845],[-44.193526,-2.52084],[-44.193473,-2.520831],[-44.193307,-2.520781],[-44.193262,-2.520758],[-44.193234,-2.520724],[-44.193218,-2.520642],[-44.193189,-2.520594],[-44.193149,-2.520554],[-44.193098,-2.520506],[-44.192999,-2.520413],[-44.19297,-2.520371],[-44.192961,-2.520325],[-44.192951,-2.520247],[-44.192952,-2.520202],[-44.192941,-2.520176],[-44.192922,-2.520158],[-44.19288,-2.520131],[-44.192787,-2.520098],[-44.192716,-2.520085],[-44.192491,-2.52009],[-44.192322,-2.520093],[-44.192186,-2.520096],[-44.192141,-2.520095],[-44.192097,-2.520107],[-44.19206,-2.520135],[-44.192025,-2.52017],[-44.192009,-2.520198],[-44.192001,-2.520233],[-44.191945,-2.520321],[-44.191911,-2.52036],[-44.191884,-2.520388],[-44.19184,-2.520409],[-44.191807,-2.520405],[-44.191772,-2.52038],[-44.191758,-2.520332],[-44.191736,-2.520312],[-44.191706,-2.520306],[-44.191645,-2.520323],[-44.191604,-2.520327],[-44.191575,-2.520324],[-44.191454,-2.520293],[-44.191433,-2.520287],[-44.191348,-2.520248],[-44.191274,-2.520215],[-44.191209,-2.520198],[-44.191121,-2.520198],[-44.191065,-2.520213],[-44.19101,-2.520234],[-44.190919,-2.520276],[-44.190874,-2.52028],[-44.19082,-2.520266],[-44.190777,-2.520232],[-44.190718,-2.520159],[-44.190685,-2.520053]]]}},{"type":"Feature","properties":{"cd_setor":"211120110000352","situacao":"Urbana","bairro":"Boa Vista","zona":"ZDU - A","area_m2":160878.0,"area_ha":16.088,"fonte":"IBGE, Censo 2022 — malha e agregados por setor","pessoas":472.0,"domicilios":175.0,"dom_particulares":175.0,"dom_coletivos":0.0,"moradores_por_dom":3.3,"pct_imputados":0.0,"dom_ocupados":145.0,"dom_uso_ocasional":9.0,"dom_vagos":21.0,"dens_hab_ha":29.34,"dens_dom_ha":10.88,"pct_vagos":12.0,"pct_uso_ocasional":5.1,"pct_ocupados":82.9},"geometry":{"type":"Polygon","coordinates":[[[-44.1817,-2.488448],[-44.182415,-2.489104],[-44.182459,-2.489148],[-44.182398,-2.489385],[-44.182334,-2.490046],[-44.182304,-2.491283],[-44.182256,-2.492146],[-44.182217,-2.493247],[-44.18212,-2.494841],[-44.18209,-2.495109],[-44.181825,-2.494999],[-44.181528,-2.494883],[-44.180879,-2.494778],[-44.180345,-2.494694],[-44.180289,-2.494685],[-44.179939,-2.494667],[-44.179941,-2.494657],[-44.179939,-2.494603],[-44.179916,-2.493881],[-44.180384,-2.493869],[-44.180389,-2.491287],[-44.180374,-2.490181],[-44.180371,-2.489887],[-44.180369,-2.489225],[-44.180371,-2.488452],[-44.180387,-2.487303],[-44.180733,-2.487587],[-44.181064,-2.487895],[-44.181317,-2.488114],[-44.1817,-2.488448]]]}},{"type":"Feature","properties":{"cd_setor":"211120110000353","situacao":"Urbana","bairro":"Araçagy","zona":"ZEU","area_m2":719380.9,"area_ha":71.938,"fonte":"IBGE, Censo 2022 — malha e agregados por setor","pessoas":567.0,"domicilios":252.0,"dom_particulares":251.0,"dom_coletivos":1.0,"moradores_por_dom":3.1,"pct_imputados":0.0222,"dom_ocupados":180.0,"dom_uso_ocasional":24.0,"dom_vagos":47.0,"dens_hab_ha":7.88,"dens_dom_ha":3.49,"pct_vagos":18.7,"pct_uso_ocasional":9.6,"pct_ocupados":71.7},"geometry":{"type":"Polygon","coordinates":[[[-44.179552,-2.497318],[-44.179561,-2.497092],[-44.179579,-2.496702],[-44.179925,-2.496791],[-44.180907,-2.496974],[-44.182848,-2.497235],[-44.18387,-2.497306],[-44.184955,-2.49737],[-44.186491,-2.49729],[-44.187568,-2.496958],[-44.188582,-2.49672],[-44.189533,-2.496728],[-44.190198,-2.496839],[-44.190695,-2.497128],[-44.190786,-2.497274],[-44.191269,-2.498],[-44.191718,-2.498455],[-44.191975,-2.498755],[-44.191981,-2.498758],[-44.191802,-2.499817],[-44.191736,-2.500238],[-44.191465,-2.502278],[-44.191405,-2.502731],[-44.191281,-2.50337],[-44.191197,-2.503982],[-44.1911,-2.504641],[-44.190996,-2.505348],[-44.188269,-2.504943],[-44.187198,-2.504819],[-44.187175,-2.504817],[-44.185135,-2.504594],[-44.185144,-2.504538],[-44.185308,-2.502339],[-44.185314,-2.502286],[-44.185386,-2.501625],[-44.185568,-2.500736],[-44.185638,-2.500442],[-44.185736,-2.500035],[-44.185912,-2.498979],[-44.185523,-2.498882],[-44.184912,-2.498782],[-44.184816,-2.498835],[-44.184697,-2.499284],[-44.184347,-2.499269],[-44.182058,-2.498942],[-44.179649,-2.498565],[-44.179599,-2.498513],[-44.179605,-2.498484],[-44.179595,-2.498381],[-44.179583,-2.498305],[-44.179508,-2.49831],[-44.179552,-2.497318]]]}},{"type":"Feature","properties":{"cd_setor":"211120110000354","situacao":"Urbana","bairro":"Miritiua","zona":"ZDU - A","area_m2":434603.9,"area_ha":43.46,"fonte":"IBGE, Censo 2022 — malha e agregados por setor","pessoas":443.0,"domicilios":188.0,"dom_particulares":188.0,"dom_coletivos":0.0,"moradores_por_dom":2.7,"pct_imputados":0.0359,"dom_ocupados":167.0,"dom_uso_ocasional":3.0,"dom_vagos":18.0,"dens_hab_ha":10.19,"dens_dom_ha":4.33,"pct_vagos":9.6,"pct_uso_ocasional":1.6,"pct_ocupados":88.8},"geometry":{"type":"Polygon","coordinates":[[[-44.211035,-2.512198],[-44.210932,-2.512238],[-44.210878,-2.512263],[-44.210859,-2.512279],[-44.210843,-2.512298],[-44.210794,-2.512373],[-44.21075,-2.51247],[-44.210732,-2.512499],[-44.210718,-2.51262],[-44.210726,-2.512724],[-44.210363,-2.512401],[-44.210211,-2.512257],[-44.210022,-2.512084],[-44.209858,-2.511949],[-44.209677,-2.511774],[-44.209229,-2.511357],[-44.208928,-2.511102],[-44.207803,-2.510058],[-44.206414,-2.508867],[-44.205116,-2.507724],[-44.205026,-2.507806],[-44.204264,-2.507667],[-44.20347,-2.507483],[-44.203679,-2.506431],[-44.20298,-2.505895],[-44.202926,-2.505847],[-44.20227,-2.505266],[-44.20168,-2.504778],[-44.20099,-2.504186],[-44.20009,-2.503485],[-44.199745,-2.503235],[-44.199235,-2.502939],[-44.199059,-2.502836],[-44.198474,-2.502489],[-44.19804,-2.502216],[-44.197405,-2.501841],[-44.197365,-2.501819],[-44.196605,-2.501391],[-44.195979,-2.501035],[-44.19506,-2.500466],[-44.194872,-2.500362],[-44.194659,-2.500235],[-44.194294,-2.500023],[-44.193858,-2.499823],[-44.193322,-2.49955],[-44.19317,-2.499461],[-44.192543,-2.499133],[-44.191981,-2.498758],[-44.191975,-2.498755],[-44.191718,-2.498455],[-44.191269,-2.498],[-44.190786,-2.497274],[-44.190695,-2.497128],[-44.191219,-2.496994],[-44.192173,-2.49724],[-44.193266,-2.497654],[-44.19421,-2.497982],[-44.194524,-2.498167],[-44.195153,-2.498727],[-44.196335,-2.499356],[-44.197217,-2.499828],[-44.197723,-2.500142],[-44.198249,-2.500709],[-44.198509,-2.501106],[-44.198946,-2.50168],[-44.199445,-2.502104],[-44.199979,-2.502432],[-44.200447,-2.502645],[-44.200729,-2.502909],[-44.200876,-2.503107],[-44.201214,-2.503708],[-44.201754,-2.504307],[-44.20212,-2.504468],[-44.202677,-2.504544],[-44.203302,-2.504543],[-44.203712,-2.504604],[-44.204022,-2.504739],[-44.20498,-2.505238],[-44.205542,-2.505764],[-44.206217,-2.506319],[-44.206598,-2.506658],[-44.207043,-2.507161],[-44.207397,-2.50755],[-44.207579,-2.507808],[-44.207853,-2.50802],[-44.208201,-2.508368],[-44.208605,-2.508648],[-44.208878,-2.508881],[-44.209083,-2.509151],[-44.209562,-2.509804],[-44.209808,-2.510118],[-44.210119,-2.510494],[-44.210454,-2.510709],[-44.210853,-2.510938],[-44.211216,-2.511147],[-44.211363,-2.511307],[-44.211366,-2.511533],[-44.211428,-2.511629],[-44.211516,-2.511738],[-44.211866,-2.511746],[-44.211873,-2.511811],[-44.211884,-2.511845],[-44.211892,-2.511873],[-44.211897,-2.51191],[-44.211911,-2.511949],[-44.211969,-2.512066],[-44.211974,-2.512094],[-44.211969,-2.512125],[-44.211957,-2.512161],[-44.211939,-2.512188],[-44.211909,-2.512205],[-44.211885,-2.512207],[-44.211849,-2.512199],[-44.211817,-2.512177],[-44.211748,-2.512111],[-44.211715,-2.512087],[-44.211676,-2.512053],[-44.211667,-2.512032],[-44.21167,-2.512014],[-44.211683,-2.511985],[-44.211703,-2.511949],[-44.211711,-2.511917],[-44.211702,-2.511893],[-44.211634,-2.511844],[-44.211576,-2.511832],[-44.211541,-2.511831],[-44.211475,-2.511866],[-44.211391,-2.511892],[-44.211372,-2.511918],[-44.211361,-2.51195],[-44.211345,-2.511994],[-44.211306,-2.512075],[-44.2113,-2.512093],[-44.211289,-2.512127],[-44.211283,-2.512178],[-44.211276,-2.51219],[-44.211242,-2.512207],[-44.21109,-2.512198],[-44.211053,-2.512198],[-44.211035,-2.512198]]]}},{"type":"Feature","properties":{"cd_setor":"211120110000355","situacao":"Urbana","bairro":"Saramanta","zona":"ZEU","area_m2":129371.3,"area_ha":12.937,"fonte":"IBGE, Censo 2022 — malha e agregados por setor","pessoas":197.0,"domicilios":66.0,"dom_particulares":66.0,"dom_coletivos":0.0,"moradores_por_dom":3.3,"pct_imputados":0.05,"dom_ocupados":60.0,"dom_uso_ocasional":0.0,"dom_vagos":6.0,"dens_hab_ha":15.23,"dens_dom_ha":5.1,"pct_vagos":9.1,"pct_uso_ocasional":0.0,"pct_ocupados":90.9},"geometry":{"type":"Polygon","coordinates":[[[-44.206359,-2.553338],[-44.206411,-2.55341],[-44.206504,-2.553503],[-44.206559,-2.553551],[-44.206602,-2.55358],[-44.206638,-2.553622],[-44.206687,-2.553692],[-44.206778,-2.553908],[-44.206778,-2.554024],[-44.205867,-2.554029],[-44.205465,-2.554045],[-44.205491,-2.553848],[-44.205498,-2.553679],[-44.205353,-2.553626],[-44.20526,-2.553642],[-44.204922,-2.55349],[-44.204843,-2.553429],[-44.204734,-2.553291],[-44.204675,-2.553148],[-44.204654,-2.55301],[-44.204614,-2.552815],[-44.204586,-2.552701],[-44.204557,-2.552637],[-44.204529,-2.55255],[-44.204452,-2.552387],[-44.204394,-2.552301],[-44.204287,-2.552167],[-44.204143,-2.55203],[-44.203989,-2.551904],[-44.203708,-2.551735],[-44.203444,-2.551707],[-44.2032,-2.551608],[-44.203072,-2.551504],[-44.202816,-2.551525],[-44.20321,-2.552759],[-44.203364,-2.552739],[-44.20339,-2.552834],[-44.203525,-2.553365],[-44.203682,-2.554078],[-44.203505,-2.554078],[-44.202579,-2.554093],[-44.202327,-2.554109],[-44.20217,-2.55412],[-44.201494,-2.55421],[-44.200775,-2.554269],[-44.200226,-2.554318],[-44.200336,-2.551587],[-44.200786,-2.551602],[-44.201121,-2.551588],[-44.201688,-2.551599],[-44.20199,-2.55157],[-44.202238,-2.551376],[-44.2024,-2.551269],[-44.202587,-2.551214],[-44.203117,-2.55131],[-44.2035,-2.55146],[-44.203805,-2.551472],[-44.204029,-2.551607],[-44.204218,-2.551786],[-44.204394,-2.551957],[-44.204633,-2.552137],[-44.204645,-2.552169],[-44.204741,-2.552242],[-44.204978,-2.552409],[-44.205153,-2.552507],[-44.205271,-2.5526],[-44.205407,-2.552681],[-44.205514,-2.552755],[-44.205689,-2.552881],[-44.205773,-2.552956],[-44.20592,-2.553034],[-44.205997,-2.553094],[-44.206109,-2.553178],[-44.206221,-2.553201],[-44.206296,-2.553248],[-44.206359,-2.553338]]]}},{"type":"Feature","properties":{"cd_setor":"211120110000356","situacao":"Urbana","bairro":"São Brás E Macaco","zona":"ZRMS","area_m2":5459339.1,"area_ha":545.934,"fonte":"IBGE, Censo 2022 — malha e agregados por setor","pessoas":469.0,"domicilios":314.0,"dom_particulares":314.0,"dom_coletivos":0.0,"moradores_por_dom":2.4,"pct_imputados":0.0677,"dom_ocupados":192.0,"dom_uso_ocasional":42.0,"dom_vagos":80.0,"dens_hab_ha":0.86,"dens_dom_ha":0.58,"pct_vagos":25.5,"pct_uso_ocasional":13.4,"pct_ocupados":61.1},"geometry":{"type":"Polygon","coordinates":[[[-44.163562,-2.618152],[-44.163193,-2.618031],[-44.16286,-2.617906],[-44.16252,-2.617631],[-44.162132,-2.617547],[-44.154736,-2.616096],[-44.154464,-2.616407],[-44.154174,-2.616668],[-44.15393,-2.616719],[-44.153284,-2.616628],[-44.151881,-2.614932],[-44.151458,-2.61494],[-44.150938,-2.614888],[-44.150195,-2.614619],[-44.149892,-2.615051],[-44.149513,-2.615525],[-44.149057,-2.615503],[-44.148832,-2.615511],[-44.14876,-2.615006],[-44.14853,-2.614673],[-44.148167,-2.614424],[-44.147822,-2.614422],[-44.147498,-2.614569],[-44.147187,-2.614821],[-44.14696,-2.615059],[-44.146927,-2.615436],[-44.146982,-2.615903],[-44.147082,-2.616296],[-44.146964,-2.616593],[-44.146725,-2.616763],[-44.146379,-2.616615],[-44.145888,-2.616335],[-44.145593,-2.616104],[-44.145341,-2.615922],[-44.145094,-2.615378],[-44.144587,-2.614024],[-44.144501,-2.613598],[-44.144783,-2.613253],[-44.144996,-2.612946],[-44.145178,-2.612629],[-44.145192,-2.612301],[-44.145024,-2.61207],[-44.144637,-2.612029],[-44.14386,-2.612453],[-44.143342,-2.61289],[-44.142929,-2.612977],[-44.142484,-2.613048],[-44.142233,-2.612957],[-44.142096,-2.612746],[-44.142126,-2.612273],[-44.142346,-2.611647],[-44.142555,-2.610824],[-44.142897,-2.609915],[-44.143499,-2.60953],[-44.143909,-2.609337],[-44.144456,-2.609088],[-44.145144,-2.608888],[-44.145395,-2.608455],[-44.145038,-2.608049],[-44.143557,-2.607944],[-44.142323,-2.607613],[-44.140935,-2.607743],[-44.138637,-2.608097],[-44.137984,-2.607977],[-44.13784,-2.607237],[-44.137739,-2.605336],[-44.138714,-2.604998],[-44.138877,-2.604961],[-44.139112,-2.604888],[-44.139399,-2.604762],[-44.139488,-2.604691],[-44.139756,-2.604442],[-44.140007,-2.604264],[-44.140205,-2.604102],[-44.140403,-2.603921],[-44.140493,-2.603777],[-44.140549,-2.603524],[-44.141234,-2.602581],[-44.141367,-2.602308],[-44.141469,-2.601864],[-44.141486,-2.601659],[-44.141375,-2.601069],[-44.141302,-2.600723],[-44.141244,-2.60051],[-44.14124,-2.600224],[-44.141241,-2.600077],[-44.141224,-2.599885],[-44.1413,-2.599653],[-44.141362,-2.599439],[-44.141367,-2.599226],[-44.141368,-2.599057],[-44.141405,-2.598799],[-44.141459,-2.598573],[-44.141504,-2.598418],[-44.141589,-2.598179],[-44.141693,-2.597773],[-44.141747,-2.597614],[-44.141819,-2.597455],[-44.141961,-2.597138],[-44.142104,-2.597022],[-44.142316,-2.596933],[-44.142463,-2.596816],[-44.142587,-2.596736],[-44.14276,-2.596646],[-44.142898,-2.596558],[-44.142987,-2.596491],[-44.143213,-2.596336],[-44.143426,-2.596123],[-44.143782,-2.595918],[-44.144102,-2.595871],[-44.144289,-2.595835],[-44.144494,-2.595806],[-44.144762,-2.595759],[-44.145004,-2.595756],[-44.145362,-2.595726],[-44.145714,-2.595756],[-44.145908,-2.595822],[-44.146103,-2.5959],[-44.146292,-2.595971],[-44.146456,-2.596043],[-44.1467,-2.596127],[-44.146859,-2.596199],[-44.147126,-2.596343],[-44.147259,-2.596428],[-44.147563,-2.59657],[-44.147713,-2.596627],[-44.147848,-2.59667],[-44.148126,-2.596743],[-44.148268,-2.596772],[-44.148554,-2.596744],[-44.148712,-2.596652],[-44.148832,-2.596556],[-44.148956,-2.596432],[-44.14934,-2.596001],[-44.149561,-2.595796],[-44.149791,-2.595649],[-44.149953,-2.595602],[-44.15013,-2.595586],[-44.150357,-2.595561],[-44.150688,-2.595489],[-44.150961,-2.595469],[-44.15123,-2.595501],[-44.151408,-2.595535],[-44.151738,-2.595531],[-44.15187,-2.59552],[-44.151993,-2.59551],[-44.152753,-2.595446],[-44.152855,-2.595476],[-44.152948,-2.595526],[-44.15337,-2.595749],[-44.153809,-2.595937],[-44.154045,-2.596134],[-44.154233,-2.596294],[-44.154424,-2.596428],[-44.15472,-2.596578],[-44.154865,-2.596564],[-44.15512,-2.596497],[-44.15541,-2.596408],[-44.155703,-2.596383],[-44.15596,-2.596371],[-44.156327,-2.596393],[-44.15657,-2.59644],[-44.156792,-2.596496],[-44.156969,-2.596537],[-44.157343,-2.596554],[-44.157441,-2.596518],[-44.157565,-2.596462],[-44.157669,-2.596429],[-44.157832,-2.596435],[-44.158111,-2.596444],[-44.158606,-2.596421],[-44.166513,-2.596263],[-44.168054,-2.596233],[-44.168744,-2.596221],[-44.168677,-2.596341],[-44.168514,-2.596622],[-44.168372,-2.596852],[-44.168285,-2.596994],[-44.168189,-2.597179],[-44.168145,-2.597281],[-44.168086,-2.59742],[-44.168062,-2.597475],[-44.168026,-2.597555],[-44.167959,-2.597768],[-44.167929,-2.597864],[-44.167892,-2.597986],[-44.167861,-2.59808],[-44.167804,-2.59819],[-44.167739,-2.598283],[-44.167637,-2.598421],[-44.167595,-2.598474],[-44.167529,-2.598547],[-44.167479,-2.598615],[-44.167421,-2.598702],[-44.167375,-2.598785],[-44.167282,-2.598971],[-44.167227,-2.599094],[-44.167197,-2.599156],[-44.167051,-2.599359],[-44.166964,-2.599465],[-44.166953,-2.599477],[-44.166917,-2.599506],[-44.166889,-2.599525],[-44.166819,-2.599572],[-44.166782,-2.599597],[-44.166648,-2.599672],[-44.16648,-2.599763],[-44.166344,-2.599837],[-44.166048,-2.599975],[-44.165746,-2.600116],[-44.165444,-2.600257],[-44.165314,-2.600316],[-44.165144,-2.600409],[-44.165051,-2.600463],[-44.164974,-2.600506],[-44.164856,-2.600588],[-44.164755,-2.600678],[-44.164657,-2.600771],[-44.164514,-2.600916],[-44.164371,-2.601086],[-44.164256,-2.601247],[-44.164157,-2.601385],[-44.164072,-2.601507],[-44.164049,-2.601546],[-44.164038,-2.601569],[-44.164004,-2.60166],[-44.163936,-2.601853],[-44.163894,-2.601984],[-44.163859,-2.602097],[-44.163842,-2.602164],[-44.163814,-2.602296],[-44.163782,-2.602422],[-44.163737,-2.602587],[-44.163708,-2.602697],[-44.163679,-2.602788],[-44.163654,-2.602873],[-44.163598,-2.603058],[-44.163496,-2.60342],[-44.163449,-2.603543],[-44.163417,-2.603629],[-44.163349,-2.603783],[-44.163249,-2.603961],[-44.163216,-2.604026],[-44.163206,-2.604052],[-44.163189,-2.604114],[-44.163177,-2.60415],[-44.163135,-2.604273],[-44.16308,-2.604457],[-44.163037,-2.604595],[-44.163006,-2.604701],[-44.162974,-2.604823],[-44.162955,-2.60491],[-44.162939,-2.604975],[-44.162917,-2.605043],[-44.162888,-2.605116],[-44.162832,-2.605258],[-44.162802,-2.605329],[-44.162725,-2.605458],[-44.162627,-2.605637],[-44.162559,-2.60578],[-44.162508,-2.605934],[-44.162481,-2.606044],[-44.162428,-2.606253],[-44.162377,-2.606462],[-44.16234,-2.606621],[-44.162333,-2.606671],[-44.162328,-2.606723],[-44.162312,-2.606849],[-44.162301,-2.606903],[-44.162286,-2.606947],[-44.162238,-2.607045],[-44.162197,-2.607115],[-44.162143,-2.607188],[-44.162074,-2.607281],[-44.161931,-2.607475],[-44.16185,-2.607584],[-44.161761,-2.607705],[-44.161726,-2.607754],[-44.161697,-2.607805],[-44.161688,-2.607833],[-44.161686,-2.607864],[-44.161688,-2.607914],[-44.161691,-2.607997],[-44.161697,-2.608057],[-44.161766,-2.608258],[-44.161787,-2.608339],[-44.161801,-2.608392],[-44.161815,-2.608424],[-44.161838,-2.608459],[-44.16188,-2.608517],[-44.161946,-2.608599],[-44.162027,-2.608697],[-44.162072,-2.608747],[-44.16213,-2.608804],[-44.162192,-2.608856],[-44.162243,-2.608894],[-44.162321,-2.608947],[-44.162372,-2.608987],[-44.1624,-2.609032],[-44.162444,-2.609127],[-44.162511,-2.609239],[-44.162572,-2.609337],[-44.162642,-2.609451],[-44.162677,-2.609534],[-44.162782,-2.609721],[-44.162911,-2.609963],[-44.162954,-2.610044],[-44.163005,-2.610139],[-44.163134,-2.610394],[-44.163376,-2.610986],[-44.163444,-2.611133],[-44.16352,-2.611283],[-44.163546,-2.611335],[-44.163572,-2.611388],[-44.163592,-2.611437],[-44.163639,-2.61155],[-44.163662,-2.611638],[-44.163669,-2.611677],[-44.163669,-2.611762],[-44.163645,-2.611875],[-44.163621,-2.611992],[-44.163577,-2.612206],[-44.163545,-2.612388],[-44.163513,-2.612489],[-44.163454,-2.612631],[-44.163392,-2.612783],[-44.163367,-2.612838],[-44.163351,-2.612885],[-44.163294,-2.61312],[-44.163276,-2.613225],[-44.16326,-2.613294],[-44.163242,-2.613343],[-44.163235,-2.613393],[-44.163232,-2.613444],[-44.163237,-2.613536],[-44.163252,-2.613721],[-44.163254,-2.614052],[-44.163255,-2.614221],[-44.163313,-2.614789],[-44.16335,-2.615455],[-44.163433,-2.615676],[-44.16345,-2.615875],[-44.163468,-2.616002],[-44.163473,-2.616054],[-44.163466,-2.616106],[-44.163441,-2.616179],[-44.163412,-2.616265],[-44.163367,-2.616525],[-44.163334,-2.616756],[-44.163312,-2.616958],[-44.163297,-2.617005],[-44.163305,-2.617052],[-44.163332,-2.617091],[-44.16336,-2.617117],[-44.163372,-2.617151],[-44.16338,-2.617225],[-44.163428,-2.617756],[-44.163444,-2.617955],[-44.163463,-2.618048],[-44.163511,-2.618107],[-44.163562,-2.618152]]]}},{"type":"Feature","properties":{"cd_setor":"211120110000359","situacao":"Urbana","bairro":"Mata","zona":"ZRMS","area_m2":192940.2,"area_ha":19.294,"fonte":"IBGE, Censo 2022 — malha e agregados por setor","pessoas":384.0,"domicilios":157.0,"dom_particulares":157.0,"dom_coletivos":0.0,"moradores_por_dom":3.4,"pct_imputados":0.0351,"dom_ocupados":114.0,"dom_uso_ocasional":23.0,"dom_vagos":20.0,"dens_hab_ha":19.9,"dens_dom_ha":8.14,"pct_vagos":12.7,"pct_uso_ocasional":14.6,"pct_ocupados":72.6},"geometry":{"type":"Polygon","coordinates":[[[-44.168593,-2.583801],[-44.168754,-2.583156],[-44.168867,-2.582672],[-44.169012,-2.582159],[-44.169144,-2.581617],[-44.16932,-2.58107],[-44.169446,-2.58069],[-44.169694,-2.580773],[-44.170136,-2.579648],[-44.170137,-2.579645],[-44.170405,-2.579329],[-44.170769,-2.579497],[-44.171113,-2.579716],[-44.171454,-2.580254],[-44.171916,-2.58053],[-44.172161,-2.58046],[-44.172668,-2.580578],[-44.172595,-2.580693],[-44.172533,-2.580887],[-44.172494,-2.581196],[-44.172732,-2.581315],[-44.172896,-2.581476],[-44.173022,-2.581645],[-44.173096,-2.58186],[-44.173233,-2.582238],[-44.173334,-2.582422],[-44.17346,-2.582571],[-44.173886,-2.582941],[-44.174989,-2.583577],[-44.174826,-2.583761],[-44.174764,-2.583805],[-44.174646,-2.5838],[-44.173313,-2.583764],[-44.170551,-2.583793],[-44.168711,-2.583799],[-44.168593,-2.583801]]]}},{"type":"Feature","properties":{"cd_setor":"211120110000360","situacao":"Urbana","bairro":"Matinha","zona":"ZPA JENIPARANA","area_m2":598160.8,"area_ha":59.816,"fonte":"IBGE, Censo 2022 — malha e agregados por setor","pessoas":1248.0,"domicilios":646.0,"dom_particulares":646.0,"dom_coletivos":0.0,"moradores_por_dom":3.3,"pct_imputados":0.0105,"dom_ocupados":382.0,"dom_uso_ocasional":165.0,"dom_vagos":99.0,"dens_hab_ha":20.86,"dens_dom_ha":10.8,"pct_vagos":15.3,"pct_uso_ocasional":25.5,"pct_ocupados":59.1},"geometry":{"type":"Polygon","coordinates":[[[-44.155914,-2.575604],[-44.156007,-2.575562],[-44.156458,-2.575198],[-44.156659,-2.575044],[-44.156753,-2.575008],[-44.157703,-2.575112],[-44.158499,-2.575207],[-44.159241,-2.575202],[-44.159384,-2.575176],[-44.15961,-2.574797],[-44.159922,-2.57441],[-44.160064,-2.574295],[-44.160408,-2.57456],[-44.160518,-2.574636],[-44.160673,-2.574776],[-44.161429,-2.575439],[-44.161765,-2.575647],[-44.162237,-2.575933],[-44.16212,-2.57617],[-44.161826,-2.57679],[-44.161567,-2.576932],[-44.161212,-2.577168],[-44.161093,-2.577216],[-44.16066,-2.577382],[-44.160176,-2.577657],[-44.160128,-2.577673],[-44.159693,-2.577892],[-44.159255,-2.578208],[-44.158355,-2.578902],[-44.157533,-2.579511],[-44.157525,-2.579519],[-44.156976,-2.580043],[-44.156072,-2.580858],[-44.155859,-2.581011],[-44.155746,-2.581095],[-44.155194,-2.581683],[-44.154614,-2.58222],[-44.153964,-2.582734],[-44.153722,-2.582902],[-44.153587,-2.582961],[-44.153386,-2.583],[-44.152722,-2.583039],[-44.152634,-2.583052],[-44.152501,-2.583115],[-44.152421,-2.583172],[-44.15237,-2.583209],[-44.152226,-2.583361],[-44.152155,-2.583436],[-44.151967,-2.583678],[-44.1518,-2.583891],[-44.151763,-2.583939],[-44.151643,-2.583935],[-44.151106,-2.582314],[-44.150461,-2.58033],[-44.149767,-2.578368],[-44.151648,-2.578487],[-44.152273,-2.578522],[-44.152539,-2.578493],[-44.152729,-2.578422],[-44.152881,-2.57835],[-44.153161,-2.57813],[-44.15397,-2.577361],[-44.154654,-2.576599],[-44.154961,-2.576393],[-44.155213,-2.57615],[-44.155327,-2.576047],[-44.155616,-2.575813],[-44.155859,-2.575643],[-44.155914,-2.575604]]]}},{"type":"Feature","properties":{"cd_setor":"211120110000361","situacao":"Urbana","bairro":"Ubatuba","zona":"ZEU","area_m2":1166563.5,"area_ha":116.656,"fonte":"IBGE, Censo 2022 — malha e agregados por setor","pessoas":535.0,"domicilios":176.0,"dom_particulares":176.0,"dom_coletivos":0.0,"moradores_por_dom":3.7,"pct_imputados":0.1329,"dom_ocupados":143.0,"dom_uso_ocasional":6.0,"dom_vagos":27.0,"dens_hab_ha":4.59,"dens_dom_ha":1.51,"pct_vagos":15.3,"pct_uso_ocasional":3.4,"pct_ocupados":81.2},"geometry":{"type":"Polygon","coordinates":[[[-44.16115,-2.558221],[-44.161571,-2.558239],[-44.161859,-2.558235],[-44.162119,-2.558181],[-44.162651,-2.55854],[-44.162973,-2.558605],[-44.162991,-2.558756],[-44.162977,-2.559002],[-44.162769,-2.559268],[-44.16235,-2.559441],[-44.161838,-2.559697],[-44.163061,-2.559904],[-44.162999,-2.560305],[-44.162668,-2.561733],[-44.162626,-2.562012],[-44.162515,-2.562598],[-44.162355,-2.563307],[-44.162308,-2.563529],[-44.162436,-2.56355],[-44.164038,-2.563845],[-44.164269,-2.563892],[-44.164091,-2.564816],[-44.163919,-2.565753],[-44.16374,-2.566699],[-44.163737,-2.566718],[-44.163588,-2.567506],[-44.163588,-2.567662],[-44.163583,-2.567862],[-44.163703,-2.568036],[-44.163787,-2.568184],[-44.164025,-2.568552],[-44.164748,-2.569709],[-44.164915,-2.569911],[-44.164966,-2.569953],[-44.165022,-2.569986],[-44.16497,-2.570196],[-44.164034,-2.570202],[-44.16199,-2.570158],[-44.160328,-2.570109],[-44.159739,-2.57009],[-44.159675,-2.570037],[-44.159605,-2.569962],[-44.1595,-2.569896],[-44.159437,-2.569902],[-44.159402,-2.569898],[-44.159357,-2.569912],[-44.159329,-2.569922],[-44.159278,-2.569907],[-44.159207,-2.569898],[-44.159171,-2.569924],[-44.159131,-2.56992],[-44.159093,-2.569931],[-44.159045,-2.56995],[-44.159019,-2.569901],[-44.159018,-2.569808],[-44.15896,-2.569705],[-44.158943,-2.569545],[-44.158921,-2.569437],[-44.158876,-2.569353],[-44.158793,-2.56928],[-44.158736,-2.569222],[-44.158654,-2.569165],[-44.15854,-2.56914],[-44.158491,-2.56911],[-44.158472,-2.569035],[-44.158456,-2.568959],[-44.158419,-2.568898],[-44.158361,-2.568854],[-44.158273,-2.568805],[-44.158237,-2.568725],[-44.158201,-2.568645],[-44.158177,-2.568585],[-44.158152,-2.568436],[-44.158098,-2.568346],[-44.158078,-2.568279],[-44.158078,-2.568171],[-44.158068,-2.568106],[-44.158031,-2.568039],[-44.157995,-2.567955],[-44.157946,-2.567868],[-44.157862,-2.567802],[-44.157779,-2.567704],[-44.157722,-2.567634],[-44.157695,-2.56752],[-44.157657,-2.567433],[-44.157642,-2.567317],[-44.157619,-2.567145],[-44.157604,-2.567074],[-44.15754,-2.567009],[-44.157427,-2.566965],[-44.157334,-2.566984],[-44.157254,-2.566977],[-44.157168,-2.566947],[-44.157105,-2.566887],[-44.157069,-2.566783],[-44.15705,-2.566703],[-44.157024,-2.56663],[-44.15695,-2.566562],[-44.156857,-2.566563],[-44.156792,-2.566572],[-44.156649,-2.566636],[-44.156564,-2.566662],[-44.156491,-2.566675],[-44.156421,-2.566671],[-44.15632,-2.566671],[-44.156225,-2.566633],[-44.156141,-2.566567],[-44.156134,-2.566552],[-44.15613,-2.566543],[-44.156147,-2.56632],[-44.156024,-2.566241],[-44.155921,-2.566215],[-44.155819,-2.566193],[-44.155733,-2.566124],[-44.155691,-2.565996],[-44.155619,-2.565861],[-44.155539,-2.56577],[-44.155417,-2.56571],[-44.15534,-2.565613],[-44.155266,-2.565511],[-44.155188,-2.565424],[-44.155057,-2.565381],[-44.154935,-2.565246],[-44.154892,-2.565145],[-44.15484,-2.565075],[-44.154773,-2.564997],[-44.154651,-2.564992],[-44.154573,-2.56496],[-44.154515,-2.564885],[-44.154447,-2.564847],[-44.154345,-2.564766],[-44.154311,-2.564753],[-44.154298,-2.564748],[-44.154282,-2.564668],[-44.154307,-2.564563],[-44.154276,-2.564498],[-44.154223,-2.564464],[-44.154119,-2.564431],[-44.154033,-2.564424],[-44.153995,-2.564509],[-44.153961,-2.564553],[-44.153904,-2.564577],[-44.153847,-2.564655],[-44.153784,-2.564636],[-44.153706,-2.564608],[-44.153579,-2.564552],[-44.153512,-2.564572],[-44.153457,-2.564567],[-44.153444,-2.564567],[-44.153395,-2.564482],[-44.153149,-2.564355],[-44.153041,-2.564299],[-44.152843,-2.564176],[-44.152741,-2.564121],[-44.152734,-2.564117],[-44.152729,-2.564113],[-44.152616,-2.564071],[-44.152604,-2.564066],[-44.152555,-2.564049],[-44.152517,-2.564036],[-44.152501,-2.564031],[-44.152484,-2.564022],[-44.152463,-2.564004],[-44.15242,-2.563966],[-44.152364,-2.563934],[-44.152312,-2.563891],[-44.152251,-2.563859],[-44.152187,-2.56381],[-44.152148,-2.563769],[-44.152111,-2.563739],[-44.152094,-2.56371],[-44.152069,-2.563693],[-44.152074,-2.563411],[-44.152252,-2.563096],[-44.152337,-2.562791],[-44.152363,-2.562544],[-44.152617,-2.561958],[-44.152847,-2.561618],[-44.153051,-2.561269],[-44.153272,-2.561057],[-44.153467,-2.560811],[-44.153709,-2.560488],[-44.153841,-2.56042],[-44.154351,-2.56067],[-44.154742,-2.560437],[-44.154759,-2.560246],[-44.155141,-2.56002],[-44.155349,-2.559757],[-44.155396,-2.559566],[-44.155532,-2.559311],[-44.155541,-2.559158],[-44.155332,-2.558614],[-44.155744,-2.558533],[-44.156424,-2.558491],[-44.15724,-2.558508],[-44.157792,-2.558584],[-44.158387,-2.558737],[-44.159067,-2.558916],[-44.159721,-2.558831],[-44.16024,-2.558635],[-44.160664,-2.558389],[-44.16086,-2.558236],[-44.16115,-2.558221]]]}},{"type":"Feature","properties":{"cd_setor":"211120110000362","situacao":"Urbana","bairro":"Matinha","zona":"ZEU","area_m2":843834.2,"area_ha":84.383,"fonte":"IBGE, Censo 2022 — malha e agregados por setor","pessoas":938.0,"domicilios":355.0,"dom_particulares":355.0,"dom_coletivos":0.0,"moradores_por_dom":3.2,"pct_imputados":0.0275,"dom_ocupados":291.0,"dom_uso_ocasional":17.0,"dom_vagos":47.0,"dens_hab_ha":11.12,"dens_dom_ha":4.21,"pct_vagos":13.2,"pct_uso_ocasional":4.8,"pct_ocupados":82.0},"geometry":{"type":"Polygon","coordinates":[[[-44.165022,-2.569986],[-44.165122,-2.570005],[-44.166955,-2.569974],[-44.166959,-2.569974],[-44.167903,-2.569998],[-44.168024,-2.570017],[-44.168318,-2.569682],[-44.168469,-2.569485],[-44.168491,-2.569655],[-44.16849,-2.569953],[-44.170451,-2.569872],[-44.172127,-2.569846],[-44.172295,-2.569769],[-44.172645,-2.569782],[-44.173328,-2.569768],[-44.172394,-2.571572],[-44.171422,-2.573406],[-44.171293,-2.573639],[-44.170735,-2.574617],[-44.170713,-2.57466],[-44.170482,-2.575052],[-44.170175,-2.575645],[-44.169535,-2.576827],[-44.169094,-2.577615],[-44.168594,-2.578562],[-44.16826,-2.579114],[-44.168253,-2.579109],[-44.167674,-2.578704],[-44.166935,-2.578007],[-44.165683,-2.576799],[-44.165575,-2.576655],[-44.165539,-2.576591],[-44.16553,-2.576455],[-44.165503,-2.576374],[-44.165422,-2.576311],[-44.165359,-2.576274],[-44.165323,-2.576157],[-44.165012,-2.575834],[-44.165,-2.575822],[-44.164669,-2.575527],[-44.164173,-2.575288],[-44.163801,-2.575121],[-44.163452,-2.575251],[-44.163085,-2.57514],[-44.162789,-2.575023],[-44.162454,-2.574934],[-44.162217,-2.574661],[-44.162052,-2.57436],[-44.161954,-2.57418],[-44.161958,-2.574079],[-44.16191,-2.573896],[-44.161979,-2.573668],[-44.161907,-2.573572],[-44.161748,-2.573435],[-44.161686,-2.573362],[-44.161615,-2.573294],[-44.161502,-2.573211],[-44.161307,-2.573106],[-44.161266,-2.573042],[-44.161253,-2.573012],[-44.161264,-2.572927],[-44.161308,-2.572863],[-44.161305,-2.572799],[-44.161254,-2.572752],[-44.161183,-2.572711],[-44.161067,-2.572553],[-44.160918,-2.572451],[-44.160761,-2.572328],[-44.160744,-2.572269],[-44.16077,-2.572223],[-44.160784,-2.572188],[-44.160782,-2.572144],[-44.160774,-2.572122],[-44.160747,-2.572079],[-44.160675,-2.572053],[-44.160632,-2.572067],[-44.160553,-2.572088],[-44.160515,-2.572103],[-44.160453,-2.572075],[-44.16043,-2.57207],[-44.160397,-2.572053],[-44.160381,-2.57204],[-44.160368,-2.572022],[-44.160358,-2.572002],[-44.160357,-2.571997],[-44.160344,-2.571968],[-44.160312,-2.571886],[-44.160346,-2.571801],[-44.160345,-2.571721],[-44.160263,-2.571641],[-44.160246,-2.571555],[-44.16028,-2.571492],[-44.160289,-2.57142],[-44.160237,-2.571393],[-44.160139,-2.571375],[-44.160029,-2.571375],[-44.159972,-2.571332],[-44.159929,-2.571295],[-44.159924,-2.571268],[-44.159923,-2.571252],[-44.159939,-2.571226],[-44.159949,-2.571206],[-44.159962,-2.57118],[-44.15997,-2.571133],[-44.159962,-2.571074],[-44.159944,-2.571027],[-44.159833,-2.570968],[-44.159814,-2.570958],[-44.159766,-2.57084],[-44.159741,-2.570723],[-44.159779,-2.570602],[-44.159747,-2.570446],[-44.159714,-2.570277],[-44.159757,-2.570173],[-44.159739,-2.57009],[-44.160328,-2.570109],[-44.16199,-2.570158],[-44.164034,-2.570202],[-44.16497,-2.570196],[-44.165022,-2.569986]]]}},{"type":"Feature","properties":{"cd_setor":"211120110000363","situacao":"Urbana","bairro":"Rio São João","zona":"ZEU","area_m2":68215.8,"area_ha":6.822,"fonte":"IBGE, Censo 2022 — malha e agregados por setor","pessoas":540.0,"domicilios":251.0,"dom_particulares":251.0,"dom_coletivos":0.0,"moradores_por_dom":2.7,"pct_imputados":0.11,"dom_ocupados":200.0,"dom_uso_ocasional":16.0,"dom_vagos":35.0,"dens_hab_ha":79.16,"dens_dom_ha":36.8,"pct_vagos":13.9,"pct_uso_ocasional":6.4,"pct_ocupados":79.7},"geometry":{"type":"Polygon","coordinates":[[[-44.138851,-2.555614],[-44.13915,-2.555501],[-44.139515,-2.555366],[-44.139585,-2.555293],[-44.139869,-2.555313],[-44.140395,-2.555393],[-44.141053,-2.555502],[-44.141239,-2.555518],[-44.141185,-2.55586],[-44.14112,-2.556128],[-44.14098,-2.556572],[-44.140846,-2.55696],[-44.140698,-2.557362],[-44.140674,-2.557414],[-44.140611,-2.55755],[-44.140212,-2.557553],[-44.138274,-2.558202],[-44.138204,-2.558079],[-44.13798,-2.557734],[-44.139831,-2.556819],[-44.139711,-2.556396],[-44.138483,-2.556805],[-44.138314,-2.556361],[-44.138223,-2.555909],[-44.13817,-2.555397],[-44.138475,-2.555434],[-44.138717,-2.555442],[-44.138705,-2.555673],[-44.138851,-2.555614]]]}},{"type":"Feature","properties":{"cd_setor":"211120110000364","situacao":"Urbana","bairro":"Laranjal","zona":"ZEU","area_m2":1016578.6,"area_ha":101.658,"fonte":"IBGE, Censo 2022 — malha e agregados por setor","pessoas":343.0,"domicilios":151.0,"dom_particulares":151.0,"dom_coletivos":0.0,"moradores_por_dom":3.3,"pct_imputados":0.0762,"dom_ocupados":105.0,"dom_uso_ocasional":32.0,"dom_vagos":14.0,"dens_hab_ha":3.37,"dens_dom_ha":1.49,"pct_vagos":9.3,"pct_uso_ocasional":21.2,"pct_ocupados":69.5},"geometry":{"type":"Polygon","coordinates":[[[-44.145699,-2.554088],[-44.146093,-2.553893],[-44.14646,-2.553677],[-44.146764,-2.553485],[-44.147215,-2.553211],[-44.147613,-2.55299],[-44.147746,-2.552925],[-44.147903,-2.552866],[-44.14834,-2.552721],[-44.149151,-2.552493],[-44.149642,-2.552369],[-44.150005,-2.554222],[-44.149821,-2.554287],[-44.149874,-2.554816],[-44.151158,-2.554519],[-44.151513,-2.560805],[-44.151883,-2.561055],[-44.151703,-2.561368],[-44.151521,-2.56163],[-44.151862,-2.561839],[-44.151689,-2.561941],[-44.151577,-2.562067],[-44.151435,-2.562234],[-44.151337,-2.562377],[-44.151324,-2.562679],[-44.151379,-2.562914],[-44.151315,-2.563126],[-44.150847,-2.563477],[-44.150807,-2.563539],[-44.150633,-2.563435],[-44.150274,-2.563379],[-44.150215,-2.563172],[-44.150098,-2.562859],[-44.149934,-2.562462],[-44.149674,-2.562304],[-44.149333,-2.562282],[-44.148977,-2.562238],[-44.148622,-2.56227],[-44.147909,-2.562051],[-44.1477,-2.561928],[-44.147354,-2.561864],[-44.147088,-2.561878],[-44.146976,-2.561893],[-44.14664,-2.562176],[-44.146224,-2.562215],[-44.145838,-2.561992],[-44.145143,-2.561587],[-44.144882,-2.561442],[-44.144428,-2.561374],[-44.143867,-2.561229],[-44.143597,-2.560968],[-44.143336,-2.560746],[-44.143008,-2.56064],[-44.142621,-2.560601],[-44.142196,-2.56064],[-44.141771,-2.560717],[-44.140612,-2.560563],[-44.140283,-2.56037],[-44.139955,-2.560292],[-44.139569,-2.560312],[-44.139037,-2.560399],[-44.138593,-2.560331],[-44.137897,-2.560176],[-44.137279,-2.559964],[-44.136941,-2.559655],[-44.137022,-2.559583],[-44.137124,-2.559511],[-44.137376,-2.559465],[-44.137449,-2.559392],[-44.137551,-2.559342],[-44.137983,-2.559159],[-44.138173,-2.559046],[-44.138248,-2.558845],[-44.138278,-2.558601],[-44.138334,-2.558468],[-44.138409,-2.558486],[-44.139154,-2.558663],[-44.139734,-2.558801],[-44.140129,-2.558891],[-44.140515,-2.558925],[-44.141139,-2.55898],[-44.141491,-2.559047],[-44.141791,-2.557696],[-44.141942,-2.556988],[-44.142242,-2.556306],[-44.142103,-2.555555],[-44.14191,-2.555577],[-44.141879,-2.554701],[-44.142317,-2.554689],[-44.143486,-2.55465],[-44.143725,-2.554638],[-44.144005,-2.554615],[-44.144345,-2.554556],[-44.144681,-2.554468],[-44.144972,-2.554384],[-44.145417,-2.554224],[-44.145699,-2.554088]]]}},{"type":"Feature","properties":{"cd_setor":"211120110000375","situacao":"Urbana","bairro":"Maiobinha","zona":"ZEU","area_m2":19865.6,"area_ha":1.987,"fonte":"IBGE, Censo 2022 — malha e agregados por setor","pessoas":509.0,"domicilios":288.0,"dom_particulares":288.0,"dom_coletivos":0.0,"moradores_por_dom":2.4,"pct_imputados":0.0142,"dom_ocupados":212.0,"dom_uso_ocasional":33.0,"dom_vagos":43.0,"dens_hab_ha":256.22,"dens_dom_ha":144.97,"pct_vagos":14.9,"pct_uso_ocasional":11.5,"pct_ocupados":73.6},"geometry":{"type":"Polygon","coordinates":[[[-44.202117,-2.561492],[-44.202997,-2.561301],[-44.203043,-2.561564],[-44.204107,-2.561358],[-44.204296,-2.562348],[-44.202243,-2.562121],[-44.202117,-2.561492]]]}},{"type":"Feature","properties":{"cd_setor":"211120110000377","situacao":"Urbana","bairro":"Maiobinha","zona":"ZEU","area_m2":21951.5,"area_ha":2.195,"fonte":"IBGE, Censo 2022 — malha e agregados por setor","pessoas":568.0,"domicilios":287.0,"dom_particulares":287.0,"dom_coletivos":0.0,"moradores_por_dom":2.4,"pct_imputados":0.0085,"dom_ocupados":236.0,"dom_uso_ocasional":11.0,"dom_vagos":40.0,"dens_hab_ha":258.75,"dens_dom_ha":130.74,"pct_vagos":13.9,"pct_uso_ocasional":3.8,"pct_ocupados":82.2},"geometry":{"type":"Polygon","coordinates":[[[-44.202878,-2.555477],[-44.204816,-2.555122],[-44.204995,-2.555977],[-44.203068,-2.556395],[-44.202937,-2.555769],[-44.202878,-2.555477]]]}},{"type":"Feature","properties":{"cd_setor":"211120110000378","situacao":"Urbana","bairro":"Maiobinha","zona":"ZEU","area_m2":217373.2,"area_ha":21.737,"fonte":"IBGE, Censo 2022 — malha e agregados por setor","pessoas":512.0,"domicilios":219.0,"dom_particulares":219.0,"dom_coletivos":0.0,"moradores_por_dom":2.9,"pct_imputados":0.0227,"dom_ocupados":176.0,"dom_uso_ocasional":13.0,"dom_vagos":30.0,"dens_hab_ha":23.55,"dens_dom_ha":10.07,"pct_vagos":13.7,"pct_uso_ocasional":5.9,"pct_ocupados":80.4},"geometry":{"type":"Polygon","coordinates":[[[-44.203068,-2.556395],[-44.204995,-2.555977],[-44.206353,-2.562475],[-44.205729,-2.562479],[-44.204388,-2.562358],[-44.204296,-2.562348],[-44.204107,-2.561358],[-44.204003,-2.560815],[-44.203455,-2.560917],[-44.202064,-2.561224],[-44.201872,-2.560192],[-44.201789,-2.559743],[-44.201779,-2.559675],[-44.202254,-2.559565],[-44.20228,-2.559619],[-44.202502,-2.559565],[-44.20325,-2.559384],[-44.203199,-2.5591],[-44.203562,-2.558995],[-44.203483,-2.558609],[-44.203427,-2.558337],[-44.201616,-2.558766],[-44.201392,-2.557774],[-44.20156,-2.557742],[-44.203269,-2.557375],[-44.203068,-2.556395]]]}},{"type":"Feature","properties":{"cd_setor":"211120110000379","situacao":"Urbana","bairro":"Maiobinha","zona":"ZEU","area_m2":10386.7,"area_ha":1.039,"fonte":"IBGE, Censo 2022 — malha e agregados por setor","pessoas":473.0,"domicilios":255.0,"dom_particulares":255.0,"dom_coletivos":0.0,"moradores_por_dom":2.6,"pct_imputados":0.0543,"dom_ocupados":184.0,"dom_uso_ocasional":1.0,"dom_vagos":70.0,"dens_hab_ha":455.39,"dens_dom_ha":245.51,"pct_vagos":27.5,"pct_uso_ocasional":0.4,"pct_ocupados":72.2},"geometry":{"type":"Polygon","coordinates":[[[-44.202064,-2.561224],[-44.203455,-2.560917],[-44.204003,-2.560815],[-44.204107,-2.561358],[-44.203043,-2.561564],[-44.202997,-2.561301],[-44.202117,-2.561492],[-44.202064,-2.561224]]]}},{"type":"Feature","properties":{"cd_setor":"211120110000381","situacao":"Urbana","bairro":"Maiobinha","zona":"ZEU","area_m2":166314.6,"area_ha":16.631,"fonte":"IBGE, Censo 2022 — malha e agregados por setor","pessoas":564.0,"domicilios":201.0,"dom_particulares":201.0,"dom_coletivos":0.0,"moradores_por_dom":3.3,"pct_imputados":0.052,"dom_ocupados":173.0,"dom_uso_ocasional":10.0,"dom_vagos":18.0,"dens_hab_ha":33.91,"dens_dom_ha":12.09,"pct_vagos":9.0,"pct_uso_ocasional":5.0,"pct_ocupados":86.1},"geometry":{"type":"Polygon","coordinates":[[[-44.207356,-2.567083],[-44.207307,-2.567131],[-44.207255,-2.567183],[-44.207243,-2.567194],[-44.207233,-2.567198],[-44.207211,-2.567199],[-44.206924,-2.56722],[-44.20662,-2.567251],[-44.206474,-2.567265],[-44.206335,-2.567273],[-44.206287,-2.567274],[-44.20625,-2.567269],[-44.206209,-2.56726],[-44.206142,-2.566863],[-44.20612,-2.566722],[-44.2061,-2.566662],[-44.206073,-2.56663],[-44.205638,-2.566354],[-44.204521,-2.565695],[-44.203841,-2.565286],[-44.203568,-2.565124],[-44.203873,-2.564312],[-44.204013,-2.563883],[-44.203243,-2.563719],[-44.2025,-2.564165],[-44.202256,-2.56427],[-44.201979,-2.564401],[-44.201755,-2.564469],[-44.201542,-2.564652],[-44.201713,-2.564264],[-44.201732,-2.563099],[-44.201766,-2.562069],[-44.202243,-2.562121],[-44.204296,-2.562348],[-44.204388,-2.562358],[-44.205729,-2.562479],[-44.206353,-2.562475],[-44.206803,-2.562468],[-44.207431,-2.5624],[-44.207358,-2.562536],[-44.207111,-2.562968],[-44.207073,-2.563057],[-44.207054,-2.5631],[-44.207038,-2.563144],[-44.207023,-2.563211],[-44.207008,-2.563284],[-44.207003,-2.563353],[-44.206998,-2.563436],[-44.207001,-2.563524],[-44.205526,-2.563618],[-44.205493,-2.564179],[-44.205489,-2.564232],[-44.205311,-2.564214],[-44.204918,-2.565153],[-44.204976,-2.565175],[-44.204855,-2.565435],[-44.204848,-2.565446],[-44.204721,-2.565685],[-44.204883,-2.565753],[-44.20515,-2.565705],[-44.205933,-2.565547],[-44.207229,-2.56528],[-44.207245,-2.565377],[-44.207268,-2.565595],[-44.20729,-2.565774],[-44.207301,-2.56588],[-44.207334,-2.566174],[-44.207403,-2.566793],[-44.207421,-2.566941],[-44.207418,-2.566978],[-44.207408,-2.567014],[-44.207391,-2.567046],[-44.20739,-2.567047],[-44.207356,-2.567083]]]}},{"type":"Feature","properties":{"cd_setor":"211120110000384","situacao":"Urbana","bairro":"Trizidela Da Maioba","zona":"ZEU","area_m2":54598.2,"area_ha":5.46,"fonte":"IBGE, Censo 2022 — malha e agregados por setor","pessoas":291.0,"domicilios":106.0,"dom_particulares":106.0,"dom_coletivos":0.0,"moradores_por_dom":3.2,"pct_imputados":0.1538,"dom_ocupados":91.0,"dom_uso_ocasional":4.0,"dom_vagos":11.0,"dens_hab_ha":53.3,"dens_dom_ha":19.41,"pct_vagos":10.4,"pct_uso_ocasional":3.8,"pct_ocupados":85.8},"geometry":{"type":"Polygon","coordinates":[[[-44.192043,-2.538969],[-44.192338,-2.53907],[-44.192709,-2.539392],[-44.192933,-2.538681],[-44.193456,-2.538849],[-44.193557,-2.538932],[-44.193943,-2.539043],[-44.19376,-2.539861],[-44.193477,-2.540824],[-44.193239,-2.540807],[-44.19259,-2.541671],[-44.192431,-2.541517],[-44.192085,-2.541101],[-44.191856,-2.540859],[-44.191652,-2.540592],[-44.191445,-2.540338],[-44.191425,-2.540307],[-44.191398,-2.540273],[-44.191298,-2.540125],[-44.191944,-2.539232],[-44.192043,-2.538969]]]}},{"type":"Feature","properties":{"cd_setor":"211120110000385","situacao":"Urbana","bairro":"Trizidela Da Maioba","zona":"ZEU","area_m2":13971.6,"area_ha":1.397,"fonte":"IBGE, Censo 2022 — malha e agregados por setor","pessoas":482.0,"domicilios":226.0,"dom_particulares":226.0,"dom_coletivos":0.0,"moradores_por_dom":2.3,"pct_imputados":0.0619,"dom_ocupados":210.0,"dom_uso_ocasional":5.0,"dom_vagos":11.0,"dens_hab_ha":344.99,"dens_dom_ha":161.76,"pct_vagos":4.9,"pct_uso_ocasional":2.2,"pct_ocupados":92.9},"geometry":{"type":"Polygon","coordinates":[[[-44.192043,-2.538969],[-44.192352,-2.538142],[-44.192496,-2.537757],[-44.192607,-2.537659],[-44.192698,-2.537611],[-44.192796,-2.537598],[-44.192886,-2.53762],[-44.193226,-2.537703],[-44.192933,-2.538681],[-44.192709,-2.539392],[-44.192338,-2.53907],[-44.192043,-2.538969]]]}},{"type":"Feature","properties":{"cd_setor":"211120110000386","situacao":"Urbana","bairro":"Ubatuba","zona":"ZEU","area_m2":30021.4,"area_ha":3.002,"fonte":"IBGE, Censo 2022 — malha e agregados por setor","pessoas":200.0,"domicilios":96.0,"dom_particulares":96.0,"dom_coletivos":0.0,"moradores_por_dom":2.7,"pct_imputados":0.04,"dom_ocupados":75.0,"dom_uso_ocasional":6.0,"dom_vagos":15.0,"dens_hab_ha":66.62,"dens_dom_ha":31.98,"pct_vagos":15.6,"pct_uso_ocasional":6.2,"pct_ocupados":78.1},"geometry":{"type":"Polygon","coordinates":[[[-44.154945,-2.558813],[-44.155332,-2.558614],[-44.155541,-2.559158],[-44.155532,-2.559311],[-44.155396,-2.559566],[-44.155349,-2.559757],[-44.155141,-2.56002],[-44.154759,-2.560246],[-44.154742,-2.560437],[-44.154351,-2.56067],[-44.153841,-2.56042],[-44.153709,-2.560488],[-44.153243,-2.559958],[-44.153261,-2.559957],[-44.153755,-2.55952],[-44.154839,-2.558882],[-44.154945,-2.558813]]]}},{"type":"Feature","properties":{"cd_setor":"211120110000387","situacao":"Urbana","bairro":"Ubatuba","zona":"ZEU","area_m2":540935.7,"area_ha":54.094,"fonte":"IBGE, Censo 2022 — malha e agregados por setor","pessoas":448.0,"domicilios":215.0,"dom_particulares":215.0,"dom_coletivos":0.0,"moradores_por_dom":3.2,"pct_imputados":0.0493,"dom_ocupados":142.0,"dom_uso_ocasional":36.0,"dom_vagos":37.0,"dens_hab_ha":8.28,"dens_dom_ha":3.97,"pct_vagos":17.2,"pct_uso_ocasional":16.7,"pct_ocupados":66.0},"geometry":{"type":"Polygon","coordinates":[[[-44.157425,-2.551686],[-44.157847,-2.551642],[-44.15856,-2.551581],[-44.15915,-2.551552],[-44.159583,-2.55152],[-44.160184,-2.551488],[-44.160408,-2.551488],[-44.160676,-2.551495],[-44.160836,-2.551501],[-44.161099,-2.55151],[-44.161429,-2.551527],[-44.161261,-2.552027],[-44.161236,-2.552596],[-44.161264,-2.553022],[-44.161518,-2.553619],[-44.161471,-2.554599],[-44.161332,-2.555044],[-44.161283,-2.555502],[-44.161264,-2.555691],[-44.161236,-2.556348],[-44.161135,-2.556512],[-44.161073,-2.556724],[-44.161104,-2.557062],[-44.161007,-2.557268],[-44.160949,-2.557567],[-44.160935,-2.557833],[-44.16115,-2.558221],[-44.16086,-2.558236],[-44.160664,-2.558389],[-44.16024,-2.558635],[-44.159721,-2.558831],[-44.159067,-2.558916],[-44.158387,-2.558737],[-44.157792,-2.558584],[-44.15724,-2.558508],[-44.156424,-2.558491],[-44.155744,-2.558533],[-44.155332,-2.558614],[-44.154945,-2.558813],[-44.154958,-2.558663],[-44.15497,-2.556049],[-44.154967,-2.55525],[-44.154864,-2.553665],[-44.154918,-2.551954],[-44.155008,-2.551947],[-44.155045,-2.551942],[-44.155492,-2.551899],[-44.156367,-2.551795],[-44.157425,-2.551686]]]}},{"type":"Feature","properties":{"cd_setor":"211120110000388","situacao":"Urbana","bairro":"Saramanta","zona":"ZEU","area_m2":97451.6,"area_ha":9.745,"fonte":"IBGE, Censo 2022 — malha e agregados por setor","pessoas":495.0,"domicilios":240.0,"dom_particulares":240.0,"dom_coletivos":0.0,"moradores_por_dom":2.4,"pct_imputados":0.1422,"dom_ocupados":204.0,"dom_uso_ocasional":16.0,"dom_vagos":20.0,"dens_hab_ha":50.79,"dens_dom_ha":24.63,"pct_vagos":8.3,"pct_uso_ocasional":6.7,"pct_ocupados":85.0},"geometry":{"type":"Polygon","coordinates":[[[-44.193374,-2.555691],[-44.193614,-2.553969],[-44.193703,-2.553971],[-44.194669,-2.554047],[-44.194984,-2.554083],[-44.195141,-2.554067],[-44.195403,-2.55409],[-44.195571,-2.554098],[-44.195721,-2.554107],[-44.195959,-2.554121],[-44.196673,-2.554203],[-44.196746,-2.554208],[-44.19665,-2.556635],[-44.195417,-2.556598],[-44.193861,-2.556552],[-44.193901,-2.556073],[-44.193306,-2.556034],[-44.19335,-2.555814],[-44.193374,-2.555691]]]}},{"type":"Feature","properties":{"cd_setor":"211120110000389","situacao":"Urbana","bairro":"Saramanta","zona":"ZEU","area_m2":16331.8,"area_ha":1.633,"fonte":"IBGE, Censo 2022 — malha e agregados por setor","pessoas":632.0,"domicilios":288.0,"dom_particulares":288.0,"dom_coletivos":0.0,"moradores_por_dom":2.5,"pct_imputados":0.0281,"dom_ocupados":249.0,"dom_uso_ocasional":6.0,"dom_vagos":33.0,"dens_hab_ha":386.97,"dens_dom_ha":176.34,"pct_vagos":11.5,"pct_uso_ocasional":2.1,"pct_ocupados":86.5},"geometry":{"type":"Polygon","coordinates":[[[-44.192938,-2.557873],[-44.193267,-2.556232],[-44.193306,-2.556034],[-44.193901,-2.556073],[-44.193861,-2.556552],[-44.19385,-2.556685],[-44.193838,-2.556998],[-44.193792,-2.557462],[-44.19379,-2.557481],[-44.193781,-2.557956],[-44.192972,-2.55786],[-44.192938,-2.557873]]]}},{"type":"Feature","properties":{"cd_setor":"211120110000390","situacao":"Urbana","bairro":"Araçagy","zona":"ZDU - A","area_m2":22314.8,"area_ha":2.231,"fonte":"IBGE, Censo 2022 — malha e agregados por setor","pessoas":587.0,"domicilios":280.0,"dom_particulares":280.0,"dom_coletivos":0.0,"moradores_por_dom":2.4,"pct_imputados":0.3347,"dom_ocupados":242.0,"dom_uso_ocasional":7.0,"dom_vagos":31.0,"dens_hab_ha":263.05,"dens_dom_ha":125.48,"pct_vagos":11.1,"pct_uso_ocasional":2.5,"pct_ocupados":86.4},"geometry":{"type":"Polygon","coordinates":[[[-44.185783,-2.471154],[-44.185877,-2.47015],[-44.18759,-2.470323],[-44.187592,-2.470323],[-44.18753,-2.471397],[-44.185783,-2.471154]]]}},{"type":"Feature","properties":{"cd_setor":"211120110000391","situacao":"Urbana","bairro":"Araçagy","zona":"ZDU - A","area_m2":426056.1,"area_ha":42.606,"fonte":"IBGE, Censo 2022 — malha e agregados por setor","pessoas":314.0,"domicilios":131.0,"dom_particulares":131.0,"dom_coletivos":0.0,"moradores_por_dom":3.3,"pct_imputados":0.2083,"dom_ocupados":96.0,"dom_uso_ocasional":14.0,"dom_vagos":21.0,"dens_hab_ha":7.37,"dens_dom_ha":3.07,"pct_vagos":16.0,"pct_uso_ocasional":10.7,"pct_ocupados":73.3},"geometry":{"type":"Polygon","coordinates":[[[-44.181708,-2.468853],[-44.183144,-2.46868],[-44.184036,-2.468103],[-44.184429,-2.467564],[-44.184625,-2.467713],[-44.184904,-2.467869],[-44.185216,-2.46809],[-44.185512,-2.468259],[-44.185741,-2.468338],[-44.186163,-2.468471],[-44.186484,-2.468388],[-44.186793,-2.468471],[-44.186912,-2.468613],[-44.186983,-2.468886],[-44.187245,-2.468886],[-44.187471,-2.469088],[-44.187637,-2.4693],[-44.187601,-2.470169],[-44.187592,-2.470323],[-44.18759,-2.470323],[-44.185877,-2.47015],[-44.185783,-2.471154],[-44.185748,-2.471463],[-44.185189,-2.471427],[-44.185189,-2.471914],[-44.187486,-2.472141],[-44.187291,-2.47549],[-44.187185,-2.475467],[-44.186944,-2.475413],[-44.186035,-2.475208],[-44.184331,-2.474838],[-44.183347,-2.474613],[-44.18298,-2.47452],[-44.182862,-2.474566],[-44.182239,-2.474429],[-44.181434,-2.474265],[-44.18144,-2.474145],[-44.181519,-2.47256],[-44.181576,-2.47196],[-44.181591,-2.471323],[-44.181681,-2.469748],[-44.181708,-2.468853]]]}},{"type":"Feature","properties":{"cd_setor":"211120110000392","situacao":"Urbana","bairro":"Miritiua","zona":"ZDU - A","area_m2":79505.6,"area_ha":7.951,"fonte":"IBGE, Censo 2022 — malha e agregados por setor","pessoas":430.0,"domicilios":241.0,"dom_particulares":241.0,"dom_coletivos":0.0,"moradores_por_dom":2.9,"pct_imputados":0.0068,"dom_ocupados":146.0,"dom_uso_ocasional":9.0,"dom_vagos":86.0,"dens_hab_ha":54.08,"dens_dom_ha":30.31,"pct_vagos":35.7,"pct_uso_ocasional":3.7,"pct_ocupados":60.6},"geometry":{"type":"Polygon","coordinates":[[[-44.189042,-2.489108],[-44.188901,-2.48923],[-44.18844,-2.489114],[-44.188192,-2.489501],[-44.186972,-2.487709],[-44.188056,-2.485732],[-44.189537,-2.486652],[-44.189738,-2.486792],[-44.18994,-2.486973],[-44.190027,-2.487035],[-44.189976,-2.487159],[-44.189156,-2.488836],[-44.189095,-2.489001],[-44.189042,-2.489108]]]}},{"type":"Feature","properties":{"cd_setor":"211120110000393","situacao":"Urbana","bairro":"Miritiua","zona":"ZDU - A","area_m2":8411.7,"area_ha":0.841,"fonte":"IBGE, Censo 2022 — malha e agregados por setor","pessoas":208.0,"domicilios":129.0,"dom_particulares":129.0,"dom_coletivos":0.0,"moradores_por_dom":2.5,"pct_imputados":0.0595,"dom_ocupados":84.0,"dom_uso_ocasional":11.0,"dom_vagos":34.0,"dens_hab_ha":247.27,"dens_dom_ha":153.36,"pct_vagos":26.4,"pct_uso_ocasional":8.5,"pct_ocupados":65.1},"geometry":{"type":"Polygon","coordinates":[[[-44.186023,-2.492335],[-44.186026,-2.492321],[-44.186226,-2.491643],[-44.186754,-2.491824],[-44.186716,-2.491962],[-44.186873,-2.492029],[-44.186763,-2.492966],[-44.18676,-2.492996],[-44.18641,-2.492671],[-44.186023,-2.492335]]]}},{"type":"Feature","properties":{"cd_setor":"211120110000395","situacao":"Urbana","bairro":"Miritiua","zona":"ZDU - A","area_m2":694771.2,"area_ha":69.477,"fonte":"IBGE, Censo 2022 — malha e agregados por setor","pessoas":482.0,"domicilios":252.0,"dom_particulares":251.0,"dom_coletivos":1.0,"moradores_por_dom":3.8,"pct_imputados":0.0157,"dom_ocupados":127.0,"dom_uso_ocasional":84.0,"dom_vagos":40.0,"dens_hab_ha":6.94,"dens_dom_ha":3.61,"pct_vagos":15.9,"pct_uso_ocasional":33.5,"pct_ocupados":50.6},"geometry":{"type":"Polygon","coordinates":[[[-44.181753,-2.484724],[-44.181721,-2.484222],[-44.181695,-2.483276],[-44.181679,-2.482731],[-44.181665,-2.481947],[-44.181714,-2.481872],[-44.18175,-2.481816],[-44.18203,-2.481382],[-44.182403,-2.4808],[-44.182433,-2.480754],[-44.183004,-2.479823],[-44.18304,-2.479765],[-44.183069,-2.479771],[-44.183645,-2.480338],[-44.183763,-2.480412],[-44.183811,-2.480428],[-44.183902,-2.48043],[-44.183901,-2.480568],[-44.184039,-2.480777],[-44.18411,-2.480824],[-44.1842,-2.480877],[-44.18431,-2.480927],[-44.184457,-2.481146],[-44.184467,-2.481191],[-44.184523,-2.481295],[-44.184681,-2.481437],[-44.18465,-2.481668],[-44.18463,-2.482161],[-44.185065,-2.48248],[-44.185374,-2.482798],[-44.185693,-2.483001],[-44.186147,-2.48359],[-44.186572,-2.484045],[-44.186872,-2.484452],[-44.187084,-2.48474],[-44.187673,-2.485416],[-44.188056,-2.485732],[-44.186972,-2.487709],[-44.188192,-2.489501],[-44.18844,-2.489114],[-44.188901,-2.48923],[-44.189042,-2.489108],[-44.189081,-2.489247],[-44.189469,-2.489707],[-44.189548,-2.489896],[-44.189578,-2.490068],[-44.189578,-2.49023],[-44.18971,-2.490414],[-44.190085,-2.490917],[-44.190135,-2.491019],[-44.190076,-2.491125],[-44.189881,-2.491335],[-44.189555,-2.491663],[-44.189743,-2.491998],[-44.19005,-2.492549],[-44.190285,-2.492982],[-44.19042,-2.493865],[-44.190576,-2.494873],[-44.190683,-2.495468],[-44.190711,-2.495623],[-44.190215,-2.495423],[-44.189576,-2.495038],[-44.188994,-2.494628],[-44.188356,-2.494178],[-44.188077,-2.493975],[-44.187825,-2.493871],[-44.187575,-2.493798],[-44.187372,-2.493768],[-44.187238,-2.493802],[-44.187091,-2.493873],[-44.187081,-2.493603],[-44.187076,-2.493289],[-44.18676,-2.492996],[-44.186763,-2.492966],[-44.186873,-2.492029],[-44.187276,-2.492216],[-44.187171,-2.491698],[-44.187099,-2.491468],[-44.187039,-2.491372],[-44.186907,-2.49111],[-44.186782,-2.490734],[-44.186684,-2.49046],[-44.186559,-2.490453],[-44.186415,-2.490957],[-44.186031,-2.490837],[-44.18567,-2.492027],[-44.184431,-2.49095],[-44.183802,-2.490404],[-44.183451,-2.490066],[-44.184762,-2.487837],[-44.185854,-2.485981],[-44.184981,-2.4846],[-44.183762,-2.486576],[-44.183829,-2.486749],[-44.183607,-2.48712],[-44.182415,-2.489104],[-44.1817,-2.488448],[-44.181756,-2.487936],[-44.181762,-2.487589],[-44.181728,-2.487198],[-44.181721,-2.487102],[-44.181721,-2.487055],[-44.181723,-2.48702],[-44.181743,-2.486706],[-44.181759,-2.486189],[-44.181769,-2.485706],[-44.181753,-2.484724]]]}},{"type":"Feature","properties":{"cd_setor":"211120110000396","situacao":"Urbana","bairro":"Miritiua","zona":"ZDU - A","area_m2":17500.3,"area_ha":1.75,"fonte":"IBGE, Censo 2022 — malha e agregados por setor","pessoas":69.0,"domicilios":29.0,"dom_particulares":29.0,"dom_coletivos":0.0,"moradores_por_dom":2.9,"pct_imputados":0.0417,"dom_ocupados":24.0,"dom_uso_ocasional":5.0,"dom_vagos":0.0,"dens_hab_ha":39.43,"dens_dom_ha":16.57,"pct_vagos":0.0,"pct_uso_ocasional":17.2,"pct_ocupados":82.8},"geometry":{"type":"Polygon","coordinates":[[[-44.18567,-2.492027],[-44.186031,-2.490837],[-44.186415,-2.490957],[-44.186559,-2.490453],[-44.186684,-2.49046],[-44.186782,-2.490734],[-44.186907,-2.49111],[-44.187039,-2.491372],[-44.187099,-2.491468],[-44.187171,-2.491698],[-44.187276,-2.492216],[-44.186873,-2.492029],[-44.186716,-2.491962],[-44.186754,-2.491824],[-44.186226,-2.491643],[-44.186026,-2.492321],[-44.186023,-2.492335],[-44.18567,-2.492027]]]}},{"type":"Feature","properties":{"cd_setor":"211120110000398","situacao":"Urbana","bairro":"Miritiua","zona":"ZDU - A","area_m2":23374.3,"area_ha":2.337,"fonte":"IBGE, Censo 2022 — malha e agregados por setor","pessoas":185.0,"domicilios":182.0,"dom_particulares":182.0,"dom_coletivos":0.0,"moradores_por_dom":2.4,"pct_imputados":0.0769,"dom_ocupados":78.0,"dom_uso_ocasional":24.0,"dom_vagos":80.0,"dens_hab_ha":79.15,"dens_dom_ha":77.86,"pct_vagos":44.0,"pct_uso_ocasional":13.2,"pct_ocupados":42.9},"geometry":{"type":"Polygon","coordinates":[[[-44.200603,-2.499689],[-44.200603,-2.499696],[-44.20016,-2.501615],[-44.199069,-2.501083],[-44.199585,-2.500077],[-44.199971,-2.499357],[-44.199992,-2.499282],[-44.200603,-2.499689]]]}},{"type":"Feature","properties":{"cd_setor":"211120110000399","situacao":"Urbana","bairro":"Miritiua","zona":"ZDU - A","area_m2":13510.4,"area_ha":1.351,"fonte":"IBGE, Censo 2022 — malha e agregados por setor","pessoas":403.0,"domicilios":225.0,"dom_particulares":225.0,"dom_coletivos":0.0,"moradores_por_dom":2.2,"pct_imputados":0.087,"dom_ocupados":184.0,"dom_uso_ocasional":9.0,"dom_vagos":32.0,"dens_hab_ha":298.29,"dens_dom_ha":166.54,"pct_vagos":14.2,"pct_uso_ocasional":4.0,"pct_ocupados":81.8},"geometry":{"type":"Polygon","coordinates":[[[-44.199319,-2.498865],[-44.198942,-2.500031],[-44.198167,-2.49985],[-44.198341,-2.499322],[-44.198518,-2.498458],[-44.198528,-2.498446],[-44.199069,-2.498719],[-44.199319,-2.498865]]]}},{"type":"Feature","properties":{"cd_setor":"211120110000400","situacao":"Urbana","bairro":"Miritiua","zona":"ZDU - A","area_m2":268870.9,"area_ha":26.887,"fonte":"IBGE, Censo 2022 — malha e agregados por setor","pessoas":118.0,"domicilios":51.0,"dom_particulares":51.0,"dom_coletivos":0.0,"moradores_por_dom":3.0,"pct_imputados":0.25,"dom_ocupados":40.0,"dom_uso_ocasional":1.0,"dom_vagos":10.0,"dens_hab_ha":4.39,"dens_dom_ha":1.9,"pct_vagos":19.6,"pct_uso_ocasional":2.0,"pct_ocupados":78.4},"geometry":{"type":"Polygon","coordinates":[[[-44.205995,-2.50123],[-44.205854,-2.50146],[-44.205853,-2.501612],[-44.205806,-2.501703],[-44.205733,-2.501748],[-44.205405,-2.501702],[-44.204991,-2.501524],[-44.204728,-2.501517],[-44.2043,-2.501588],[-44.203761,-2.501874],[-44.20312,-2.502269],[-44.20222,-2.502576],[-44.201892,-2.502585],[-44.201288,-2.502712],[-44.200964,-2.502732],[-44.200447,-2.502645],[-44.199979,-2.502432],[-44.199445,-2.502104],[-44.198946,-2.50168],[-44.198509,-2.501106],[-44.198249,-2.500709],[-44.197723,-2.500142],[-44.197217,-2.499828],[-44.196335,-2.499356],[-44.195153,-2.498727],[-44.194524,-2.498167],[-44.19421,-2.497982],[-44.193266,-2.497654],[-44.192173,-2.49724],[-44.191219,-2.496994],[-44.190695,-2.497128],[-44.190659,-2.496982],[-44.190629,-2.496637],[-44.190711,-2.495623],[-44.190861,-2.495647],[-44.19105,-2.495695],[-44.191708,-2.495861],[-44.191857,-2.495896],[-44.192006,-2.49592],[-44.192592,-2.496005],[-44.193095,-2.496142],[-44.194336,-2.496793],[-44.195261,-2.497288],[-44.195262,-2.497288],[-44.195576,-2.497525],[-44.195869,-2.497689],[-44.196903,-2.498044],[-44.197662,-2.498243],[-44.198476,-2.49842],[-44.198528,-2.498446],[-44.198518,-2.498458],[-44.198341,-2.499322],[-44.198167,-2.49985],[-44.198942,-2.500031],[-44.199319,-2.498865],[-44.199688,-2.499079],[-44.199992,-2.499282],[-44.199971,-2.499357],[-44.199585,-2.500077],[-44.199069,-2.501083],[-44.20016,-2.501615],[-44.200603,-2.499696],[-44.200603,-2.499689],[-44.2011,-2.500019],[-44.200626,-2.500944],[-44.200604,-2.501016],[-44.200341,-2.501892],[-44.200695,-2.502004],[-44.201134,-2.502231],[-44.201352,-2.501478],[-44.201666,-2.50039],[-44.201792,-2.50047],[-44.201917,-2.500549],[-44.202179,-2.500634],[-44.202195,-2.500642],[-44.202235,-2.500652],[-44.202506,-2.500717],[-44.202552,-2.500723],[-44.202934,-2.500776],[-44.20512,-2.500705],[-44.205447,-2.500758],[-44.205495,-2.500784],[-44.205591,-2.50086],[-44.205666,-2.500914],[-44.205819,-2.501047],[-44.20591,-2.501127],[-44.205995,-2.50123]]]}},{"type":"Feature","properties":{"cd_setor":"211120110000401","situacao":"Urbana","bairro":"Maiobinha","zona":"ZEU","area_m2":47983.8,"area_ha":4.798,"fonte":"IBGE, Censo 2022 — malha e agregados por setor","pessoas":387.0,"domicilios":132.0,"dom_particulares":132.0,"dom_coletivos":0.0,"moradores_por_dom":3.4,"pct_imputados":0.0614,"dom_ocupados":114.0,"dom_uso_ocasional":14.0,"dom_vagos":4.0,"dens_hab_ha":80.65,"dens_dom_ha":27.51,"pct_vagos":3.0,"pct_uso_ocasional":10.6,"pct_ocupados":86.4},"geometry":{"type":"Polygon","coordinates":[[[-44.200431,-2.558055],[-44.201392,-2.557774],[-44.201616,-2.558766],[-44.201688,-2.559088],[-44.201779,-2.559675],[-44.201789,-2.559743],[-44.200914,-2.559919],[-44.200112,-2.560049],[-44.199763,-2.560067],[-44.199527,-2.560087],[-44.198733,-2.560108],[-44.198736,-2.560486],[-44.198401,-2.560472],[-44.197757,-2.560493],[-44.197377,-2.560452],[-44.197934,-2.559883],[-44.198218,-2.559531],[-44.198264,-2.559464],[-44.198482,-2.559948],[-44.199868,-2.559635],[-44.199788,-2.559215],[-44.200647,-2.558999],[-44.200431,-2.558055]]]}},{"type":"Feature","properties":{"cd_setor":"211120110000402","situacao":"Urbana","bairro":"Cohatrac","zona":"ZEU","area_m2":20324.1,"area_ha":2.032,"fonte":"IBGE, Censo 2022 — malha e agregados por setor","pessoas":567.0,"domicilios":277.0,"dom_particulares":277.0,"dom_coletivos":0.0,"moradores_por_dom":2.5,"pct_imputados":0.0913,"dom_ocupados":230.0,"dom_uso_ocasional":2.0,"dom_vagos":45.0,"dens_hab_ha":278.98,"dens_dom_ha":136.29,"pct_vagos":16.2,"pct_uso_ocasional":0.7,"pct_ocupados":83.0},"geometry":{"type":"Polygon","coordinates":[[[-44.206248,-2.550125],[-44.205914,-2.551296],[-44.205723,-2.551237],[-44.205646,-2.551535],[-44.204707,-2.551305],[-44.204791,-2.551059],[-44.205076,-2.550157],[-44.205153,-2.549849],[-44.205911,-2.550053],[-44.205999,-2.550077],[-44.206248,-2.550125]]]}},{"type":"Feature","properties":{"cd_setor":"211120110000403","situacao":"Urbana","bairro":"Cohatrac","zona":"ZEU","area_m2":14702.2,"area_ha":1.47,"fonte":"IBGE, Censo 2022 — malha e agregados por setor","pessoas":311.0,"domicilios":216.0,"dom_particulares":216.0,"dom_coletivos":0.0,"moradores_por_dom":2.3,"pct_imputados":0.0889,"dom_ocupados":135.0,"dom_uso_ocasional":15.0,"dom_vagos":66.0,"dens_hab_ha":211.53,"dens_dom_ha":146.92,"pct_vagos":30.6,"pct_uso_ocasional":6.9,"pct_ocupados":62.5},"geometry":{"type":"Polygon","coordinates":[[[-44.200593,-2.547903],[-44.200542,-2.548008],[-44.19995,-2.549341],[-44.199671,-2.549338],[-44.199399,-2.549266],[-44.19925,-2.549173],[-44.199878,-2.547797],[-44.199985,-2.547571],[-44.200257,-2.54772],[-44.200593,-2.547903]]]}},{"type":"Feature","properties":{"cd_setor":"211120110000405","situacao":"Urbana","bairro":"","zona":"ZEU","area_m2":36421.9,"area_ha":3.642,"fonte":"IBGE, Censo 2022 — malha e agregados por setor","pessoas":251.0,"domicilios":107.0,"dom_particulares":107.0,"dom_coletivos":0.0,"moradores_por_dom":2.8,"pct_imputados":0.0778,"dom_ocupados":90.0,"dom_uso_ocasional":4.0,"dom_vagos":13.0,"dens_hab_ha":68.91,"dens_dom_ha":29.38,"pct_vagos":12.1,"pct_uso_ocasional":3.7,"pct_ocupados":84.1},"geometry":{"type":"Polygon","coordinates":[[[-44.197755,-2.513076],[-44.197852,-2.512457],[-44.197969,-2.511827],[-44.198085,-2.511245],[-44.200158,-2.51166],[-44.200391,-2.511707],[-44.200314,-2.512108],[-44.200268,-2.512348],[-44.200204,-2.512714],[-44.200194,-2.512779],[-44.200166,-2.512937],[-44.199723,-2.512851],[-44.199345,-2.512784],[-44.199002,-2.512703],[-44.198983,-2.512699],[-44.198621,-2.51262],[-44.197871,-2.512495],[-44.197755,-2.513076]]]}},{"type":"Feature","properties":{"cd_setor":"211120110000408","situacao":"Urbana","bairro":"Jardim Tropical","zona":"ZEU","area_m2":261256.5,"area_ha":26.126,"fonte":"IBGE, Censo 2022 — malha e agregados por setor","pessoas":460.0,"domicilios":164.0,"dom_particulares":164.0,"dom_coletivos":0.0,"moradores_por_dom":3.4,"pct_imputados":0.0221,"dom_ocupados":136.0,"dom_uso_ocasional":6.0,"dom_vagos":22.0,"dens_hab_ha":17.61,"dens_dom_ha":6.28,"pct_vagos":13.4,"pct_uso_ocasional":3.7,"pct_ocupados":82.9},"geometry":{"type":"Polygon","coordinates":[[[-44.184602,-2.579022],[-44.184555,-2.579282],[-44.184466,-2.579713],[-44.184398,-2.580044],[-44.18436,-2.580264],[-44.184321,-2.580451],[-44.184157,-2.580397],[-44.184019,-2.580426],[-44.183901,-2.580428],[-44.183727,-2.580474],[-44.183493,-2.580522],[-44.183251,-2.580503],[-44.183138,-2.580457],[-44.182978,-2.580399],[-44.182756,-2.58045],[-44.182541,-2.580549],[-44.182319,-2.580674],[-44.182068,-2.580713],[-44.181908,-2.580703],[-44.181766,-2.580684],[-44.181621,-2.580626],[-44.181488,-2.580558],[-44.181331,-2.580578],[-44.181194,-2.580682],[-44.181155,-2.580737],[-44.181179,-2.580848],[-44.181119,-2.580894],[-44.181058,-2.580875],[-44.181013,-2.580839],[-44.180885,-2.58079],[-44.180711,-2.580735],[-44.180493,-2.580771],[-44.180351,-2.580911],[-44.180307,-2.581012],[-44.180288,-2.581099],[-44.180196,-2.581247],[-44.180061,-2.581435],[-44.179972,-2.581621],[-44.179892,-2.581722],[-44.179851,-2.581802],[-44.179776,-2.58193],[-44.179716,-2.581976],[-44.179576,-2.581971],[-44.179404,-2.582046],[-44.179339,-2.582203],[-44.179059,-2.582483],[-44.178873,-2.582686],[-44.178725,-2.582785],[-44.178614,-2.582816],[-44.178547,-2.582809],[-44.178469,-2.58285],[-44.178419,-2.582899],[-44.178397,-2.58299],[-44.178385,-2.583056],[-44.178334,-2.583106],[-44.178228,-2.583162],[-44.178013,-2.583217],[-44.177759,-2.583225],[-44.177701,-2.583123],[-44.177588,-2.583198],[-44.177501,-2.583254],[-44.177368,-2.583251],[-44.177262,-2.583196],[-44.177192,-2.583077],[-44.177117,-2.583005],[-44.176965,-2.582923],[-44.176772,-2.582814],[-44.176632,-2.582725],[-44.176504,-2.582686],[-44.176349,-2.582686],[-44.176281,-2.582703],[-44.176182,-2.582703],[-44.176107,-2.582688],[-44.176013,-2.582664],[-44.175878,-2.582676],[-44.175752,-2.582693],[-44.175554,-2.582616],[-44.175405,-2.582534],[-44.175282,-2.582394],[-44.175199,-2.58228],[-44.175062,-2.582121],[-44.174939,-2.581976],[-44.174842,-2.58185],[-44.174738,-2.581776],[-44.174569,-2.581669],[-44.174458,-2.581539],[-44.174383,-2.581459],[-44.174236,-2.581343],[-44.173977,-2.581232],[-44.17363,-2.581208],[-44.17348,-2.581213],[-44.173325,-2.581189],[-44.173192,-2.581119],[-44.173142,-2.58102],[-44.173115,-2.580964],[-44.173019,-2.580909],[-44.172939,-2.580826],[-44.172852,-2.580657],[-44.172668,-2.580578],[-44.172836,-2.580424],[-44.172978,-2.580378],[-44.173171,-2.580384],[-44.173682,-2.580436],[-44.175903,-2.58042],[-44.178142,-2.580442],[-44.179349,-2.580451],[-44.179468,-2.580431],[-44.179599,-2.580392],[-44.179789,-2.580303],[-44.179972,-2.580191],[-44.180585,-2.579813],[-44.180842,-2.579642],[-44.181551,-2.579111],[-44.18205,-2.578826],[-44.182095,-2.578805],[-44.182198,-2.578746],[-44.182909,-2.578313],[-44.183342,-2.578013],[-44.183384,-2.577987],[-44.184068,-2.577479],[-44.184054,-2.578747],[-44.184047,-2.578901],[-44.184602,-2.579022]]]}},{"type":"Feature","properties":{"cd_setor":"211120110000409","situacao":"Urbana","bairro":"Mata","zona":"ZEU","area_m2":228085.5,"area_ha":22.809,"fonte":"IBGE, Censo 2022 — malha e agregados por setor","pessoas":346.0,"domicilios":143.0,"dom_particulares":143.0,"dom_coletivos":0.0,"moradores_por_dom":3.5,"pct_imputados":0.0408,"dom_ocupados":98.0,"dom_uso_ocasional":9.0,"dom_vagos":36.0,"dens_hab_ha":15.17,"dens_dom_ha":6.27,"pct_vagos":25.2,"pct_uso_ocasional":6.3,"pct_ocupados":68.5},"geometry":{"type":"Polygon","coordinates":[[[-44.182759,-2.582645],[-44.182587,-2.582786],[-44.182453,-2.582894],[-44.182195,-2.583071],[-44.181961,-2.583233],[-44.181613,-2.583495],[-44.181343,-2.583678],[-44.181236,-2.58376],[-44.181141,-2.583854],[-44.181095,-2.583903],[-44.181025,-2.583898],[-44.178865,-2.58381],[-44.176772,-2.583759],[-44.175563,-2.58373],[-44.175196,-2.583671],[-44.174989,-2.583577],[-44.173886,-2.582941],[-44.17346,-2.582571],[-44.173334,-2.582422],[-44.173233,-2.582238],[-44.173096,-2.58186],[-44.173022,-2.581645],[-44.172896,-2.581476],[-44.172732,-2.581315],[-44.172494,-2.581196],[-44.172533,-2.580887],[-44.172595,-2.580693],[-44.172668,-2.580578],[-44.172852,-2.580657],[-44.172939,-2.580826],[-44.173019,-2.580909],[-44.173115,-2.580964],[-44.173142,-2.58102],[-44.173192,-2.581119],[-44.173325,-2.581189],[-44.17348,-2.581213],[-44.17363,-2.581208],[-44.173977,-2.581232],[-44.174236,-2.581343],[-44.174383,-2.581459],[-44.174458,-2.581539],[-44.174569,-2.581669],[-44.174738,-2.581776],[-44.174842,-2.58185],[-44.174939,-2.581976],[-44.175062,-2.582121],[-44.175199,-2.58228],[-44.175282,-2.582394],[-44.175405,-2.582534],[-44.175554,-2.582616],[-44.175752,-2.582693],[-44.175878,-2.582676],[-44.176013,-2.582664],[-44.176107,-2.582688],[-44.176182,-2.582703],[-44.176281,-2.582703],[-44.176349,-2.582686],[-44.176504,-2.582686],[-44.176632,-2.582725],[-44.176772,-2.582814],[-44.176965,-2.582923],[-44.177117,-2.583005],[-44.177192,-2.583077],[-44.177262,-2.583196],[-44.177368,-2.583251],[-44.177501,-2.583254],[-44.177588,-2.583198],[-44.177701,-2.583123],[-44.177759,-2.583225],[-44.178013,-2.583217],[-44.178228,-2.583162],[-44.178334,-2.583106],[-44.178385,-2.583056],[-44.178397,-2.58299],[-44.178419,-2.582899],[-44.178469,-2.58285],[-44.178547,-2.582809],[-44.178614,-2.582816],[-44.178725,-2.582785],[-44.178873,-2.582686],[-44.179059,-2.582483],[-44.179339,-2.582203],[-44.179404,-2.582046],[-44.179576,-2.581971],[-44.179716,-2.581976],[-44.179776,-2.58193],[-44.179851,-2.581802],[-44.179892,-2.581722],[-44.179972,-2.581621],[-44.180061,-2.581435],[-44.180196,-2.581247],[-44.180288,-2.581099],[-44.180307,-2.581012],[-44.180351,-2.580911],[-44.180493,-2.580771],[-44.180711,-2.580735],[-44.180885,-2.58079],[-44.181013,-2.580839],[-44.181058,-2.580875],[-44.181119,-2.580894],[-44.181179,-2.580848],[-44.181155,-2.580737],[-44.181194,-2.580682],[-44.181331,-2.580578],[-44.181488,-2.580558],[-44.181621,-2.580626],[-44.181766,-2.580684],[-44.181908,-2.580703],[-44.182068,-2.580713],[-44.182319,-2.580674],[-44.182541,-2.580549],[-44.182756,-2.58045],[-44.182978,-2.580399],[-44.183138,-2.580457],[-44.183251,-2.580503],[-44.183493,-2.580522],[-44.183727,-2.580474],[-44.183901,-2.580428],[-44.184019,-2.580426],[-44.184157,-2.580397],[-44.184321,-2.580451],[-44.184284,-2.580652],[-44.184262,-2.580805],[-44.184248,-2.580874],[-44.184223,-2.580964],[-44.184204,-2.58103],[-44.184176,-2.581089],[-44.184155,-2.581134],[-44.184121,-2.581189],[-44.184075,-2.581251],[-44.184007,-2.581344],[-44.183878,-2.581485],[-44.183792,-2.581578],[-44.183556,-2.581833],[-44.183416,-2.58198],[-44.18312,-2.582302],[-44.182953,-2.58247],[-44.182759,-2.582645]]]}},{"type":"Feature","properties":{"cd_setor":"211120110000410","situacao":"Rural","bairro":"Matinha","zona":"ZPA JENIPARANA","area_m2":4883145.6,"area_ha":488.315,"fonte":"IBGE, Censo 2022 — malha e agregados por setor","pessoas":65.0,"domicilios":27.0,"dom_particulares":27.0,"dom_coletivos":0.0,"moradores_por_dom":3.0,"pct_imputados":0.1818,"dom_ocupados":22.0,"dom_uso_ocasional":2.0,"dom_vagos":3.0,"dens_hab_ha":0.13,"dens_dom_ha":0.06,"pct_vagos":11.1,"pct_uso_ocasional":7.4,"pct_ocupados":81.5},"geometry":{"type":"Polygon","coordinates":[[[-44.123321,-2.600113],[-44.124826,-2.59785],[-44.125047,-2.597605],[-44.125487,-2.597116],[-44.125732,-2.596872],[-44.126122,-2.596579],[-44.126646,-2.596079],[-44.126999,-2.595836],[-44.127246,-2.595553],[-44.127782,-2.594969],[-44.128416,-2.594871],[-44.129,-2.595115],[-44.129584,-2.595309],[-44.130072,-2.595358],[-44.130559,-2.595406],[-44.131143,-2.59526],[-44.131638,-2.595017],[-44.131835,-2.594396],[-44.131819,-2.593804],[-44.131794,-2.593015],[-44.131918,-2.592941],[-44.132143,-2.592866],[-44.132069,-2.59254],[-44.131895,-2.592162],[-44.131896,-2.591886],[-44.132073,-2.591533],[-44.132299,-2.591357],[-44.132624,-2.591307],[-44.133023,-2.591309],[-44.133248,-2.591209],[-44.133375,-2.590856],[-44.133451,-2.59063],[-44.133602,-2.590429],[-44.134101,-2.590231],[-44.134599,-2.590161],[-44.134948,-2.590113],[-44.135399,-2.590063],[-44.135775,-2.589962],[-44.13585,-2.589937],[-44.136301,-2.589786],[-44.136301,-2.58961],[-44.136452,-2.589233],[-44.136577,-2.588981],[-44.136753,-2.58873],[-44.136903,-2.588454],[-44.137178,-2.588405],[-44.137328,-2.588431],[-44.137577,-2.588507],[-44.137878,-2.588456],[-44.138028,-2.588181],[-44.138103,-2.587882],[-44.138128,-2.587608],[-44.138203,-2.587134],[-44.138253,-2.586959],[-44.138428,-2.586809],[-44.138803,-2.586758],[-44.139228,-2.586758],[-44.139466,-2.586758],[-44.139703,-2.586759],[-44.139954,-2.586759],[-44.140029,-2.586784],[-44.140529,-2.58681],[-44.14083,-2.586562],[-44.141029,-2.586335],[-44.141329,-2.585983],[-44.141529,-2.585909],[-44.141854,-2.585934],[-44.142302,-2.585856],[-44.1426,-2.585729],[-44.142649,-2.585428],[-44.142573,-2.585053],[-44.142573,-2.584903],[-44.142572,-2.584429],[-44.142597,-2.584279],[-44.142671,-2.584079],[-44.143045,-2.58383],[-44.143244,-2.583754],[-44.143665,-2.583604],[-44.143987,-2.583478],[-44.144285,-2.583378],[-44.144482,-2.583228],[-44.144708,-2.582855],[-44.145007,-2.582432],[-44.145081,-2.582282],[-44.145256,-2.581934],[-44.145306,-2.58166],[-44.145305,-2.581362],[-44.145277,-2.580914],[-44.14525,-2.580715],[-44.145199,-2.580516],[-44.145094,-2.579871],[-44.145044,-2.579573],[-44.145019,-2.579449],[-44.144969,-2.579176],[-44.144944,-2.579002],[-44.144895,-2.578753],[-44.144798,-2.578454],[-44.144773,-2.578181],[-44.144921,-2.578007],[-44.145218,-2.577934],[-44.145415,-2.578034],[-44.14571,-2.578234],[-44.146005,-2.578384],[-44.146324,-2.578509],[-44.146496,-2.57856],[-44.146668,-2.57861],[-44.147134,-2.578711],[-44.147207,-2.578736],[-44.147476,-2.578712],[-44.147745,-2.578589],[-44.147941,-2.578417],[-44.148282,-2.57832],[-44.148551,-2.578197],[-44.148921,-2.578025],[-44.149168,-2.577901],[-44.149504,-2.577677],[-44.149767,-2.578368],[-44.150461,-2.58033],[-44.151106,-2.582314],[-44.151643,-2.583935],[-44.151582,-2.584179],[-44.151988,-2.584108],[-44.152299,-2.584091],[-44.15273,-2.584079],[-44.153073,-2.584071],[-44.153589,-2.584065],[-44.154653,-2.584036],[-44.155948,-2.584009],[-44.157188,-2.583981],[-44.158046,-2.583994],[-44.158039,-2.58413],[-44.157987,-2.58433],[-44.157909,-2.584469],[-44.157746,-2.584811],[-44.157447,-2.585465],[-44.157236,-2.585926],[-44.157186,-2.586118],[-44.157175,-2.586316],[-44.15725,-2.586533],[-44.15734,-2.586644],[-44.15771,-2.586969],[-44.157831,-2.587083],[-44.157908,-2.587202],[-44.157942,-2.587298],[-44.157961,-2.587461],[-44.15793,-2.587674],[-44.15786,-2.588145],[-44.15783,-2.588375],[-44.15784,-2.588557],[-44.157886,-2.588758],[-44.157986,-2.589014],[-44.15816,-2.589637],[-44.158229,-2.58988],[-44.158262,-2.589976],[-44.158387,-2.590315],[-44.15856,-2.590748],[-44.15879,-2.59132],[-44.158911,-2.591608],[-44.159035,-2.591875],[-44.159176,-2.592202],[-44.159297,-2.592506],[-44.159356,-2.592656],[-44.1594,-2.592807],[-44.159424,-2.592957],[-44.159423,-2.593122],[-44.159391,-2.5933],[-44.159348,-2.593525],[-44.159268,-2.593825],[-44.159171,-2.594094],[-44.15901,-2.594402],[-44.158797,-2.594808],[-44.158545,-2.595148],[-44.158135,-2.595697],[-44.157884,-2.596034],[-44.157689,-2.596296],[-44.157565,-2.596462],[-44.157441,-2.596518],[-44.157343,-2.596554],[-44.156969,-2.596537],[-44.156792,-2.596496],[-44.15657,-2.59644],[-44.156327,-2.596393],[-44.15596,-2.596371],[-44.155703,-2.596383],[-44.15541,-2.596408],[-44.15512,-2.596497],[-44.154865,-2.596564],[-44.15472,-2.596578],[-44.154424,-2.596428],[-44.154233,-2.596294],[-44.154045,-2.596134],[-44.153809,-2.595937],[-44.15337,-2.595749],[-44.152948,-2.595526],[-44.152855,-2.595476],[-44.152753,-2.595446],[-44.151993,-2.59551],[-44.15187,-2.59552],[-44.151738,-2.595531],[-44.151408,-2.595535],[-44.15123,-2.595501],[-44.150961,-2.595469],[-44.150688,-2.595489],[-44.150357,-2.595561],[-44.15013,-2.595586],[-44.149953,-2.595602],[-44.149791,-2.595649],[-44.149561,-2.595796],[-44.14934,-2.596001],[-44.148956,-2.596432],[-44.148832,-2.596556],[-44.148712,-2.596652],[-44.148554,-2.596744],[-44.148268,-2.596772],[-44.148126,-2.596743],[-44.147848,-2.59667],[-44.147713,-2.596627],[-44.147563,-2.59657],[-44.147259,-2.596428],[-44.147126,-2.596343],[-44.146859,-2.596199],[-44.1467,-2.596127],[-44.146456,-2.596043],[-44.146292,-2.595971],[-44.146103,-2.5959],[-44.145908,-2.595822],[-44.145714,-2.595756],[-44.145362,-2.595726],[-44.145004,-2.595756],[-44.144762,-2.595759],[-44.144494,-2.595806],[-44.144289,-2.595835],[-44.144102,-2.595871],[-44.143782,-2.595918],[-44.143426,-2.596123],[-44.143213,-2.596336],[-44.142987,-2.596491],[-44.142898,-2.596558],[-44.14276,-2.596646],[-44.142587,-2.596736],[-44.142463,-2.596816],[-44.142316,-2.596933],[-44.142104,-2.597022],[-44.141961,-2.597138],[-44.141819,-2.597455],[-44.141747,-2.597614],[-44.141693,-2.597773],[-44.141589,-2.598179],[-44.141504,-2.598418],[-44.141459,-2.598573],[-44.141405,-2.598799],[-44.141368,-2.599057],[-44.141367,-2.599226],[-44.141362,-2.599439],[-44.1413,-2.599653],[-44.141224,-2.599885],[-44.141241,-2.600077],[-44.14124,-2.600224],[-44.141244,-2.60051],[-44.141302,-2.600723],[-44.141375,-2.601069],[-44.141486,-2.601659],[-44.141469,-2.601864],[-44.141367,-2.602308],[-44.141234,-2.602581],[-44.140549,-2.603524],[-44.140493,-2.603777],[-44.140403,-2.603921],[-44.140205,-2.604102],[-44.140007,-2.604264],[-44.139756,-2.604442],[-44.139488,-2.604691],[-44.139399,-2.604762],[-44.139112,-2.604888],[-44.138877,-2.604961],[-44.138714,-2.604998],[-44.137739,-2.605336],[-44.137844,-2.603766],[-44.138281,-2.602123],[-44.138108,-2.601156],[-44.136901,-2.600625],[-44.135923,-2.599556],[-44.134799,-2.598724],[-44.132971,-2.5995],[-44.131565,-2.60025],[-44.130835,-2.601497],[-44.129785,-2.602321],[-44.128949,-2.602354],[-44.128236,-2.601648],[-44.1266,-2.600921],[-44.123321,-2.600113]]]}},{"type":"Feature","properties":{"cd_setor":"211120110000412","situacao":"Urbana","bairro":"Miritiua","zona":"ZDU - A","area_m2":198854.3,"area_ha":19.885,"fonte":"IBGE, Censo 2022 — malha e agregados por setor","pessoas":219.0,"domicilios":89.0,"dom_particulares":89.0,"dom_coletivos":0.0,"moradores_por_dom":3.3,"pct_imputados":0.1061,"dom_ocupados":66.0,"dom_uso_ocasional":12.0,"dom_vagos":11.0,"dens_hab_ha":11.01,"dens_dom_ha":4.48,"pct_vagos":12.4,"pct_uso_ocasional":13.5,"pct_ocupados":74.2},"geometry":{"type":"Polygon","coordinates":[[[-44.189042,-2.489108],[-44.189095,-2.489001],[-44.189156,-2.488836],[-44.189976,-2.487159],[-44.190027,-2.487035],[-44.190237,-2.487191],[-44.190894,-2.48767],[-44.191544,-2.488102],[-44.192394,-2.488668],[-44.192309,-2.490137],[-44.192252,-2.490793],[-44.192197,-2.491456],[-44.192191,-2.49152],[-44.1921,-2.492506],[-44.192084,-2.492951],[-44.192037,-2.493525],[-44.19203,-2.493612],[-44.192003,-2.493911],[-44.191924,-2.494759],[-44.191857,-2.495896],[-44.191708,-2.495861],[-44.19105,-2.495695],[-44.191201,-2.495187],[-44.191299,-2.495199],[-44.19158,-2.494107],[-44.191664,-2.493877],[-44.191184,-2.493872],[-44.19042,-2.493865],[-44.190285,-2.492982],[-44.19005,-2.492549],[-44.189743,-2.491998],[-44.189555,-2.491663],[-44.189881,-2.491335],[-44.190076,-2.491125],[-44.190135,-2.491019],[-44.190085,-2.490917],[-44.18971,-2.490414],[-44.189578,-2.49023],[-44.189578,-2.490068],[-44.189548,-2.489896],[-44.189469,-2.489707],[-44.189081,-2.489247],[-44.189042,-2.489108]]]}},{"type":"Feature","properties":{"cd_setor":"211120110000413","situacao":"Urbana","bairro":"Mata","zona":"ZRMS","area_m2":111200.5,"area_ha":11.12,"fonte":"IBGE, Censo 2022 — malha e agregados por setor","pessoas":428.0,"domicilios":165.0,"dom_particulares":165.0,"dom_coletivos":0.0,"moradores_por_dom":3.1,"pct_imputados":0.0221,"dom_ocupados":136.0,"dom_uso_ocasional":9.0,"dom_vagos":20.0,"dens_hab_ha":38.49,"dens_dom_ha":14.84,"pct_vagos":12.1,"pct_uso_ocasional":5.5,"pct_ocupados":82.4},"geometry":{"type":"Polygon","coordinates":[[[-44.177685,-2.58795],[-44.177604,-2.588093],[-44.177522,-2.588239],[-44.177374,-2.588527],[-44.177326,-2.588603],[-44.1773,-2.588627],[-44.177265,-2.588641],[-44.177174,-2.588668],[-44.177136,-2.588629],[-44.177126,-2.588221],[-44.177137,-2.587829],[-44.177078,-2.587577],[-44.177164,-2.587335],[-44.177207,-2.587067],[-44.177143,-2.586842],[-44.177041,-2.586633],[-44.177035,-2.586337],[-44.177062,-2.585779],[-44.177078,-2.585468],[-44.176896,-2.585254],[-44.176783,-2.585055],[-44.17681,-2.584712],[-44.176853,-2.584368],[-44.176885,-2.584105],[-44.176885,-2.583928],[-44.176847,-2.583864],[-44.176772,-2.583759],[-44.178865,-2.58381],[-44.181025,-2.583898],[-44.181095,-2.583903],[-44.180998,-2.584003],[-44.180675,-2.584268],[-44.180427,-2.584444],[-44.180274,-2.584537],[-44.180144,-2.584602],[-44.180027,-2.584673],[-44.179935,-2.58473],[-44.17986,-2.584788],[-44.1798,-2.584841],[-44.179708,-2.584931],[-44.179616,-2.585047],[-44.179524,-2.585164],[-44.179376,-2.58535],[-44.179177,-2.585599],[-44.179096,-2.585709],[-44.178987,-2.585849],[-44.178879,-2.586004],[-44.178763,-2.586183],[-44.178614,-2.586433],[-44.178465,-2.586684],[-44.178354,-2.586857],[-44.178254,-2.587007],[-44.178113,-2.587253],[-44.177977,-2.58747],[-44.177685,-2.58795]]]}},{"type":"Feature","properties":{"cd_setor":"211120110000414","situacao":"Urbana","bairro":"Mata","zona":"ZRMS","area_m2":116305.0,"area_ha":11.63,"fonte":"IBGE, Censo 2022 — malha e agregados por setor","pessoas":454.0,"domicilios":188.0,"dom_particulares":188.0,"dom_coletivos":0.0,"moradores_por_dom":3.2,"pct_imputados":0.028,"dom_ocupados":143.0,"dom_uso_ocasional":10.0,"dom_vagos":35.0,"dens_hab_ha":39.04,"dens_dom_ha":16.16,"pct_vagos":18.6,"pct_uso_ocasional":5.3,"pct_ocupados":76.1},"geometry":{"type":"Polygon","coordinates":[[[-44.174215,-2.589966],[-44.173977,-2.590068],[-44.173843,-2.590118],[-44.173694,-2.590177],[-44.173612,-2.590206],[-44.173441,-2.590039],[-44.173053,-2.589794],[-44.172845,-2.589634],[-44.172679,-2.589506],[-44.172312,-2.589269],[-44.172309,-2.589219],[-44.172522,-2.587624],[-44.173475,-2.58758],[-44.173947,-2.586712],[-44.174096,-2.586189],[-44.174089,-2.586043],[-44.174085,-2.585995],[-44.174109,-2.586019],[-44.174234,-2.586137],[-44.174471,-2.586509],[-44.174508,-2.586615],[-44.174541,-2.586663],[-44.174651,-2.586703],[-44.174812,-2.586828],[-44.175073,-2.587023],[-44.175223,-2.587174],[-44.175383,-2.587374],[-44.175432,-2.587512],[-44.175634,-2.587712],[-44.175888,-2.587963],[-44.176121,-2.588164],[-44.176526,-2.58841],[-44.176602,-2.588467],[-44.176998,-2.588731],[-44.176487,-2.588945],[-44.176155,-2.589086],[-44.175712,-2.589264],[-44.175243,-2.589442],[-44.175061,-2.589521],[-44.174912,-2.589581],[-44.17479,-2.589645],[-44.174552,-2.589769],[-44.174434,-2.589842],[-44.174319,-2.589911],[-44.174215,-2.589966]]]}},{"type":"Feature","properties":{"cd_setor":"211120110000415","situacao":"Urbana","bairro":"Mata","zona":"ZRMS","area_m2":125051.5,"area_ha":12.505,"fonte":"IBGE, Censo 2022 — malha e agregados por setor","pessoas":413.0,"domicilios":191.0,"dom_particulares":191.0,"dom_coletivos":0.0,"moradores_por_dom":3.2,"pct_imputados":0.0231,"dom_ocupados":130.0,"dom_uso_ocasional":19.0,"dom_vagos":42.0,"dens_hab_ha":33.03,"dens_dom_ha":15.27,"pct_vagos":22.0,"pct_uso_ocasional":9.9,"pct_ocupados":68.1},"geometry":{"type":"Polygon","coordinates":[[[-44.172708,-2.590721],[-44.172677,-2.590743],[-44.172623,-2.590792],[-44.172463,-2.590954],[-44.172312,-2.591107],[-44.172206,-2.591219],[-44.17204,-2.59139],[-44.171871,-2.591552],[-44.171724,-2.591697],[-44.171642,-2.591787],[-44.17157,-2.591907],[-44.168449,-2.59163],[-44.168508,-2.590304],[-44.169275,-2.59026],[-44.1699,-2.589244],[-44.170187,-2.588886],[-44.170352,-2.588667],[-44.170881,-2.588817],[-44.172309,-2.589219],[-44.172312,-2.589269],[-44.172679,-2.589506],[-44.172845,-2.589634],[-44.173053,-2.589794],[-44.173441,-2.590039],[-44.173612,-2.590206],[-44.173531,-2.590235],[-44.173461,-2.590268],[-44.173242,-2.590384],[-44.173079,-2.590474],[-44.17292,-2.590581],[-44.172708,-2.590721]]]}},{"type":"Feature","properties":{"cd_setor":"211120110000418","situacao":"Urbana","bairro":"Rio São João","zona":"ZEU","area_m2":286868.7,"area_ha":28.687,"fonte":"IBGE, Censo 2022 — malha e agregados por setor","pessoas":150.0,"domicilios":83.0,"dom_particulares":83.0,"dom_coletivos":0.0,"moradores_por_dom":3.1,"pct_imputados":0.1042,"dom_ocupados":48.0,"dom_uso_ocasional":18.0,"dom_vagos":17.0,"dens_hab_ha":5.23,"dens_dom_ha":2.89,"pct_vagos":20.5,"pct_uso_ocasional":21.7,"pct_ocupados":57.8},"geometry":{"type":"Polygon","coordinates":[[[-44.141879,-2.554701],[-44.14191,-2.555577],[-44.142103,-2.555555],[-44.142242,-2.556306],[-44.141942,-2.556988],[-44.141791,-2.557696],[-44.141491,-2.559047],[-44.141139,-2.55898],[-44.140515,-2.558925],[-44.140129,-2.558891],[-44.139734,-2.558801],[-44.139154,-2.558663],[-44.138409,-2.558486],[-44.138334,-2.558468],[-44.138278,-2.558601],[-44.138248,-2.558845],[-44.138173,-2.559046],[-44.137983,-2.559159],[-44.137551,-2.559342],[-44.137449,-2.559392],[-44.137376,-2.559465],[-44.137124,-2.559511],[-44.137022,-2.559583],[-44.136941,-2.559655],[-44.136717,-2.559225],[-44.13663,-2.558885],[-44.136652,-2.558401],[-44.136594,-2.557757],[-44.136471,-2.557149],[-44.136153,-2.556425],[-44.135936,-2.556237],[-44.135415,-2.556085],[-44.134865,-2.555398],[-44.134482,-2.55474],[-44.134387,-2.554096],[-44.134438,-2.553806],[-44.134532,-2.55356],[-44.134568,-2.553444],[-44.13462,-2.553353],[-44.134689,-2.553377],[-44.136488,-2.554045],[-44.136527,-2.554058],[-44.136573,-2.554069],[-44.137395,-2.554264],[-44.13748,-2.554277],[-44.137895,-2.55433],[-44.138291,-2.554368],[-44.139592,-2.55451],[-44.140869,-2.554647],[-44.141232,-2.554667],[-44.141879,-2.554701]],[[-44.138851,-2.555614],[-44.138705,-2.555673],[-44.138717,-2.555442],[-44.138475,-2.555434],[-44.13817,-2.555397],[-44.138223,-2.555909],[-44.138314,-2.556361],[-44.138483,-2.556805],[-44.139711,-2.556396],[-44.139831,-2.556819],[-44.13798,-2.557734],[-44.138204,-2.558079],[-44.138274,-2.558202],[-44.140212,-2.557553],[-44.140611,-2.55755],[-44.140674,-2.557414],[-44.140698,-2.557362],[-44.140846,-2.55696],[-44.14098,-2.556572],[-44.14112,-2.556128],[-44.141185,-2.55586],[-44.141239,-2.555518],[-44.141053,-2.555502],[-44.140395,-2.555393],[-44.139869,-2.555313],[-44.139585,-2.555293],[-44.139515,-2.555366],[-44.13915,-2.555501],[-44.138851,-2.555614]]]}},{"type":"Feature","properties":{"cd_setor":"211120110000419","situacao":"Urbana","bairro":"Ubatuba","zona":"ZEU","area_m2":407069.8,"area_ha":40.707,"fonte":"IBGE, Censo 2022 — malha e agregados por setor","pessoas":124.0,"domicilios":60.0,"dom_particulares":60.0,"dom_coletivos":0.0,"moradores_por_dom":3.4,"pct_imputados":0.1081,"dom_ocupados":37.0,"dom_uso_ocasional":17.0,"dom_vagos":6.0,"dens_hab_ha":3.05,"dens_dom_ha":1.47,"pct_vagos":10.0,"pct_uso_ocasional":28.3,"pct_ocupados":61.7},"geometry":{"type":"Polygon","coordinates":[[[-44.154918,-2.551954],[-44.154864,-2.553665],[-44.154967,-2.55525],[-44.15497,-2.556049],[-44.154958,-2.558663],[-44.154945,-2.558813],[-44.154839,-2.558882],[-44.153755,-2.55952],[-44.153261,-2.559957],[-44.153243,-2.559958],[-44.153709,-2.560488],[-44.153467,-2.560811],[-44.153272,-2.561057],[-44.153051,-2.561269],[-44.152847,-2.561618],[-44.152617,-2.561958],[-44.152363,-2.562544],[-44.152337,-2.562791],[-44.152252,-2.563096],[-44.152074,-2.563411],[-44.152069,-2.563693],[-44.152009,-2.563712],[-44.151929,-2.563806],[-44.15186,-2.563839],[-44.151779,-2.563836],[-44.151673,-2.563788],[-44.151432,-2.563735],[-44.150807,-2.563539],[-44.150847,-2.563477],[-44.151315,-2.563126],[-44.151379,-2.562914],[-44.151324,-2.562679],[-44.151337,-2.562377],[-44.151435,-2.562234],[-44.151577,-2.562067],[-44.151689,-2.561941],[-44.151862,-2.561839],[-44.151521,-2.56163],[-44.151703,-2.561368],[-44.151883,-2.561055],[-44.151513,-2.560805],[-44.151158,-2.554519],[-44.151128,-2.554014],[-44.151348,-2.553996],[-44.151086,-2.55208],[-44.15134,-2.552049],[-44.151756,-2.55203],[-44.151886,-2.55202],[-44.152231,-2.552011],[-44.152886,-2.55201],[-44.153407,-2.552015],[-44.154079,-2.552003],[-44.154164,-2.552001],[-44.154559,-2.551982],[-44.154918,-2.551954]]]}},{"type":"Feature","properties":{"cd_setor":"211120110000420","situacao":"Urbana","bairro":"Cidade Alta","zona":"ZPA JENIPARANA","area_m2":68365.6,"area_ha":6.837,"fonte":"IBGE, Censo 2022 — malha e agregados por setor","pessoas":339.0,"domicilios":127.0,"dom_particulares":127.0,"dom_coletivos":0.0,"moradores_por_dom":3.4,"pct_imputados":0.04,"dom_ocupados":100.0,"dom_uso_ocasional":7.0,"dom_vagos":20.0,"dens_hab_ha":49.59,"dens_dom_ha":18.58,"pct_vagos":15.7,"pct_uso_ocasional":5.5,"pct_ocupados":78.7},"geometry":{"type":"Polygon","coordinates":[[[-44.142877,-2.566066],[-44.143449,-2.566081],[-44.143543,-2.56597],[-44.143689,-2.565861],[-44.144037,-2.565765],[-44.144471,-2.56564],[-44.144999,-2.565555],[-44.145574,-2.565406],[-44.145967,-2.565335],[-44.145902,-2.565471],[-44.145854,-2.565594],[-44.145848,-2.565727],[-44.145826,-2.566156],[-44.145824,-2.56623],[-44.145802,-2.566369],[-44.145591,-2.566597],[-44.145557,-2.566622],[-44.145501,-2.566782],[-44.145378,-2.567013],[-44.145051,-2.567486],[-44.144693,-2.5681],[-44.144335,-2.568687],[-44.144087,-2.56838],[-44.143688,-2.567952],[-44.143409,-2.567651],[-44.143355,-2.567596],[-44.143199,-2.567223],[-44.143075,-2.566819],[-44.142943,-2.566316],[-44.142877,-2.566066]]]}},{"type":"Feature","properties":{"cd_setor":"211120110000421","situacao":"Urbana","bairro":"Quinta","zona":"ZPA JENIPARANA","area_m2":960080.3,"area_ha":96.008,"fonte":"IBGE, Censo 2022 — malha e agregados por setor","pessoas":374.0,"domicilios":153.0,"dom_particulares":153.0,"dom_coletivos":0.0,"moradores_por_dom":3.1,"pct_imputados":0.0661,"dom_ocupados":121.0,"dom_uso_ocasional":16.0,"dom_vagos":16.0,"dens_hab_ha":3.9,"dens_dom_ha":1.59,"pct_vagos":10.5,"pct_uso_ocasional":10.5,"pct_ocupados":79.1},"geometry":{"type":"Polygon","coordinates":[[[-44.134873,-2.566938],[-44.134179,-2.5652],[-44.134109,-2.565149],[-44.134065,-2.564787],[-44.134004,-2.564494],[-44.133972,-2.564337],[-44.133914,-2.563867],[-44.133909,-2.56365],[-44.134023,-2.563407],[-44.134052,-2.563034],[-44.134073,-2.562685],[-44.134163,-2.562528],[-44.134417,-2.56224],[-44.134802,-2.561919],[-44.135071,-2.561686],[-44.135439,-2.561331],[-44.135887,-2.560833],[-44.136342,-2.560311],[-44.136655,-2.560002],[-44.136692,-2.560077],[-44.137071,-2.560837],[-44.13727,-2.561003],[-44.137707,-2.56116],[-44.138484,-2.561337],[-44.138997,-2.561443],[-44.140175,-2.56141],[-44.140333,-2.561397],[-44.140494,-2.561449],[-44.140619,-2.561531],[-44.14083,-2.561792],[-44.140996,-2.56206],[-44.141088,-2.56234],[-44.141169,-2.562455],[-44.141301,-2.562574],[-44.141547,-2.563023],[-44.141759,-2.56341],[-44.142137,-2.564098],[-44.142481,-2.564801],[-44.142617,-2.565157],[-44.142877,-2.566066],[-44.142943,-2.566316],[-44.143075,-2.566819],[-44.143199,-2.567223],[-44.143355,-2.567596],[-44.143409,-2.567651],[-44.143688,-2.567952],[-44.144087,-2.56838],[-44.144335,-2.568687],[-44.144604,-2.569724],[-44.14492,-2.570595],[-44.144966,-2.570743],[-44.144041,-2.570684],[-44.142605,-2.570714],[-44.141037,-2.5708],[-44.139491,-2.570959],[-44.136588,-2.571236],[-44.134873,-2.566938]]]}},{"type":"Feature","properties":{"cd_setor":"211120110000422","situacao":"Urbana","bairro":"Cidade Alta","zona":"ZPA JENIPARANA","area_m2":309005.2,"area_ha":30.901,"fonte":"IBGE, Censo 2022 — malha e agregados por setor","pessoas":273.0,"domicilios":105.0,"dom_particulares":105.0,"dom_coletivos":0.0,"moradores_por_dom":3.5,"pct_imputados":0.0256,"dom_ocupados":78.0,"dom_uso_ocasional":15.0,"dom_vagos":12.0,"dens_hab_ha":8.83,"dens_dom_ha":3.4,"pct_vagos":11.4,"pct_uso_ocasional":14.3,"pct_ocupados":74.3},"geometry":{"type":"Polygon","coordinates":[[[-44.136692,-2.560077],[-44.136941,-2.559655],[-44.137279,-2.559964],[-44.137897,-2.560176],[-44.138593,-2.560331],[-44.139037,-2.560399],[-44.139569,-2.560312],[-44.139955,-2.560292],[-44.140283,-2.56037],[-44.140612,-2.560563],[-44.141771,-2.560717],[-44.142196,-2.56064],[-44.142621,-2.560601],[-44.143008,-2.56064],[-44.143336,-2.560746],[-44.143597,-2.560968],[-44.143867,-2.561229],[-44.144428,-2.561374],[-44.144882,-2.561442],[-44.145143,-2.561587],[-44.145838,-2.561992],[-44.146224,-2.562215],[-44.14664,-2.562176],[-44.146976,-2.561893],[-44.146508,-2.562952],[-44.146374,-2.56346],[-44.146307,-2.563742],[-44.146138,-2.564681],[-44.146102,-2.564835],[-44.146063,-2.564964],[-44.146033,-2.565104],[-44.146,-2.565264],[-44.145967,-2.565335],[-44.145574,-2.565406],[-44.144999,-2.565555],[-44.144471,-2.56564],[-44.144037,-2.565765],[-44.143689,-2.565861],[-44.143543,-2.56597],[-44.143449,-2.566081],[-44.142877,-2.566066],[-44.142617,-2.565157],[-44.142481,-2.564801],[-44.142137,-2.564098],[-44.141759,-2.56341],[-44.141547,-2.563023],[-44.141301,-2.562574],[-44.141169,-2.562455],[-44.141088,-2.56234],[-44.140996,-2.56206],[-44.14083,-2.561792],[-44.140619,-2.561531],[-44.140494,-2.561449],[-44.140333,-2.561397],[-44.140175,-2.56141],[-44.138997,-2.561443],[-44.138484,-2.561337],[-44.137707,-2.56116],[-44.13727,-2.561003],[-44.137071,-2.560837],[-44.136692,-2.560077]]]}},{"type":"Feature","properties":{"cd_setor":"211120110000423","situacao":"Urbana","bairro":"Laranjal","zona":"ZEU","area_m2":670390.2,"area_ha":67.039,"fonte":"IBGE, Censo 2022 — malha e agregados por setor","pessoas":199.0,"domicilios":79.0,"dom_particulares":79.0,"dom_coletivos":0.0,"moradores_por_dom":3.5,"pct_imputados":0.0,"dom_ocupados":57.0,"dom_uso_ocasional":7.0,"dom_vagos":15.0,"dens_hab_ha":2.97,"dens_dom_ha":1.18,"pct_vagos":19.0,"pct_uso_ocasional":8.9,"pct_ocupados":72.2},"geometry":{"type":"Polygon","coordinates":[[[-44.13462,-2.553353],[-44.134568,-2.553444],[-44.134532,-2.55356],[-44.134438,-2.553806],[-44.134387,-2.554096],[-44.134482,-2.55474],[-44.134865,-2.555398],[-44.135415,-2.556085],[-44.135936,-2.556237],[-44.136153,-2.556425],[-44.136471,-2.557149],[-44.136594,-2.557757],[-44.136652,-2.558401],[-44.13663,-2.558885],[-44.136717,-2.559225],[-44.136941,-2.559655],[-44.136692,-2.560077],[-44.136655,-2.560002],[-44.136342,-2.560311],[-44.135887,-2.560833],[-44.135439,-2.561331],[-44.135071,-2.561686],[-44.134802,-2.561919],[-44.134417,-2.56224],[-44.134163,-2.562528],[-44.134073,-2.562685],[-44.134052,-2.563034],[-44.134023,-2.563407],[-44.133909,-2.56365],[-44.133914,-2.563867],[-44.133972,-2.564337],[-44.134004,-2.564494],[-44.134065,-2.564787],[-44.134109,-2.565149],[-44.134179,-2.5652],[-44.134873,-2.566938],[-44.13487,-2.566938],[-44.134419,-2.567012],[-44.13433,-2.567388],[-44.13368,-2.567651],[-44.133347,-2.567921],[-44.132519,-2.56881],[-44.130957,-2.568405],[-44.130906,-2.568395],[-44.131912,-2.565966],[-44.131114,-2.564769],[-44.130238,-2.563535],[-44.130982,-2.561559],[-44.131257,-2.560486],[-44.131003,-2.560178],[-44.130862,-2.560028],[-44.130417,-2.559478],[-44.130243,-2.559361],[-44.130321,-2.559249],[-44.131275,-2.558825],[-44.131387,-2.55879],[-44.131487,-2.558685],[-44.131557,-2.558513],[-44.131732,-2.557738],[-44.131892,-2.557125],[-44.13219,-2.556717],[-44.132343,-2.55653],[-44.132424,-2.556363],[-44.132473,-2.555811],[-44.132543,-2.555113],[-44.132565,-2.555037],[-44.132602,-2.554972],[-44.132676,-2.554934],[-44.132771,-2.554893],[-44.133081,-2.55482],[-44.132938,-2.554335],[-44.132882,-2.554139],[-44.132871,-2.553945],[-44.1329,-2.553796],[-44.132953,-2.553666],[-44.133346,-2.552914],[-44.133448,-2.552936],[-44.133556,-2.552965],[-44.13378,-2.55304],[-44.13462,-2.553353]]]}},{"type":"Feature","properties":{"cd_setor":"211120110000425","situacao":"Urbana","bairro":"Maiobinha","zona":"ZEU","area_m2":99844.9,"area_ha":9.984,"fonte":"IBGE, Censo 2022 — malha e agregados por setor","pessoas":143.0,"domicilios":58.0,"dom_particulares":58.0,"dom_coletivos":0.0,"moradores_por_dom":3.2,"pct_imputados":0.0222,"dom_ocupados":45.0,"dom_uso_ocasional":3.0,"dom_vagos":10.0,"dens_hab_ha":14.32,"dens_dom_ha":5.81,"pct_vagos":17.2,"pct_uso_ocasional":5.2,"pct_ocupados":77.6},"geometry":{"type":"Polygon","coordinates":[[[-44.202327,-2.554109],[-44.202579,-2.554093],[-44.202878,-2.555477],[-44.202937,-2.555769],[-44.203068,-2.556395],[-44.203269,-2.557375],[-44.20156,-2.557742],[-44.201392,-2.557774],[-44.200431,-2.558055],[-44.200341,-2.558082],[-44.199211,-2.558371],[-44.199077,-2.55829],[-44.199078,-2.558289],[-44.199414,-2.557947],[-44.199636,-2.557705],[-44.199704,-2.557641],[-44.199796,-2.557429],[-44.200123,-2.556969],[-44.200708,-2.556097],[-44.200968,-2.555589],[-44.201184,-2.555256],[-44.201735,-2.554637],[-44.202327,-2.554109]]]}},{"type":"Feature","properties":{"cd_setor":"211120110000426","situacao":"Urbana","bairro":"Saramanta","zona":"ZEU","area_m2":188945.7,"area_ha":18.895,"fonte":"IBGE, Censo 2022 — malha e agregados por setor","pessoas":494.0,"domicilios":239.0,"dom_particulares":239.0,"dom_coletivos":0.0,"moradores_por_dom":2.9,"pct_imputados":0.0355,"dom_ocupados":169.0,"dom_uso_ocasional":51.0,"dom_vagos":19.0,"dens_hab_ha":26.15,"dens_dom_ha":12.65,"pct_vagos":7.9,"pct_uso_ocasional":21.3,"pct_ocupados":70.7},"geometry":{"type":"Polygon","coordinates":[[[-44.200226,-2.554318],[-44.200775,-2.554269],[-44.201494,-2.55421],[-44.20217,-2.55412],[-44.202327,-2.554109],[-44.201735,-2.554637],[-44.201184,-2.555256],[-44.200968,-2.555589],[-44.200708,-2.556097],[-44.200123,-2.556969],[-44.199796,-2.557429],[-44.199704,-2.557641],[-44.199636,-2.557705],[-44.199414,-2.557947],[-44.199078,-2.558289],[-44.199077,-2.55829],[-44.199008,-2.558249],[-44.198241,-2.558219],[-44.196596,-2.55815],[-44.196614,-2.557661],[-44.19663,-2.557131],[-44.19665,-2.556635],[-44.196746,-2.554208],[-44.19722,-2.554241],[-44.19804,-2.554346],[-44.199026,-2.554396],[-44.19934,-2.554388],[-44.200116,-2.554324],[-44.200226,-2.554318]]]}},{"type":"Feature","properties":{"cd_setor":"211120110000427","situacao":"Urbana","bairro":"","zona":"ZEU","area_m2":45308.5,"area_ha":4.531,"fonte":"IBGE, Censo 2022 — malha e agregados por setor","pessoas":164.0,"domicilios":67.0,"dom_particulares":67.0,"dom_coletivos":0.0,"moradores_por_dom":2.8,"pct_imputados":0.1207,"dom_ocupados":58.0,"dom_uso_ocasional":0.0,"dom_vagos":9.0,"dens_hab_ha":36.2,"dens_dom_ha":14.79,"pct_vagos":13.4,"pct_uso_ocasional":0.0,"pct_ocupados":86.6},"geometry":{"type":"Polygon","coordinates":[[[-44.166275,-2.551864],[-44.166221,-2.553095],[-44.165393,-2.55308],[-44.165361,-2.553699],[-44.166192,-2.553863],[-44.166071,-2.554498],[-44.165452,-2.554375],[-44.165339,-2.554365],[-44.164345,-2.554131],[-44.164305,-2.554123],[-44.164501,-2.553547],[-44.164662,-2.551767],[-44.165538,-2.551817],[-44.166275,-2.551864]]]}},{"type":"Feature","properties":{"cd_setor":"211120110000428","situacao":"Urbana","bairro":"Ubatuba","zona":"ZEU","area_m2":103131.0,"area_ha":10.313,"fonte":"IBGE, Censo 2022 — malha e agregados por setor","pessoas":168.0,"domicilios":61.0,"dom_particulares":61.0,"dom_coletivos":0.0,"moradores_por_dom":3.1,"pct_imputados":0.0182,"dom_ocupados":55.0,"dom_uso_ocasional":1.0,"dom_vagos":5.0,"dens_hab_ha":16.29,"dens_dom_ha":5.91,"pct_vagos":8.2,"pct_uso_ocasional":1.6,"pct_ocupados":90.2},"geometry":{"type":"Polygon","coordinates":[[[-44.164646,-2.551766],[-44.164662,-2.551767],[-44.164501,-2.553547],[-44.164305,-2.554123],[-44.163185,-2.553911],[-44.162968,-2.553872],[-44.162867,-2.554009],[-44.162593,-2.554469],[-44.162471,-2.554471],[-44.16232,-2.554511],[-44.162139,-2.554571],[-44.161332,-2.555044],[-44.161471,-2.554599],[-44.161518,-2.553619],[-44.161264,-2.553022],[-44.161236,-2.552596],[-44.161261,-2.552027],[-44.161429,-2.551527],[-44.161761,-2.551555],[-44.162407,-2.551594],[-44.162943,-2.551636],[-44.163489,-2.551682],[-44.164646,-2.551766]]]}},{"type":"Feature","properties":{"cd_setor":"211120110000429","situacao":"Urbana","bairro":"Araçagy","zona":"ZDU - A","area_m2":145889.3,"area_ha":14.589,"fonte":"IBGE, Censo 2022 — malha e agregados por setor","pessoas":159.0,"domicilios":80.0,"dom_particulares":80.0,"dom_coletivos":0.0,"moradores_por_dom":2.9,"pct_imputados":0.0545,"dom_ocupados":55.0,"dom_uso_ocasional":4.0,"dom_vagos":21.0,"dens_hab_ha":10.9,"dens_dom_ha":5.48,"pct_vagos":26.2,"pct_uso_ocasional":5.0,"pct_ocupados":68.8},"geometry":{"type":"Polygon","coordinates":[[[-44.192394,-2.488668],[-44.192473,-2.487699],[-44.19251,-2.487011],[-44.192512,-2.486957],[-44.193912,-2.487106],[-44.193798,-2.489233],[-44.194201,-2.489277],[-44.194725,-2.489335],[-44.194862,-2.487207],[-44.195598,-2.487286],[-44.195598,-2.487295],[-44.19554,-2.489537],[-44.195471,-2.491513],[-44.194521,-2.491452],[-44.193549,-2.491354],[-44.193523,-2.491597],[-44.192197,-2.491456],[-44.192252,-2.490793],[-44.192309,-2.490137],[-44.192394,-2.488668]]]}},{"type":"Feature","properties":{"cd_setor":"211120110000432","situacao":"Urbana","bairro":"Alto Turu","zona":"ZEU","area_m2":146036.0,"area_ha":14.604,"fonte":"IBGE, Censo 2022 — malha e agregados por setor","pessoas":286.0,"domicilios":104.0,"dom_particulares":104.0,"dom_coletivos":0.0,"moradores_por_dom":3.4,"pct_imputados":0.0706,"dom_ocupados":85.0,"dom_uso_ocasional":7.0,"dom_vagos":12.0,"dens_hab_ha":19.58,"dens_dom_ha":7.12,"pct_vagos":11.5,"pct_uso_ocasional":6.7,"pct_ocupados":81.7},"geometry":{"type":"Polygon","coordinates":[[[-44.191465,-2.502278],[-44.191736,-2.500238],[-44.191802,-2.499817],[-44.191981,-2.498758],[-44.192543,-2.499133],[-44.19317,-2.499461],[-44.193322,-2.49955],[-44.193858,-2.499823],[-44.194294,-2.500023],[-44.194659,-2.500235],[-44.194872,-2.500362],[-44.19506,-2.500466],[-44.195979,-2.501035],[-44.1951,-2.502388],[-44.19455,-2.503236],[-44.1945,-2.503306],[-44.194423,-2.503411],[-44.194049,-2.503155],[-44.193996,-2.503127],[-44.193766,-2.503038],[-44.19325,-2.502858],[-44.192792,-2.502699],[-44.192175,-2.502479],[-44.191792,-2.502377],[-44.191465,-2.502278]]]}},{"type":"Feature","properties":{"cd_setor":"211120110000433","situacao":"Urbana","bairro":"Araçagy","zona":"ZDU - A","area_m2":211355.4,"area_ha":21.136,"fonte":"IBGE, Censo 2022 — malha e agregados por setor","pessoas":333.0,"domicilios":135.0,"dom_particulares":135.0,"dom_coletivos":0.0,"moradores_por_dom":3.2,"pct_imputados":0.1143,"dom_ocupados":105.0,"dom_uso_ocasional":8.0,"dom_vagos":22.0,"dens_hab_ha":15.76,"dens_dom_ha":6.39,"pct_vagos":16.3,"pct_uso_ocasional":5.9,"pct_ocupados":77.8},"geometry":{"type":"Polygon","coordinates":[[[-44.192836,-2.481989],[-44.192781,-2.482655],[-44.19274,-2.48324],[-44.192687,-2.483867],[-44.192632,-2.484487],[-44.192615,-2.48513],[-44.192537,-2.486317],[-44.192512,-2.486957],[-44.19251,-2.487011],[-44.192473,-2.487699],[-44.192394,-2.488668],[-44.191544,-2.488102],[-44.190894,-2.48767],[-44.190237,-2.487191],[-44.190027,-2.487035],[-44.18994,-2.486973],[-44.189738,-2.486792],[-44.189537,-2.486652],[-44.189593,-2.486124],[-44.189644,-2.485454],[-44.189692,-2.484865],[-44.189736,-2.484234],[-44.189788,-2.483556],[-44.189836,-2.48289],[-44.189887,-2.482244],[-44.18995,-2.481719],[-44.190886,-2.48182],[-44.19093,-2.481826],[-44.192836,-2.481989]]]}},{"type":"Feature","properties":{"cd_setor":"211120110000434","situacao":"Urbana","bairro":"Araçagy","zona":"ZDU - A","area_m2":194732.7,"area_ha":19.473,"fonte":"IBGE, Censo 2022 — malha e agregados por setor","pessoas":518.0,"domicilios":209.0,"dom_particulares":209.0,"dom_coletivos":0.0,"moradores_por_dom":3.1,"pct_imputados":0.071,"dom_ocupados":169.0,"dom_uso_ocasional":19.0,"dom_vagos":21.0,"dens_hab_ha":26.6,"dens_dom_ha":10.73,"pct_vagos":10.0,"pct_uso_ocasional":9.1,"pct_ocupados":80.9},"geometry":{"type":"Polygon","coordinates":[[[-44.18995,-2.481719],[-44.189951,-2.48171],[-44.189991,-2.48101],[-44.190024,-2.480433],[-44.190104,-2.479797],[-44.190135,-2.479184],[-44.19022,-2.478541],[-44.190227,-2.47819],[-44.190257,-2.477792],[-44.190288,-2.477285],[-44.190379,-2.476136],[-44.191374,-2.476337],[-44.193276,-2.476787],[-44.193207,-2.477554],[-44.193132,-2.478225],[-44.19311,-2.478823],[-44.193057,-2.479445],[-44.192994,-2.480087],[-44.192938,-2.480743],[-44.192877,-2.481343],[-44.192836,-2.481983],[-44.192836,-2.481989],[-44.19093,-2.481826],[-44.190886,-2.48182],[-44.18995,-2.481719]]]}},{"type":"Feature","properties":{"cd_setor":"211120110000435","situacao":"Urbana","bairro":"Araçagy","zona":"ZDU - A","area_m2":21363.7,"area_ha":2.136,"fonte":"IBGE, Censo 2022 — malha e agregados por setor","pessoas":0.0,"domicilios":0.0,"dom_particulares":0.0,"dom_coletivos":0.0,"moradores_por_dom":0.0,"pct_imputados":0.0,"dom_ocupados":0.0,"dom_uso_ocasional":0.0,"dom_vagos":0.0,"dens_hab_ha":null,"dens_dom_ha":null,"pct_vagos":null,"pct_uso_ocasional":null,"pct_ocupados":null},"geometry":{"type":"Polygon","coordinates":[[[-44.194955,-2.485377],[-44.194468,-2.485334],[-44.194064,-2.485301],[-44.194106,-2.484848],[-44.194127,-2.484438],[-44.194166,-2.484077],[-44.194212,-2.483383],[-44.194711,-2.483422],[-44.195099,-2.483432],[-44.195122,-2.483432],[-44.194955,-2.485377]]]}},{"type":"Feature","properties":{"cd_setor":"211120110000436","situacao":"Urbana","bairro":"Araçagy","zona":"ZDU - A","area_m2":27811.8,"area_ha":2.781,"fonte":"IBGE, Censo 2022 — malha e agregados por setor","pessoas":0.0,"domicilios":0.0,"dom_particulares":0.0,"dom_coletivos":0.0,"moradores_por_dom":0.0,"pct_imputados":0.0,"dom_ocupados":0.0,"dom_uso_ocasional":0.0,"dom_vagos":0.0,"dens_hab_ha":null,"dens_dom_ha":null,"pct_vagos":null,"pct_uso_ocasional":null,"pct_ocupados":null},"geometry":{"type":"Polygon","coordinates":[[[-44.195099,-2.483432],[-44.194711,-2.483422],[-44.194212,-2.483383],[-44.19428,-2.482212],[-44.194353,-2.481119],[-44.194378,-2.480863],[-44.195261,-2.480915],[-44.195111,-2.483289],[-44.195099,-2.483432]]]}},{"type":"Feature","properties":{"cd_setor":"211120110000437","situacao":"Urbana","bairro":"Araçagy","zona":"ZDU - A","area_m2":506393.0,"area_ha":50.639,"fonte":"IBGE, Censo 2022 — malha e agregados por setor","pessoas":435.0,"domicilios":213.0,"dom_particulares":213.0,"dom_coletivos":0.0,"moradores_por_dom":2.7,"pct_imputados":0.2327,"dom_ocupados":159.0,"dom_uso_ocasional":11.0,"dom_vagos":43.0,"dens_hab_ha":8.59,"dens_dom_ha":4.21,"pct_vagos":20.2,"pct_uso_ocasional":5.2,"pct_ocupados":74.6},"geometry":{"type":"Polygon","coordinates":[[[-44.195467,-2.47701],[-44.195853,-2.477035],[-44.196456,-2.477047],[-44.196967,-2.47706],[-44.197697,-2.477039],[-44.198996,-2.477065],[-44.198997,-2.477065],[-44.199773,-2.4771],[-44.200687,-2.477149],[-44.201694,-2.477237],[-44.201724,-2.477385],[-44.201624,-2.480375],[-44.201621,-2.480524],[-44.20096,-2.480498],[-44.200968,-2.480204],[-44.20034,-2.480185],[-44.200333,-2.480462],[-44.199731,-2.480452],[-44.199736,-2.479855],[-44.199089,-2.479847],[-44.199049,-2.480915],[-44.198671,-2.480931],[-44.198682,-2.481317],[-44.197702,-2.481307],[-44.197724,-2.483104],[-44.197469,-2.483087],[-44.197463,-2.483849],[-44.198352,-2.483903],[-44.198186,-2.485707],[-44.19785,-2.485709],[-44.197706,-2.4858],[-44.197614,-2.486004],[-44.197571,-2.486138],[-44.197759,-2.486342],[-44.197959,-2.486348],[-44.197973,-2.486356],[-44.197959,-2.486356],[-44.197948,-2.487191],[-44.198532,-2.487228],[-44.198533,-2.487513],[-44.198505,-2.487626],[-44.197273,-2.487465],[-44.196629,-2.4874],[-44.195598,-2.487295],[-44.195598,-2.487286],[-44.194862,-2.487207],[-44.194955,-2.485377],[-44.195122,-2.483432],[-44.195099,-2.483432],[-44.195111,-2.483289],[-44.195261,-2.480915],[-44.195391,-2.479557],[-44.195418,-2.478695],[-44.195416,-2.478265],[-44.195446,-2.477581],[-44.195481,-2.477054],[-44.195467,-2.47701]]]}},{"type":"Feature","properties":{"cd_setor":"211120110000438","situacao":"Urbana","bairro":"Araçagy","zona":"ZDU - A","area_m2":222876.8,"area_ha":22.288,"fonte":"IBGE, Censo 2022 — malha e agregados por setor","pessoas":214.0,"domicilios":122.0,"dom_particulares":122.0,"dom_coletivos":0.0,"moradores_por_dom":2.5,"pct_imputados":0.0,"dom_ocupados":87.0,"dom_uso_ocasional":8.0,"dom_vagos":27.0,"dens_hab_ha":9.6,"dens_dom_ha":5.47,"pct_vagos":22.1,"pct_uso_ocasional":6.6,"pct_ocupados":71.3},"geometry":{"type":"Polygon","coordinates":[[[-44.195261,-2.480915],[-44.194378,-2.480863],[-44.194353,-2.481119],[-44.19428,-2.482212],[-44.194212,-2.483383],[-44.194166,-2.484077],[-44.194127,-2.484438],[-44.194106,-2.484848],[-44.194064,-2.485301],[-44.193997,-2.486095],[-44.193912,-2.487106],[-44.192512,-2.486957],[-44.192537,-2.486317],[-44.192615,-2.48513],[-44.192632,-2.484487],[-44.192687,-2.483867],[-44.19274,-2.48324],[-44.192781,-2.482655],[-44.192836,-2.481989],[-44.192836,-2.481983],[-44.192877,-2.481343],[-44.192938,-2.480743],[-44.192994,-2.480087],[-44.193057,-2.479445],[-44.19311,-2.478823],[-44.193132,-2.478225],[-44.193207,-2.477554],[-44.193276,-2.476787],[-44.193755,-2.476866],[-44.194086,-2.476919],[-44.194569,-2.476951],[-44.195467,-2.47701],[-44.195481,-2.477054],[-44.195446,-2.477581],[-44.195416,-2.478265],[-44.195418,-2.478695],[-44.195391,-2.479557],[-44.195261,-2.480915]]]}},{"type":"Feature","properties":{"cd_setor":"211120110000439","situacao":"Urbana","bairro":"Alto Turu","zona":"ZEU","area_m2":122967.9,"area_ha":12.297,"fonte":"IBGE, Censo 2022 — malha e agregados por setor","pessoas":607.0,"domicilios":253.0,"dom_particulares":253.0,"dom_coletivos":0.0,"moradores_por_dom":3.1,"pct_imputados":0.0558,"dom_ocupados":197.0,"dom_uso_ocasional":6.0,"dom_vagos":50.0,"dens_hab_ha":49.36,"dens_dom_ha":20.57,"pct_vagos":19.8,"pct_uso_ocasional":2.4,"pct_ocupados":77.9},"geometry":{"type":"Polygon","coordinates":[[[-44.192808,-2.511445],[-44.19268,-2.512038],[-44.195019,-2.512514],[-44.195205,-2.512537],[-44.195208,-2.512538],[-44.195077,-2.513184],[-44.19494,-2.513818],[-44.192423,-2.513319],[-44.19227,-2.51393],[-44.189791,-2.513429],[-44.189901,-2.51273],[-44.189982,-2.512117],[-44.190058,-2.511655],[-44.190168,-2.510933],[-44.190169,-2.510926],[-44.190455,-2.510977],[-44.19113,-2.511113],[-44.191411,-2.511156],[-44.192808,-2.511445]]]}},{"type":"Feature","properties":{"cd_setor":"211120110000440","situacao":"Urbana","bairro":"Alto Turu","zona":"ZEU","area_m2":150147.0,"area_ha":15.015,"fonte":"IBGE, Censo 2022 — malha e agregados por setor","pessoas":728.0,"domicilios":260.0,"dom_particulares":260.0,"dom_coletivos":0.0,"moradores_por_dom":3.1,"pct_imputados":0.0171,"dom_ocupados":234.0,"dom_uso_ocasional":2.0,"dom_vagos":24.0,"dens_hab_ha":48.49,"dens_dom_ha":17.32,"pct_vagos":9.2,"pct_uso_ocasional":0.8,"pct_ocupados":90.0},"geometry":{"type":"Polygon","coordinates":[[[-44.194457,-2.516286],[-44.194333,-2.516891],[-44.194221,-2.517508],[-44.194093,-2.518156],[-44.194022,-2.518699],[-44.193981,-2.518697],[-44.193675,-2.518686],[-44.19242,-2.518396],[-44.192265,-2.518361],[-44.191465,-2.518176],[-44.191462,-2.518175],[-44.191448,-2.518172],[-44.191326,-2.518146],[-44.191168,-2.518111],[-44.191145,-2.518106],[-44.191083,-2.518093],[-44.19098,-2.518063],[-44.18933,-2.517649],[-44.189148,-2.517605],[-44.189312,-2.516557],[-44.189368,-2.516241],[-44.189427,-2.515848],[-44.189512,-2.515272],[-44.189535,-2.515276],[-44.193085,-2.516016],[-44.19443,-2.516281],[-44.194457,-2.516286]]]}},{"type":"Feature","properties":{"cd_setor":"211120110000441","situacao":"Urbana","bairro":"Alto Turu","zona":"ZEU","area_m2":137561.5,"area_ha":13.756,"fonte":"IBGE, Censo 2022 — malha e agregados por setor","pessoas":645.0,"domicilios":251.0,"dom_particulares":251.0,"dom_coletivos":0.0,"moradores_por_dom":3.1,"pct_imputados":0.0049,"dom_ocupados":206.0,"dom_uso_ocasional":13.0,"dom_vagos":32.0,"dens_hab_ha":46.89,"dens_dom_ha":18.25,"pct_vagos":12.7,"pct_uso_ocasional":5.2,"pct_ocupados":82.1},"geometry":{"type":"Polygon","coordinates":[[[-44.189512,-2.515272],[-44.189518,-2.515225],[-44.189601,-2.514626],[-44.18962,-2.514511],[-44.189691,-2.514104],[-44.189791,-2.513429],[-44.19227,-2.51393],[-44.192423,-2.513319],[-44.19494,-2.513818],[-44.194905,-2.514032],[-44.194829,-2.514425],[-44.194709,-2.515042],[-44.194621,-2.515442],[-44.194606,-2.515519],[-44.194581,-2.515642],[-44.194461,-2.516275],[-44.194457,-2.516286],[-44.19443,-2.516281],[-44.193085,-2.516016],[-44.189535,-2.515276],[-44.189512,-2.515272]]]}},{"type":"Feature","properties":{"cd_setor":"211120110000442","situacao":"Urbana","bairro":"Alto Turu","zona":"ZEU","area_m2":54455.3,"area_ha":5.446,"fonte":"IBGE, Censo 2022 — malha e agregados por setor","pessoas":482.0,"domicilios":182.0,"dom_particulares":182.0,"dom_coletivos":0.0,"moradores_por_dom":3.0,"pct_imputados":0.0875,"dom_ocupados":160.0,"dom_uso_ocasional":4.0,"dom_vagos":18.0,"dens_hab_ha":88.51,"dens_dom_ha":33.42,"pct_vagos":9.9,"pct_uso_ocasional":2.2,"pct_ocupados":87.9},"geometry":{"type":"Polygon","coordinates":[[[-44.196304,-2.51275],[-44.19639,-2.512768],[-44.19674,-2.51284],[-44.197115,-2.512917],[-44.197482,-2.513023],[-44.197755,-2.513076],[-44.197629,-2.513781],[-44.19744,-2.514724],[-44.197323,-2.515249],[-44.197252,-2.515628],[-44.196885,-2.515557],[-44.196798,-2.515988],[-44.195804,-2.515775],[-44.195694,-2.515751],[-44.196295,-2.512789],[-44.196304,-2.51275]]]}},{"type":"Feature","properties":{"cd_setor":"211120110000443","situacao":"Urbana","bairro":"Alto Turu","zona":"ZEU","area_m2":41861.7,"area_ha":4.186,"fonte":"IBGE, Censo 2022 — malha e agregados por setor","pessoas":421.0,"domicilios":177.0,"dom_particulares":177.0,"dom_coletivos":0.0,"moradores_por_dom":3.2,"pct_imputados":0.0305,"dom_ocupados":131.0,"dom_uso_ocasional":16.0,"dom_vagos":30.0,"dens_hab_ha":100.57,"dens_dom_ha":42.28,"pct_vagos":16.9,"pct_uso_ocasional":9.0,"pct_ocupados":74.0},"geometry":{"type":"Polygon","coordinates":[[[-44.195694,-2.515751],[-44.194606,-2.515519],[-44.194621,-2.515442],[-44.194709,-2.515042],[-44.194829,-2.514425],[-44.194905,-2.514032],[-44.19494,-2.513818],[-44.195077,-2.513184],[-44.195208,-2.512538],[-44.195664,-2.512618],[-44.196034,-2.512694],[-44.196304,-2.51275],[-44.196295,-2.512789],[-44.195694,-2.515751]]]}},{"type":"Feature","properties":{"cd_setor":"211120110000444","situacao":"Urbana","bairro":"Alto Turu","zona":"ZEU","area_m2":57143.1,"area_ha":5.714,"fonte":"IBGE, Censo 2022 — malha e agregados por setor","pessoas":571.0,"domicilios":217.0,"dom_particulares":217.0,"dom_coletivos":0.0,"moradores_por_dom":3.1,"pct_imputados":0.0703,"dom_ocupados":185.0,"dom_uso_ocasional":7.0,"dom_vagos":25.0,"dens_hab_ha":99.92,"dens_dom_ha":37.97,"pct_vagos":11.5,"pct_uso_ocasional":3.2,"pct_ocupados":85.3},"geometry":{"type":"Polygon","coordinates":[[[-44.195694,-2.515751],[-44.195804,-2.515775],[-44.196798,-2.515988],[-44.196732,-2.516418],[-44.197081,-2.516484],[-44.196523,-2.519218],[-44.196524,-2.519222],[-44.196172,-2.519144],[-44.195859,-2.519074],[-44.195495,-2.518993],[-44.195115,-2.518909],[-44.195069,-2.518899],[-44.195069,-2.518898],[-44.195131,-2.518576],[-44.195212,-2.518204],[-44.195339,-2.517531],[-44.195437,-2.517081],[-44.195694,-2.515751]]]}},{"type":"Feature","properties":{"cd_setor":"211120110000445","situacao":"Urbana","bairro":"Alto Turu","zona":"ZEU","area_m2":43793.2,"area_ha":4.379,"fonte":"IBGE, Censo 2022 — malha e agregados por setor","pessoas":433.0,"domicilios":178.0,"dom_particulares":178.0,"dom_coletivos":0.0,"moradores_por_dom":2.8,"pct_imputados":0.0844,"dom_ocupados":154.0,"dom_uso_ocasional":7.0,"dom_vagos":17.0,"dens_hab_ha":98.87,"dens_dom_ha":40.65,"pct_vagos":9.6,"pct_uso_ocasional":3.9,"pct_ocupados":86.5},"geometry":{"type":"Polygon","coordinates":[[[-44.195069,-2.518899],[-44.194802,-2.518839],[-44.194412,-2.518776],[-44.194022,-2.518699],[-44.194093,-2.518156],[-44.194221,-2.517508],[-44.194333,-2.516891],[-44.194457,-2.516286],[-44.194461,-2.516275],[-44.194581,-2.515642],[-44.194606,-2.515519],[-44.195694,-2.515751],[-44.195437,-2.517081],[-44.195339,-2.517531],[-44.195212,-2.518204],[-44.195131,-2.518576],[-44.195069,-2.518898],[-44.195069,-2.518899]]]}},{"type":"Feature","properties":{"cd_setor":"211120110000446","situacao":"Urbana","bairro":"Alto Turu","zona":"ZEU","area_m2":55762.6,"area_ha":5.576,"fonte":"IBGE, Censo 2022 — malha e agregados por setor","pessoas":440.0,"domicilios":178.0,"dom_particulares":178.0,"dom_coletivos":0.0,"moradores_por_dom":2.9,"pct_imputados":0.0,"dom_ocupados":154.0,"dom_uso_ocasional":5.0,"dom_vagos":19.0,"dens_hab_ha":78.91,"dens_dom_ha":31.92,"pct_vagos":10.7,"pct_uso_ocasional":2.8,"pct_ocupados":86.5},"geometry":{"type":"Polygon","coordinates":[[[-44.198983,-2.512699],[-44.199002,-2.512703],[-44.199345,-2.512784],[-44.199723,-2.512851],[-44.200166,-2.512937],[-44.199737,-2.515258],[-44.199723,-2.515335],[-44.199517,-2.516466],[-44.199504,-2.516547],[-44.198259,-2.516284],[-44.198624,-2.514481],[-44.198973,-2.512704],[-44.198983,-2.512699]]]}},{"type":"Feature","properties":{"cd_setor":"211120110000447","situacao":"Urbana","bairro":"Alto Turu","zona":"ZEU","area_m2":48347.9,"area_ha":4.835,"fonte":"IBGE, Censo 2022 — malha e agregados por setor","pessoas":433.0,"domicilios":168.0,"dom_particulares":168.0,"dom_coletivos":0.0,"moradores_por_dom":3.1,"pct_imputados":0.0,"dom_ocupados":138.0,"dom_uso_ocasional":5.0,"dom_vagos":25.0,"dens_hab_ha":89.56,"dens_dom_ha":34.75,"pct_vagos":14.9,"pct_uso_ocasional":3.0,"pct_ocupados":82.1},"geometry":{"type":"Polygon","coordinates":[[[-44.198259,-2.516284],[-44.198082,-2.516247],[-44.197494,-2.516123],[-44.197575,-2.515692],[-44.197252,-2.515628],[-44.197323,-2.515249],[-44.19744,-2.514724],[-44.197629,-2.513781],[-44.197755,-2.513076],[-44.197871,-2.512495],[-44.198621,-2.51262],[-44.198983,-2.512699],[-44.198973,-2.512704],[-44.198624,-2.514481],[-44.198259,-2.516284]]]}},{"type":"Feature","properties":{"cd_setor":"211120110000448","situacao":"Urbana","bairro":"Alto Turu","zona":"ZEU","area_m2":53140.6,"area_ha":5.314,"fonte":"IBGE, Censo 2022 — malha e agregados por setor","pessoas":567.0,"domicilios":207.0,"dom_particulares":207.0,"dom_coletivos":0.0,"moradores_por_dom":3.0,"pct_imputados":0.0161,"dom_ocupados":186.0,"dom_uso_ocasional":6.0,"dom_vagos":15.0,"dens_hab_ha":106.7,"dens_dom_ha":38.95,"pct_vagos":7.2,"pct_uso_ocasional":2.9,"pct_ocupados":89.9},"geometry":{"type":"Polygon","coordinates":[[[-44.198259,-2.516284],[-44.199504,-2.516547],[-44.199368,-2.517391],[-44.198954,-2.519687],[-44.198926,-2.519819],[-44.198413,-2.519643],[-44.198041,-2.51956],[-44.197699,-2.519484],[-44.197592,-2.51946],[-44.197727,-2.518856],[-44.197811,-2.518414],[-44.197914,-2.518013],[-44.198012,-2.517515],[-44.198113,-2.51708],[-44.198259,-2.516284]]]}},{"type":"Feature","properties":{"cd_setor":"211120110000449","situacao":"Urbana","bairro":"Alto Turu","zona":"ZEU","area_m2":50142.3,"area_ha":5.014,"fonte":"IBGE, Censo 2022 — malha e agregados por setor","pessoas":479.0,"domicilios":171.0,"dom_particulares":171.0,"dom_coletivos":0.0,"moradores_por_dom":3.0,"pct_imputados":0.0126,"dom_ocupados":159.0,"dom_uso_ocasional":0.0,"dom_vagos":12.0,"dens_hab_ha":95.53,"dens_dom_ha":34.1,"pct_vagos":7.0,"pct_uso_ocasional":0.0,"pct_ocupados":93.0},"geometry":{"type":"Polygon","coordinates":[[[-44.197592,-2.51946],[-44.197333,-2.519402],[-44.196999,-2.519328],[-44.196601,-2.519239],[-44.196524,-2.519222],[-44.196523,-2.519218],[-44.197081,-2.516484],[-44.196732,-2.516418],[-44.196798,-2.515988],[-44.196885,-2.515557],[-44.197252,-2.515628],[-44.197575,-2.515692],[-44.197494,-2.516123],[-44.198082,-2.516247],[-44.198259,-2.516284],[-44.198113,-2.51708],[-44.198012,-2.517515],[-44.197914,-2.518013],[-44.197811,-2.518414],[-44.197727,-2.518856],[-44.197592,-2.51946]]]}},{"type":"Feature","properties":{"cd_setor":"211120110000450","situacao":"Urbana","bairro":"Parque Vitória","zona":"ZEU","area_m2":114728.1,"area_ha":11.473,"fonte":"IBGE, Censo 2022 — malha e agregados por setor","pessoas":548.0,"domicilios":229.0,"dom_particulares":229.0,"dom_coletivos":0.0,"moradores_por_dom":3.0,"pct_imputados":0.0387,"dom_ocupados":181.0,"dom_uso_ocasional":11.0,"dom_vagos":37.0,"dens_hab_ha":47.77,"dens_dom_ha":19.96,"pct_vagos":16.2,"pct_uso_ocasional":4.8,"pct_ocupados":79.0},"geometry":{"type":"Polygon","coordinates":[[[-44.201688,-2.511994],[-44.200391,-2.511707],[-44.200466,-2.511292],[-44.200544,-2.510858],[-44.200674,-2.510175],[-44.20079,-2.509579],[-44.200853,-2.509127],[-44.200965,-2.508505],[-44.201052,-2.507979],[-44.201057,-2.507954],[-44.201202,-2.507387],[-44.201274,-2.506735],[-44.201407,-2.506108],[-44.201554,-2.505537],[-44.20168,-2.504778],[-44.20227,-2.505266],[-44.202926,-2.505847],[-44.202923,-2.505892],[-44.2027,-2.506998],[-44.202317,-2.508991],[-44.20197,-2.510643],[-44.201882,-2.511104],[-44.201688,-2.511994]]]}},{"type":"Feature","properties":{"cd_setor":"211120110000451","situacao":"Urbana","bairro":"Parque Vitória","zona":"ZEU","area_m2":111959.8,"area_ha":11.196,"fonte":"IBGE, Censo 2022 — malha e agregados por setor","pessoas":203.0,"domicilios":90.0,"dom_particulares":90.0,"dom_coletivos":0.0,"moradores_por_dom":2.9,"pct_imputados":0.0,"dom_ocupados":71.0,"dom_uso_ocasional":6.0,"dom_vagos":13.0,"dens_hab_ha":18.13,"dens_dom_ha":8.04,"pct_vagos":14.4,"pct_uso_ocasional":6.7,"pct_ocupados":78.9},"geometry":{"type":"Polygon","coordinates":[[[-44.202926,-2.505847],[-44.20298,-2.505895],[-44.203679,-2.506431],[-44.20347,-2.507483],[-44.204264,-2.507667],[-44.203791,-2.509774],[-44.203563,-2.510853],[-44.203213,-2.512537],[-44.202943,-2.512456],[-44.20252,-2.512356],[-44.202148,-2.512294],[-44.202023,-2.512261],[-44.201641,-2.512177],[-44.201688,-2.511994],[-44.201882,-2.511104],[-44.20197,-2.510643],[-44.202317,-2.508991],[-44.2027,-2.506998],[-44.202923,-2.505892],[-44.202926,-2.505847]]]}},{"type":"Feature","properties":{"cd_setor":"211120110000452","situacao":"Urbana","bairro":"Alto Turu","zona":"ZEU","area_m2":91004.4,"area_ha":9.1,"fonte":"IBGE, Censo 2022 — malha e agregados por setor","pessoas":310.0,"domicilios":143.0,"dom_particulares":142.0,"dom_coletivos":1.0,"moradores_por_dom":3.0,"pct_imputados":0.0297,"dom_ocupados":101.0,"dom_uso_ocasional":19.0,"dom_vagos":22.0,"dens_hab_ha":34.06,"dens_dom_ha":15.6,"pct_vagos":15.5,"pct_uso_ocasional":13.4,"pct_ocupados":71.1},"geometry":{"type":"Polygon","coordinates":[[[-44.194042,-2.505235],[-44.19391,-2.505828],[-44.193801,-2.506447],[-44.193667,-2.507077],[-44.193546,-2.507711],[-44.19092,-2.507176],[-44.190722,-2.50714],[-44.190736,-2.507065],[-44.190823,-2.506509],[-44.190921,-2.505859],[-44.190996,-2.505348],[-44.1911,-2.504641],[-44.191131,-2.504655],[-44.194,-2.505219],[-44.194042,-2.505235]]]}},{"type":"Feature","properties":{"cd_setor":"211120110000453","situacao":"Urbana","bairro":"Alto Turu","zona":"ZEU","area_m2":82681.7,"area_ha":8.268,"fonte":"IBGE, Censo 2022 — malha e agregados por setor","pessoas":298.0,"domicilios":149.0,"dom_particulares":149.0,"dom_coletivos":0.0,"moradores_por_dom":2.9,"pct_imputados":0.0,"dom_ocupados":104.0,"dom_uso_ocasional":24.0,"dom_vagos":21.0,"dens_hab_ha":36.04,"dens_dom_ha":18.02,"pct_vagos":14.1,"pct_uso_ocasional":16.1,"pct_ocupados":69.8},"geometry":{"type":"Polygon","coordinates":[[[-44.1911,-2.504641],[-44.191197,-2.503982],[-44.191281,-2.50337],[-44.191405,-2.502731],[-44.191465,-2.502278],[-44.191792,-2.502377],[-44.192175,-2.502479],[-44.192792,-2.502699],[-44.19325,-2.502858],[-44.193766,-2.503038],[-44.193996,-2.503127],[-44.194049,-2.503155],[-44.194423,-2.503411],[-44.194418,-2.503417],[-44.1943,-2.503949],[-44.194243,-2.504311],[-44.19423,-2.504354],[-44.194164,-2.504571],[-44.194051,-2.505195],[-44.194042,-2.505235],[-44.194,-2.505219],[-44.191131,-2.504655],[-44.1911,-2.504641]]]}},{"type":"Feature","properties":{"cd_setor":"211120110000454","situacao":"Urbana","bairro":"Alto Turu","zona":"ZEU","area_m2":79298.4,"area_ha":7.93,"fonte":"IBGE, Censo 2022 — malha e agregados por setor","pessoas":424.0,"domicilios":183.0,"dom_particulares":183.0,"dom_coletivos":0.0,"moradores_por_dom":2.8,"pct_imputados":0.0467,"dom_ocupados":150.0,"dom_uso_ocasional":2.0,"dom_vagos":31.0,"dens_hab_ha":53.47,"dens_dom_ha":23.08,"pct_vagos":16.9,"pct_uso_ocasional":1.1,"pct_ocupados":82.0},"geometry":{"type":"Polygon","coordinates":[[[-44.195706,-2.510102],[-44.195827,-2.509501],[-44.195951,-2.50888],[-44.195954,-2.508867],[-44.196078,-2.508248],[-44.196079,-2.508241],[-44.1962,-2.507639],[-44.198642,-2.50813],[-44.198699,-2.508142],[-44.198602,-2.508706],[-44.198595,-2.508736],[-44.19847,-2.509361],[-44.198345,-2.509977],[-44.198339,-2.510009],[-44.19822,-2.510601],[-44.198215,-2.510623],[-44.196561,-2.510273],[-44.195706,-2.510102]]]}},{"type":"Feature","properties":{"cd_setor":"211120110000455","situacao":"Urbana","bairro":"Alto Turu","zona":"ZEU","area_m2":78509.2,"area_ha":7.851,"fonte":"IBGE, Censo 2022 — malha e agregados por setor","pessoas":477.0,"domicilios":181.0,"dom_particulares":181.0,"dom_coletivos":0.0,"moradores_por_dom":3.0,"pct_imputados":0.0318,"dom_ocupados":157.0,"dom_uso_ocasional":5.0,"dom_vagos":19.0,"dens_hab_ha":60.76,"dens_dom_ha":23.05,"pct_vagos":10.5,"pct_uso_ocasional":2.8,"pct_ocupados":86.7},"geometry":{"type":"Polygon","coordinates":[[[-44.198215,-2.510623],[-44.19821,-2.510646],[-44.1981,-2.511181],[-44.198085,-2.511245],[-44.197969,-2.511827],[-44.197852,-2.512457],[-44.197755,-2.513076],[-44.197482,-2.513023],[-44.197115,-2.512917],[-44.19674,-2.51284],[-44.19639,-2.512768],[-44.196304,-2.51275],[-44.196034,-2.512694],[-44.195664,-2.512618],[-44.195208,-2.512538],[-44.195205,-2.512537],[-44.195315,-2.511981],[-44.195454,-2.511284],[-44.195578,-2.510736],[-44.19559,-2.510683],[-44.195703,-2.51012],[-44.195706,-2.510102],[-44.196561,-2.510273],[-44.198215,-2.510623]]]}},{"type":"Feature","properties":{"cd_setor":"211120110000456","situacao":"Urbana","bairro":"Parque Vitória","zona":"ZEU","area_m2":59232.3,"area_ha":5.923,"fonte":"IBGE, Censo 2022 — malha e agregados por setor","pessoas":456.0,"domicilios":177.0,"dom_particulares":177.0,"dom_coletivos":0.0,"moradores_por_dom":3.1,"pct_imputados":0.0338,"dom_ocupados":148.0,"dom_uso_ocasional":3.0,"dom_vagos":26.0,"dens_hab_ha":76.99,"dens_dom_ha":29.88,"pct_vagos":14.7,"pct_uso_ocasional":1.7,"pct_ocupados":83.6},"geometry":{"type":"Polygon","coordinates":[[[-44.200888,-2.515553],[-44.200847,-2.515726],[-44.200516,-2.517189],[-44.200509,-2.517227],[-44.20038,-2.517857],[-44.200255,-2.518369],[-44.200178,-2.518704],[-44.199945,-2.519785],[-44.19921,-2.519849],[-44.19907,-2.519837],[-44.198926,-2.519819],[-44.198954,-2.519687],[-44.199368,-2.517391],[-44.199504,-2.516547],[-44.199517,-2.516466],[-44.199723,-2.515335],[-44.200348,-2.515471],[-44.200888,-2.515553]]]}},{"type":"Feature","properties":{"cd_setor":"211120110000457","situacao":"Urbana","bairro":"Parque Vitória","zona":"ZEU","area_m2":56472.7,"area_ha":5.647,"fonte":"IBGE, Censo 2022 — malha e agregados por setor","pessoas":223.0,"domicilios":98.0,"dom_particulares":98.0,"dom_coletivos":0.0,"moradores_por_dom":2.8,"pct_imputados":0.0886,"dom_ocupados":79.0,"dom_uso_ocasional":3.0,"dom_vagos":16.0,"dens_hab_ha":39.49,"dens_dom_ha":17.35,"pct_vagos":16.3,"pct_uso_ocasional":3.1,"pct_ocupados":80.6},"geometry":{"type":"Polygon","coordinates":[[[-44.199723,-2.515335],[-44.199737,-2.515258],[-44.200166,-2.512937],[-44.200194,-2.512779],[-44.200204,-2.512714],[-44.200268,-2.512348],[-44.200314,-2.512108],[-44.200391,-2.511707],[-44.201688,-2.511994],[-44.201641,-2.512177],[-44.201602,-2.512338],[-44.201353,-2.513448],[-44.201252,-2.51387],[-44.201199,-2.514109],[-44.200888,-2.515553],[-44.200348,-2.515471],[-44.199723,-2.515335]]]}},{"type":"Feature","properties":{"cd_setor":"211120110000458","situacao":"Urbana","bairro":"Alto Turu","zona":"ZEU","area_m2":108019.6,"area_ha":10.802,"fonte":"IBGE, Censo 2022 — malha e agregados por setor","pessoas":478.0,"domicilios":194.0,"dom_particulares":194.0,"dom_coletivos":0.0,"moradores_por_dom":3.1,"pct_imputados":0.0,"dom_ocupados":153.0,"dom_uso_ocasional":0.0,"dom_vagos":41.0,"dens_hab_ha":44.25,"dens_dom_ha":17.96,"pct_vagos":21.1,"pct_uso_ocasional":0.0,"pct_ocupados":78.9},"geometry":{"type":"Polygon","coordinates":[[[-44.201057,-2.507954],[-44.201052,-2.507979],[-44.200965,-2.508505],[-44.200853,-2.509127],[-44.20079,-2.509579],[-44.200674,-2.510175],[-44.200544,-2.510858],[-44.200466,-2.511292],[-44.200391,-2.511707],[-44.200158,-2.51166],[-44.198085,-2.511245],[-44.1981,-2.511181],[-44.19821,-2.510646],[-44.198215,-2.510623],[-44.19822,-2.510601],[-44.198339,-2.510009],[-44.198345,-2.509977],[-44.19847,-2.509361],[-44.198595,-2.508736],[-44.198602,-2.508706],[-44.198699,-2.508142],[-44.198707,-2.508103],[-44.198818,-2.507545],[-44.199547,-2.507668],[-44.201027,-2.507948],[-44.201057,-2.507954]]]}},{"type":"Feature","properties":{"cd_setor":"211120110000459","situacao":"Urbana","bairro":"Alto Turu","zona":"ZEU","area_m2":106400.9,"area_ha":10.64,"fonte":"IBGE, Censo 2022 — malha e agregados por setor","pessoas":535.0,"domicilios":229.0,"dom_particulares":229.0,"dom_coletivos":0.0,"moradores_por_dom":3.1,"pct_imputados":0.0289,"dom_ocupados":173.0,"dom_uso_ocasional":0.0,"dom_vagos":56.0,"dens_hab_ha":50.28,"dens_dom_ha":21.52,"pct_vagos":24.5,"pct_uso_ocasional":0.0,"pct_ocupados":75.5},"geometry":{"type":"Polygon","coordinates":[[[-44.198818,-2.507545],[-44.198824,-2.507522],[-44.198833,-2.507481],[-44.198961,-2.506861],[-44.199079,-2.506288],[-44.199089,-2.506241],[-44.199212,-2.505683],[-44.199353,-2.505042],[-44.19936,-2.50501],[-44.199477,-2.504439],[-44.19949,-2.504376],[-44.199607,-2.503825],[-44.199616,-2.503781],[-44.19968,-2.503411],[-44.199745,-2.503235],[-44.20009,-2.503485],[-44.20099,-2.504186],[-44.20168,-2.504778],[-44.201554,-2.505537],[-44.201407,-2.506108],[-44.201274,-2.506735],[-44.201202,-2.507387],[-44.201057,-2.507954],[-44.201027,-2.507948],[-44.199547,-2.507668],[-44.198818,-2.507545]]]}},{"type":"Feature","properties":{"cd_setor":"211120110000460","situacao":"Urbana","bairro":"Alto Turu","zona":"ZEU","area_m2":93742.3,"area_ha":9.374,"fonte":"IBGE, Censo 2022 — malha e agregados por setor","pessoas":684.0,"domicilios":268.0,"dom_particulares":268.0,"dom_coletivos":0.0,"moradores_por_dom":3.0,"pct_imputados":0.0261,"dom_ocupados":230.0,"dom_uso_ocasional":5.0,"dom_vagos":33.0,"dens_hab_ha":72.97,"dens_dom_ha":28.59,"pct_vagos":12.3,"pct_uso_ocasional":1.9,"pct_ocupados":85.8},"geometry":{"type":"Polygon","coordinates":[[[-44.196687,-2.505135],[-44.196813,-2.504533],[-44.196871,-2.504251],[-44.196943,-2.503907],[-44.196944,-2.503901],[-44.197028,-2.503499],[-44.19707,-2.503298],[-44.197195,-2.5027],[-44.197196,-2.502694],[-44.19721,-2.502621],[-44.197365,-2.501819],[-44.197405,-2.501841],[-44.19804,-2.502216],[-44.198474,-2.502489],[-44.199059,-2.502836],[-44.199235,-2.502939],[-44.199745,-2.503235],[-44.19968,-2.503411],[-44.199616,-2.503781],[-44.199607,-2.503825],[-44.19949,-2.504376],[-44.199477,-2.504439],[-44.19936,-2.50501],[-44.199353,-2.505042],[-44.199212,-2.505683],[-44.196687,-2.505135]]]}},{"type":"Feature","properties":{"cd_setor":"211120110000461","situacao":"Urbana","bairro":"Alto Turu","zona":"ZEU","area_m2":79819.7,"area_ha":7.982,"fonte":"IBGE, Censo 2022 — malha e agregados por setor","pessoas":464.0,"domicilios":187.0,"dom_particulares":187.0,"dom_coletivos":0.0,"moradores_por_dom":3.2,"pct_imputados":0.0342,"dom_ocupados":146.0,"dom_uso_ocasional":5.0,"dom_vagos":36.0,"dens_hab_ha":58.13,"dens_dom_ha":23.43,"pct_vagos":19.3,"pct_uso_ocasional":2.7,"pct_ocupados":78.1},"geometry":{"type":"Polygon","coordinates":[[[-44.199212,-2.505683],[-44.199089,-2.506241],[-44.199079,-2.506288],[-44.198961,-2.506861],[-44.198833,-2.507481],[-44.198824,-2.507522],[-44.198818,-2.507545],[-44.198707,-2.508103],[-44.198699,-2.508142],[-44.198642,-2.50813],[-44.1962,-2.507639],[-44.196325,-2.506987],[-44.196563,-2.505756],[-44.196605,-2.505537],[-44.196624,-2.505436],[-44.196641,-2.505356],[-44.196682,-2.505159],[-44.196687,-2.505135],[-44.199212,-2.505683]]]}},{"type":"Feature","properties":{"cd_setor":"211120110000462","situacao":"Urbana","bairro":"Parque Jair","zona":"ZEU","area_m2":299961.0,"area_ha":29.996,"fonte":"IBGE, Censo 2022 — malha e agregados por setor","pessoas":540.0,"domicilios":238.0,"dom_particulares":238.0,"dom_coletivos":0.0,"moradores_por_dom":3.1,"pct_imputados":0.0057,"dom_ocupados":174.0,"dom_uso_ocasional":25.0,"dom_vagos":39.0,"dens_hab_ha":18.0,"dens_dom_ha":7.93,"pct_vagos":16.4,"pct_uso_ocasional":10.5,"pct_ocupados":73.1},"geometry":{"type":"Polygon","coordinates":[[[-44.187175,-2.504817],[-44.187198,-2.504819],[-44.188269,-2.504943],[-44.190996,-2.505348],[-44.190921,-2.505859],[-44.190823,-2.506509],[-44.190736,-2.507065],[-44.190722,-2.50714],[-44.190706,-2.50727],[-44.190691,-2.507385],[-44.190644,-2.507714],[-44.190599,-2.507983],[-44.190544,-2.508404],[-44.190506,-2.508627],[-44.190475,-2.508841],[-44.190453,-2.509007],[-44.190418,-2.509229],[-44.190376,-2.50963],[-44.190305,-2.510029],[-44.190276,-2.510271],[-44.190169,-2.510926],[-44.190168,-2.510933],[-44.190058,-2.511655],[-44.187338,-2.511328],[-44.186352,-2.511211],[-44.18635,-2.511205],[-44.186445,-2.510315],[-44.186535,-2.509738],[-44.186619,-2.509124],[-44.186691,-2.508742],[-44.186743,-2.50816],[-44.18698,-2.506379],[-44.187175,-2.504817]]]}},{"type":"Feature","properties":{"cd_setor":"211120110000463","situacao":"Urbana","bairro":"Parque Jair","zona":"ZEU","area_m2":163098.1,"area_ha":16.31,"fonte":"IBGE, Censo 2022 — malha e agregados por setor","pessoas":566.0,"domicilios":251.0,"dom_particulares":251.0,"dom_coletivos":0.0,"moradores_por_dom":3.1,"pct_imputados":0.0546,"dom_ocupados":183.0,"dom_uso_ocasional":27.0,"dom_vagos":41.0,"dens_hab_ha":34.7,"dens_dom_ha":15.39,"pct_vagos":16.3,"pct_uso_ocasional":10.8,"pct_ocupados":72.9},"geometry":{"type":"Polygon","coordinates":[[[-44.186352,-2.511211],[-44.186334,-2.511209],[-44.184313,-2.511004],[-44.184409,-2.510388],[-44.184566,-2.509385],[-44.184627,-2.508396],[-44.184634,-2.508354],[-44.18469,-2.508034],[-44.184744,-2.507674],[-44.18479,-2.506984],[-44.184882,-2.506377],[-44.184988,-2.505564],[-44.185004,-2.50523],[-44.185135,-2.504594],[-44.187175,-2.504817],[-44.18698,-2.506379],[-44.186743,-2.50816],[-44.186691,-2.508742],[-44.186619,-2.509124],[-44.186535,-2.509738],[-44.186445,-2.510315],[-44.18635,-2.511205],[-44.186352,-2.511211]]]}},{"type":"Feature","properties":{"cd_setor":"211120110000464","situacao":"Urbana","bairro":"Alto Turu","zona":"ZEU","area_m2":130209.4,"area_ha":13.021,"fonte":"IBGE, Censo 2022 — malha e agregados por setor","pessoas":581.0,"domicilios":247.0,"dom_particulares":245.0,"dom_coletivos":2.0,"moradores_por_dom":3.3,"pct_imputados":0.0172,"dom_ocupados":174.0,"dom_uso_ocasional":28.0,"dom_vagos":43.0,"dens_hab_ha":44.62,"dens_dom_ha":18.82,"pct_vagos":17.6,"pct_uso_ocasional":11.4,"pct_ocupados":71.0},"geometry":{"type":"Polygon","coordinates":[[[-44.190169,-2.510926],[-44.190276,-2.510271],[-44.190305,-2.510029],[-44.190376,-2.50963],[-44.190418,-2.509229],[-44.190453,-2.509007],[-44.190475,-2.508841],[-44.190506,-2.508627],[-44.190544,-2.508404],[-44.190599,-2.507983],[-44.190644,-2.507714],[-44.190691,-2.507385],[-44.190706,-2.50727],[-44.190722,-2.50714],[-44.19092,-2.507176],[-44.193546,-2.507711],[-44.193541,-2.50774],[-44.19342,-2.508336],[-44.193417,-2.508354],[-44.193309,-2.508967],[-44.19304,-2.510171],[-44.193019,-2.510327],[-44.19294,-2.510816],[-44.192813,-2.511421],[-44.192808,-2.511445],[-44.191411,-2.511156],[-44.19113,-2.511113],[-44.190455,-2.510977],[-44.190169,-2.510926]]]}},{"type":"Feature","properties":{"cd_setor":"211120110000465","situacao":"Urbana","bairro":"Maiobinha","zona":"ZEU","area_m2":19355.1,"area_ha":1.936,"fonte":"IBGE, Censo 2022 — malha e agregados por setor","pessoas":0.0,"domicilios":0.0,"dom_particulares":0.0,"dom_coletivos":0.0,"moradores_por_dom":0.0,"pct_imputados":0.0,"dom_ocupados":0.0,"dom_uso_ocasional":0.0,"dom_vagos":0.0,"dens_hab_ha":null,"dens_dom_ha":null,"pct_vagos":null,"pct_uso_ocasional":null,"pct_ocupados":null},"geometry":{"type":"Polygon","coordinates":[[[-44.207074,-2.564082],[-44.207128,-2.564503],[-44.207153,-2.564711],[-44.204976,-2.565175],[-44.204918,-2.565153],[-44.205311,-2.564214],[-44.205489,-2.564232],[-44.205493,-2.564179],[-44.207074,-2.564082]]]}},{"type":"Feature","properties":{"cd_setor":"211120110000466","situacao":"Urbana","bairro":"Maiobinha","zona":"ZEU","area_m2":10536.9,"area_ha":1.054,"fonte":"IBGE, Censo 2022 — malha e agregados por setor","pessoas":703.0,"domicilios":340.0,"dom_particulares":340.0,"dom_coletivos":0.0,"moradores_por_dom":2.2,"pct_imputados":0.0,"dom_ocupados":318.0,"dom_uso_ocasional":12.0,"dom_vagos":10.0,"dens_hab_ha":667.18,"dens_dom_ha":322.67,"pct_vagos":2.9,"pct_uso_ocasional":3.5,"pct_ocupados":93.5},"geometry":{"type":"Polygon","coordinates":[[[-44.205493,-2.564179],[-44.205526,-2.563618],[-44.207001,-2.563524],[-44.207025,-2.563708],[-44.207046,-2.563865],[-44.207074,-2.564082],[-44.205493,-2.564179]]]}},{"type":"Feature","properties":{"cd_setor":"211120110000467","situacao":"Urbana","bairro":"Maiobinha","zona":"ZEU","area_m2":18163.5,"area_ha":1.816,"fonte":"IBGE, Censo 2022 — malha e agregados por setor","pessoas":962.0,"domicilios":526.0,"dom_particulares":526.0,"dom_coletivos":0.0,"moradores_por_dom":2.5,"pct_imputados":0.0077,"dom_ocupados":389.0,"dom_uso_ocasional":55.0,"dom_vagos":82.0,"dens_hab_ha":529.63,"dens_dom_ha":289.59,"pct_vagos":15.6,"pct_uso_ocasional":10.5,"pct_ocupados":74.0},"geometry":{"type":"Polygon","coordinates":[[[-44.198515,-2.55908],[-44.198884,-2.558465],[-44.199211,-2.558371],[-44.200341,-2.558082],[-44.200431,-2.558055],[-44.200647,-2.558999],[-44.199788,-2.559215],[-44.199774,-2.559136],[-44.199509,-2.559214],[-44.199469,-2.559036],[-44.199464,-2.558914],[-44.198515,-2.55908]]]}},{"type":"Feature","properties":{"cd_setor":"211120110000468","situacao":"Urbana","bairro":"Maiobinha","zona":"ZEU","area_m2":13489.6,"area_ha":1.349,"fonte":"IBGE, Censo 2022 — malha e agregados por setor","pessoas":0.0,"domicilios":0.0,"dom_particulares":0.0,"dom_coletivos":0.0,"moradores_por_dom":0.0,"pct_imputados":0.0,"dom_ocupados":0.0,"dom_uso_ocasional":0.0,"dom_vagos":0.0,"dens_hab_ha":null,"dens_dom_ha":null,"pct_vagos":null,"pct_uso_ocasional":null,"pct_ocupados":null},"geometry":{"type":"Polygon","coordinates":[[[-44.199788,-2.559215],[-44.199868,-2.559635],[-44.198482,-2.559948],[-44.198264,-2.559464],[-44.198459,-2.559172],[-44.198515,-2.55908],[-44.199464,-2.558914],[-44.199469,-2.559036],[-44.199509,-2.559214],[-44.199774,-2.559136],[-44.199788,-2.559215]]]}},{"type":"Feature","properties":{"cd_setor":"211120110000469","situacao":"Urbana","bairro":"Maiobinha","zona":"ZEU","area_m2":11753.0,"area_ha":1.175,"fonte":"IBGE, Censo 2022 — malha e agregados por setor","pessoas":755.0,"domicilios":368.0,"dom_particulares":368.0,"dom_coletivos":0.0,"moradores_por_dom":2.4,"pct_imputados":0.1,"dom_ocupados":310.0,"dom_uso_ocasional":15.0,"dom_vagos":43.0,"dens_hab_ha":642.39,"dens_dom_ha":313.11,"pct_vagos":11.7,"pct_uso_ocasional":4.1,"pct_ocupados":84.2},"geometry":{"type":"Polygon","coordinates":[[[-44.202502,-2.559565],[-44.20228,-2.559619],[-44.202254,-2.559565],[-44.201779,-2.559675],[-44.201688,-2.559088],[-44.201616,-2.558766],[-44.203427,-2.558337],[-44.203483,-2.558609],[-44.202303,-2.558878],[-44.202386,-2.559265],[-44.202502,-2.559565]]]}},{"type":"Feature","properties":{"cd_setor":"211120110000470","situacao":"Urbana","bairro":"Maiobinha","zona":"ZEU","area_m2":9003.9,"area_ha":0.9,"fonte":"IBGE, Censo 2022 — malha e agregados por setor","pessoas":0.0,"domicilios":0.0,"dom_particulares":0.0,"dom_coletivos":0.0,"moradores_por_dom":0.0,"pct_imputados":0.0,"dom_ocupados":0.0,"dom_uso_ocasional":0.0,"dom_vagos":0.0,"dens_hab_ha":null,"dens_dom_ha":null,"pct_vagos":null,"pct_uso_ocasional":null,"pct_ocupados":null},"geometry":{"type":"Polygon","coordinates":[[[-44.203483,-2.558609],[-44.203562,-2.558995],[-44.203199,-2.5591],[-44.20325,-2.559384],[-44.202502,-2.559565],[-44.202386,-2.559265],[-44.202303,-2.558878],[-44.203483,-2.558609]]]}},{"type":"Feature","properties":{"cd_setor":"211120110000471","situacao":"Urbana","bairro":"Saramanta","zona":"ZEU","area_m2":8642.7,"area_ha":0.864,"fonte":"IBGE, Censo 2022 — malha e agregados por setor","pessoas":0.0,"domicilios":0.0,"dom_particulares":0.0,"dom_coletivos":0.0,"moradores_por_dom":0.0,"pct_imputados":0.0,"dom_ocupados":0.0,"dom_uso_ocasional":0.0,"dom_vagos":0.0,"dens_hab_ha":null,"dens_dom_ha":null,"pct_vagos":null,"pct_uso_ocasional":null,"pct_ocupados":null},"geometry":{"type":"Polygon","coordinates":[[[-44.195385,-2.557055],[-44.193838,-2.556998],[-44.19385,-2.556685],[-44.193861,-2.556552],[-44.195417,-2.556598],[-44.195385,-2.557055]]]}},{"type":"Feature","properties":{"cd_setor":"211120110000472","situacao":"Urbana","bairro":"Saramanta","zona":"ZEU","area_m2":7277.9,"area_ha":0.728,"fonte":"IBGE, Censo 2022 — malha e agregados por setor","pessoas":606.0,"domicilios":303.0,"dom_particulares":303.0,"dom_coletivos":0.0,"moradores_por_dom":2.3,"pct_imputados":0.0492,"dom_ocupados":264.0,"dom_uso_ocasional":3.0,"dom_vagos":36.0,"dens_hab_ha":832.66,"dens_dom_ha":416.33,"pct_vagos":11.9,"pct_uso_ocasional":1.0,"pct_ocupados":87.1},"geometry":{"type":"Polygon","coordinates":[[[-44.195417,-2.556598],[-44.19665,-2.556635],[-44.19663,-2.557131],[-44.195385,-2.557055],[-44.195417,-2.556598]]]}},{"type":"Feature","properties":{"cd_setor":"211120110000473","situacao":"Urbana","bairro":"Vila São Luís","zona":"ZEU","area_m2":53435.1,"area_ha":5.344,"fonte":"IBGE, Censo 2022 — malha e agregados por setor","pessoas":286.0,"domicilios":127.0,"dom_particulares":127.0,"dom_coletivos":0.0,"moradores_por_dom":2.8,"pct_imputados":0.0,"dom_ocupados":101.0,"dom_uso_ocasional":5.0,"dom_vagos":21.0,"dens_hab_ha":53.52,"dens_dom_ha":23.77,"pct_vagos":16.5,"pct_uso_ocasional":3.9,"pct_ocupados":79.5},"geometry":{"type":"Polygon","coordinates":[[[-44.185673,-2.568634],[-44.184374,-2.568851],[-44.183727,-2.568946],[-44.183771,-2.568578],[-44.183946,-2.567616],[-44.184087,-2.566954],[-44.184137,-2.56671],[-44.184151,-2.566633],[-44.184206,-2.566332],[-44.184702,-2.566441],[-44.186023,-2.566684],[-44.185831,-2.567805],[-44.185673,-2.568634]]]}},{"type":"Feature","properties":{"cd_setor":"211120110000474","situacao":"Urbana","bairro":"Vila São Luís","zona":"ZEU","area_m2":50402.8,"area_ha":5.04,"fonte":"IBGE, Censo 2022 — malha e agregados por setor","pessoas":367.0,"domicilios":140.0,"dom_particulares":140.0,"dom_coletivos":0.0,"moradores_por_dom":3.0,"pct_imputados":0.0083,"dom_ocupados":121.0,"dom_uso_ocasional":0.0,"dom_vagos":19.0,"dens_hab_ha":72.81,"dens_dom_ha":27.78,"pct_vagos":13.6,"pct_uso_ocasional":0.0,"pct_ocupados":86.4},"geometry":{"type":"Polygon","coordinates":[[[-44.186023,-2.566684],[-44.186065,-2.566692],[-44.187806,-2.567015],[-44.187886,-2.566906],[-44.188094,-2.566874],[-44.188386,-2.566854],[-44.188573,-2.568196],[-44.18789,-2.568295],[-44.187647,-2.568329],[-44.187309,-2.568385],[-44.186764,-2.568484],[-44.186217,-2.568542],[-44.185779,-2.568621],[-44.185678,-2.568633],[-44.185673,-2.568634],[-44.185831,-2.567805],[-44.186023,-2.566684]]]}},{"type":"Feature","properties":{"cd_setor":"211120110000475","situacao":"Urbana","bairro":"Cohatrac","zona":"ZEU","area_m2":30845.5,"area_ha":3.085,"fonte":"IBGE, Censo 2022 — malha e agregados por setor","pessoas":314.0,"domicilios":146.0,"dom_particulares":146.0,"dom_coletivos":0.0,"moradores_por_dom":2.5,"pct_imputados":0.0887,"dom_ocupados":124.0,"dom_uso_ocasional":5.0,"dom_vagos":17.0,"dens_hab_ha":101.8,"dens_dom_ha":47.33,"pct_vagos":11.6,"pct_uso_ocasional":3.4,"pct_ocupados":84.9},"geometry":{"type":"Polygon","coordinates":[[[-44.199487,-2.541942],[-44.199492,-2.541919],[-44.199572,-2.54155],[-44.199634,-2.541263],[-44.199683,-2.541076],[-44.199981,-2.541144],[-44.200125,-2.541177],[-44.201034,-2.541383],[-44.201662,-2.541527],[-44.201763,-2.54155],[-44.201887,-2.541578],[-44.20224,-2.541655],[-44.202263,-2.541694],[-44.201835,-2.542175],[-44.201604,-2.542425],[-44.2013,-2.542777],[-44.201161,-2.542927],[-44.200973,-2.54314],[-44.200968,-2.543146],[-44.20079,-2.543099],[-44.20089,-2.542714],[-44.200988,-2.542287],[-44.200386,-2.54216],[-44.199487,-2.541942]]]}},{"type":"Feature","properties":{"cd_setor":"211120110000476","situacao":"Urbana","bairro":"Cohatrac","zona":"ZEU","area_m2":29083.5,"area_ha":2.908,"fonte":"IBGE, Censo 2022 — malha e agregados por setor","pessoas":306.0,"domicilios":116.0,"dom_particulares":116.0,"dom_coletivos":0.0,"moradores_por_dom":3.1,"pct_imputados":0.04,"dom_ocupados":100.0,"dom_uso_ocasional":6.0,"dom_vagos":10.0,"dens_hab_ha":105.21,"dens_dom_ha":39.89,"pct_vagos":8.6,"pct_uso_ocasional":5.2,"pct_ocupados":86.2},"geometry":{"type":"Polygon","coordinates":[[[-44.200968,-2.543146],[-44.200901,-2.543216],[-44.200662,-2.543492],[-44.200593,-2.543564],[-44.20052,-2.543642],[-44.200312,-2.543869],[-44.199303,-2.543627],[-44.199398,-2.543237],[-44.199485,-2.542814],[-44.199314,-2.542778],[-44.199393,-2.542362],[-44.199487,-2.541942],[-44.200386,-2.54216],[-44.200988,-2.542287],[-44.20089,-2.542714],[-44.20079,-2.543099],[-44.200968,-2.543146]]]}},{"type":"Feature","properties":{"cd_setor":"211120110000477","situacao":"Urbana","bairro":"Cohatrac","zona":"ZEU","area_m2":592759.6,"area_ha":59.276,"fonte":"IBGE, Censo 2022 — malha e agregados por setor","pessoas":429.0,"domicilios":177.0,"dom_particulares":177.0,"dom_coletivos":0.0,"moradores_por_dom":3.1,"pct_imputados":0.0145,"dom_ocupados":138.0,"dom_uso_ocasional":19.0,"dom_vagos":20.0,"dens_hab_ha":7.24,"dens_dom_ha":2.99,"pct_vagos":11.3,"pct_uso_ocasional":10.7,"pct_ocupados":78.0},"geometry":{"type":"Polygon","coordinates":[[[-44.197631,-2.546292],[-44.197814,-2.546406],[-44.198104,-2.546544],[-44.199985,-2.547571],[-44.199878,-2.547797],[-44.19925,-2.549173],[-44.199399,-2.549266],[-44.199671,-2.549338],[-44.19995,-2.549341],[-44.200542,-2.548008],[-44.200593,-2.547903],[-44.201631,-2.548468],[-44.20222,-2.548797],[-44.202445,-2.548925],[-44.202633,-2.54902],[-44.203273,-2.549319],[-44.203671,-2.549452],[-44.203911,-2.549513],[-44.205153,-2.549849],[-44.205076,-2.550157],[-44.204791,-2.551059],[-44.204707,-2.551305],[-44.205646,-2.551535],[-44.205723,-2.551237],[-44.205914,-2.551296],[-44.206248,-2.550125],[-44.206377,-2.550205],[-44.206908,-2.550354],[-44.207429,-2.550508],[-44.207828,-2.55062],[-44.208317,-2.550784],[-44.208276,-2.550894],[-44.208226,-2.551059],[-44.208214,-2.551122],[-44.208203,-2.551199],[-44.208188,-2.551237],[-44.208141,-2.551315],[-44.208026,-2.551442],[-44.207929,-2.551506],[-44.207838,-2.551533],[-44.207667,-2.551582],[-44.207408,-2.551704],[-44.207225,-2.551751],[-44.207044,-2.551798],[-44.206843,-2.55184],[-44.206684,-2.551876],[-44.206497,-2.551891],[-44.20634,-2.551898],[-44.206175,-2.551901],[-44.206064,-2.551891],[-44.205946,-2.551879],[-44.205861,-2.551878],[-44.205784,-2.551878],[-44.205681,-2.551865],[-44.205625,-2.551858],[-44.205449,-2.551858],[-44.205244,-2.551876],[-44.205076,-2.551898],[-44.204979,-2.551915],[-44.204923,-2.55193],[-44.204771,-2.552002],[-44.204677,-2.552047],[-44.204645,-2.552084],[-44.204633,-2.552137],[-44.204394,-2.551957],[-44.204218,-2.551786],[-44.204029,-2.551607],[-44.203805,-2.551472],[-44.2035,-2.55146],[-44.203117,-2.55131],[-44.202587,-2.551214],[-44.2024,-2.551269],[-44.202238,-2.551376],[-44.20199,-2.55157],[-44.201688,-2.551599],[-44.201121,-2.551588],[-44.200786,-2.551602],[-44.200336,-2.551587],[-44.199881,-2.55131],[-44.197367,-2.548834],[-44.196909,-2.548692],[-44.196215,-2.548703],[-44.195987,-2.548654],[-44.195531,-2.548554],[-44.195514,-2.548538],[-44.194978,-2.548297],[-44.194691,-2.548288],[-44.194474,-2.548276],[-44.194288,-2.548328],[-44.194013,-2.548306],[-44.193615,-2.548381],[-44.193324,-2.547906],[-44.192187,-2.547397],[-44.192207,-2.547311],[-44.192246,-2.547244],[-44.192258,-2.547223],[-44.19284,-2.546229],[-44.192806,-2.546209],[-44.192794,-2.546196],[-44.192778,-2.546178],[-44.19277,-2.546157],[-44.192769,-2.546139],[-44.192776,-2.546104],[-44.192783,-2.545972],[-44.192776,-2.545942],[-44.192754,-2.545908],[-44.19273,-2.545886],[-44.192706,-2.545877],[-44.192661,-2.545893],[-44.192608,-2.545904],[-44.192551,-2.545909],[-44.192486,-2.54591],[-44.192415,-2.545894],[-44.192343,-2.545877],[-44.192308,-2.545857],[-44.192284,-2.545842],[-44.192241,-2.54581],[-44.192224,-2.545789],[-44.192202,-2.54569],[-44.192153,-2.545592],[-44.192141,-2.545575],[-44.192124,-2.545556],[-44.192104,-2.545543],[-44.192092,-2.545532],[-44.192088,-2.54552],[-44.192086,-2.545482],[-44.19208,-2.545455],[-44.192073,-2.545427],[-44.192046,-2.54533],[-44.192031,-2.545256],[-44.192017,-2.545211],[-44.192005,-2.545174],[-44.191983,-2.545127],[-44.191889,-2.544995],[-44.1918,-2.544894],[-44.191691,-2.544823],[-44.191618,-2.544764],[-44.191586,-2.544743],[-44.191554,-2.544744],[-44.191497,-2.54476],[-44.191432,-2.544779],[-44.191403,-2.544781],[-44.191372,-2.544783],[-44.191316,-2.544767],[-44.191273,-2.544737],[-44.191254,-2.544709],[-44.191233,-2.544669],[-44.191214,-2.544645],[-44.191195,-2.544628],[-44.191142,-2.544603],[-44.19112,-2.5446],[-44.191094,-2.544598],[-44.191038,-2.544604],[-44.190982,-2.544599],[-44.190928,-2.54457],[-44.190892,-2.544542],[-44.190843,-2.544511],[-44.190825,-2.54449],[-44.19082,-2.544462],[-44.190827,-2.544442],[-44.190844,-2.544376],[-44.190835,-2.544334],[-44.190804,-2.544296],[-44.190768,-2.544255],[-44.190729,-2.544224],[-44.190679,-2.544195],[-44.1906,-2.544172],[-44.190529,-2.54415],[-44.190487,-2.544135],[-44.190447,-2.544116],[-44.190387,-2.544079],[-44.190257,-2.544002],[-44.190227,-2.543955],[-44.190204,-2.54393],[-44.190163,-2.543913],[-44.190103,-2.543891],[-44.190077,-2.54386],[-44.19002,-2.543784],[-44.189982,-2.543721],[-44.189881,-2.543562],[-44.18983,-2.543478],[-44.1898,-2.543432],[-44.189756,-2.543402],[-44.189728,-2.543375],[-44.189709,-2.543339],[-44.1897,-2.543292],[-44.189719,-2.543259],[-44.189736,-2.543236],[-44.18974,-2.543209],[-44.18972,-2.543175],[-44.189689,-2.543131],[-44.189654,-2.543096],[-44.189603,-2.543026],[-44.189543,-2.542985],[-44.189493,-2.542928],[-44.18948,-2.542893],[-44.189488,-2.542867],[-44.189514,-2.542846],[-44.189546,-2.542834],[-44.18959,-2.542846],[-44.189684,-2.542884],[-44.189804,-2.542975],[-44.1899,-2.543127],[-44.190095,-2.543334],[-44.19017,-2.543369],[-44.19025,-2.543415],[-44.190366,-2.543439],[-44.190457,-2.543472],[-44.190653,-2.543612],[-44.190708,-2.543608],[-44.190818,-2.543671],[-44.190867,-2.54371],[-44.190902,-2.543741],[-44.190972,-2.543746],[-44.191017,-2.54376],[-44.191054,-2.543801],[-44.191077,-2.543847],[-44.191087,-2.543855],[-44.191098,-2.543855],[-44.19111,-2.543845],[-44.191141,-2.543816],[-44.191151,-2.543772],[-44.191185,-2.543744],[-44.19124,-2.543755],[-44.191299,-2.54376],[-44.191357,-2.543798],[-44.191415,-2.543799],[-44.191502,-2.543789],[-44.191543,-2.543823],[-44.191589,-2.54384],[-44.191642,-2.5438],[-44.191676,-2.543745],[-44.191742,-2.54364],[-44.191784,-2.543552],[-44.191785,-2.5435],[-44.191826,-2.543395],[-44.191827,-2.543308],[-44.191849,-2.543244],[-44.191866,-2.543128],[-44.191889,-2.542981],[-44.191909,-2.54291],[-44.191964,-2.542811],[-44.19201,-2.542723],[-44.192017,-2.542678],[-44.192002,-2.542637],[-44.191997,-2.542603],[-44.192002,-2.542551],[-44.192022,-2.542511],[-44.192051,-2.542469],[-44.19208,-2.542429],[-44.19214,-2.542379],[-44.192228,-2.542334],[-44.192267,-2.542318],[-44.192336,-2.542303],[-44.192376,-2.542291],[-44.192413,-2.542287],[-44.192429,-2.542281],[-44.19244,-2.542272],[-44.192457,-2.542245],[-44.192482,-2.542207],[-44.192513,-2.542191],[-44.192554,-2.542184],[-44.192604,-2.542194],[-44.192628,-2.542187],[-44.192651,-2.54217],[-44.19266,-2.542146],[-44.192664,-2.542128],[-44.192666,-2.542109],[-44.192664,-2.54209],[-44.192657,-2.542066],[-44.192646,-2.542037],[-44.192644,-2.542015],[-44.192649,-2.541996],[-44.192653,-2.541984],[-44.192667,-2.54196],[-44.192716,-2.541892],[-44.192744,-2.541861],[-44.192765,-2.541841],[-44.193135,-2.542166],[-44.194135,-2.543126],[-44.194487,-2.543452],[-44.19491,-2.543861],[-44.195193,-2.544145],[-44.195232,-2.544185],[-44.195627,-2.544548],[-44.196208,-2.545113],[-44.19665,-2.545511],[-44.196896,-2.545742],[-44.196735,-2.545967],[-44.196528,-2.546392],[-44.196476,-2.546607],[-44.196443,-2.546889],[-44.196726,-2.547391],[-44.197024,-2.54755],[-44.19757,-2.546385],[-44.197631,-2.546292]]]}},{"type":"Feature","properties":{"cd_setor":"211120110000478","situacao":"Urbana","bairro":"Cohatrac","zona":"ZEU","area_m2":14932.4,"area_ha":1.493,"fonte":"IBGE, Censo 2022 — malha e agregados por setor","pessoas":419.0,"domicilios":239.0,"dom_particulares":239.0,"dom_coletivos":0.0,"moradores_por_dom":2.1,"pct_imputados":0.0936,"dom_ocupados":203.0,"dom_uso_ocasional":9.0,"dom_vagos":27.0,"dens_hab_ha":280.6,"dens_dom_ha":160.05,"pct_vagos":11.3,"pct_uso_ocasional":3.8,"pct_ocupados":84.9},"geometry":{"type":"Polygon","coordinates":[[[-44.196896,-2.545742],[-44.197112,-2.545945],[-44.19738,-2.546137],[-44.197631,-2.546292],[-44.19757,-2.546385],[-44.197024,-2.54755],[-44.196726,-2.547391],[-44.196443,-2.546889],[-44.196476,-2.546607],[-44.196528,-2.546392],[-44.196735,-2.545967],[-44.196896,-2.545742]]]}},{"type":"Feature","properties":{"cd_setor":"211120110000479","situacao":"Urbana","bairro":"Saramanta","zona":"ZEU","area_m2":134009.1,"area_ha":13.401,"fonte":"IBGE, Censo 2022 — malha e agregados por setor","pessoas":306.0,"domicilios":101.0,"dom_particulares":101.0,"dom_coletivos":0.0,"moradores_por_dom":3.4,"pct_imputados":0.0549,"dom_ocupados":91.0,"dom_uso_ocasional":0.0,"dom_vagos":10.0,"dens_hab_ha":22.83,"dens_dom_ha":7.54,"pct_vagos":9.9,"pct_uso_ocasional":0.0,"pct_ocupados":90.1},"geometry":{"type":"Polygon","coordinates":[[[-44.194791,-2.551984],[-44.19477,-2.552399],[-44.194742,-2.552857],[-44.194669,-2.554047],[-44.193703,-2.553971],[-44.193614,-2.553969],[-44.192462,-2.553901],[-44.192135,-2.55388],[-44.1916,-2.553836],[-44.190732,-2.553775],[-44.190734,-2.553754],[-44.191143,-2.551963],[-44.191457,-2.550592],[-44.1917,-2.549526],[-44.193079,-2.549879],[-44.193158,-2.549894],[-44.192888,-2.551025],[-44.192663,-2.551921],[-44.194791,-2.551984]]]}},{"type":"Feature","properties":{"cd_setor":"211120110000480","situacao":"Urbana","bairro":"Saramanta","zona":"ZEU","area_m2":79544.3,"area_ha":7.954,"fonte":"IBGE, Censo 2022 — malha e agregados por setor","pessoas":481.0,"domicilios":161.0,"dom_particulares":161.0,"dom_coletivos":0.0,"moradores_por_dom":3.3,"pct_imputados":0.1027,"dom_ocupados":146.0,"dom_uso_ocasional":1.0,"dom_vagos":14.0,"dens_hab_ha":60.47,"dens_dom_ha":20.24,"pct_vagos":8.7,"pct_uso_ocasional":0.6,"pct_ocupados":90.7},"geometry":{"type":"Polygon","coordinates":[[[-44.193158,-2.549894],[-44.193174,-2.549897],[-44.19335,-2.549142],[-44.193481,-2.548609],[-44.193615,-2.548381],[-44.194013,-2.548306],[-44.194288,-2.548328],[-44.194474,-2.548276],[-44.194691,-2.548288],[-44.194978,-2.548297],[-44.194922,-2.549477],[-44.19483,-2.551235],[-44.194791,-2.551984],[-44.192663,-2.551921],[-44.192888,-2.551025],[-44.193158,-2.549894]]]}},{"type":"Feature","properties":{"cd_setor":"211120110000481","situacao":"Urbana","bairro":"Recanto Da Paz","zona":"ZEU","area_m2":303538.9,"area_ha":30.354,"fonte":"IBGE, Censo 2022 — malha e agregados por setor","pessoas":388.0,"domicilios":137.0,"dom_particulares":137.0,"dom_coletivos":0.0,"moradores_por_dom":3.1,"pct_imputados":0.0315,"dom_ocupados":127.0,"dom_uso_ocasional":1.0,"dom_vagos":9.0,"dens_hab_ha":12.78,"dens_dom_ha":4.51,"pct_vagos":6.6,"pct_uso_ocasional":0.7,"pct_ocupados":92.7},"geometry":{"type":"Polygon","coordinates":[[[-44.187321,-2.556204],[-44.187826,-2.554796],[-44.187854,-2.554714],[-44.188418,-2.553038],[-44.188546,-2.55309],[-44.188981,-2.553267],[-44.189425,-2.55345],[-44.18973,-2.553563],[-44.189891,-2.553618],[-44.190145,-2.553687],[-44.190332,-2.553716],[-44.190734,-2.553754],[-44.190732,-2.553775],[-44.1916,-2.553836],[-44.192135,-2.55388],[-44.192045,-2.554453],[-44.191843,-2.555304],[-44.191806,-2.555464],[-44.19168,-2.556072],[-44.191624,-2.556336],[-44.191573,-2.556787],[-44.191387,-2.557473],[-44.191647,-2.557548],[-44.192236,-2.557698],[-44.192716,-2.557818],[-44.192938,-2.557873],[-44.192972,-2.55786],[-44.192813,-2.558342],[-44.192692,-2.558694],[-44.192662,-2.558795],[-44.192523,-2.559192],[-44.192391,-2.559604],[-44.192258,-2.560014],[-44.192109,-2.56048],[-44.191883,-2.560434],[-44.191668,-2.560347],[-44.191279,-2.560261],[-44.190828,-2.560161],[-44.190389,-2.560029],[-44.189439,-2.5598],[-44.189403,-2.559769],[-44.188874,-2.559647],[-44.188394,-2.559531],[-44.188567,-2.558786],[-44.188981,-2.556831],[-44.187321,-2.556204]]]}},{"type":"Feature","properties":{"cd_setor":"211120110000482","situacao":"Urbana","bairro":"Recanto Da Paz","zona":"ZEU","area_m2":90378.8,"area_ha":9.038,"fonte":"IBGE, Censo 2022 — malha e agregados por setor","pessoas":466.0,"domicilios":163.0,"dom_particulares":162.0,"dom_coletivos":1.0,"moradores_por_dom":3.3,"pct_imputados":0.0571,"dom_ocupados":140.0,"dom_uso_ocasional":4.0,"dom_vagos":18.0,"dens_hab_ha":51.56,"dens_dom_ha":17.92,"pct_vagos":11.1,"pct_uso_ocasional":2.5,"pct_ocupados":86.4},"geometry":{"type":"Polygon","coordinates":[[[-44.188394,-2.559531],[-44.188384,-2.559528],[-44.188048,-2.559446],[-44.187762,-2.559386],[-44.1876,-2.559342],[-44.187537,-2.55922],[-44.187345,-2.559104],[-44.186826,-2.55897],[-44.186556,-2.558915],[-44.186296,-2.558859],[-44.186128,-2.558822],[-44.185675,-2.558734],[-44.18582,-2.557932],[-44.1859,-2.557427],[-44.185953,-2.557165],[-44.185996,-2.556898],[-44.186081,-2.556894],[-44.186527,-2.556913],[-44.186664,-2.556475],[-44.187189,-2.556572],[-44.187321,-2.556204],[-44.188981,-2.556831],[-44.188567,-2.558786],[-44.188394,-2.559531]]]}},{"type":"Feature","properties":{"cd_setor":"211120110000483","situacao":"Urbana","bairro":"Vila Flamengo","zona":"ZEU","area_m2":58749.3,"area_ha":5.875,"fonte":"IBGE, Censo 2022 — malha e agregados por setor","pessoas":731.0,"domicilios":269.0,"dom_particulares":269.0,"dom_coletivos":0.0,"moradores_por_dom":3.2,"pct_imputados":0.0218,"dom_ocupados":229.0,"dom_uso_ocasional":1.0,"dom_vagos":39.0,"dens_hab_ha":124.43,"dens_dom_ha":45.79,"pct_vagos":14.5,"pct_uso_ocasional":0.4,"pct_ocupados":85.1},"geometry":{"type":"Polygon","coordinates":[[[-44.187897,-2.562651],[-44.187891,-2.562607],[-44.187832,-2.562107],[-44.187827,-2.562055],[-44.18777,-2.561588],[-44.187738,-2.561338],[-44.187724,-2.561172],[-44.187723,-2.561061],[-44.187736,-2.56096],[-44.187899,-2.561001],[-44.188234,-2.561075],[-44.189097,-2.561266],[-44.189167,-2.561284],[-44.18963,-2.561391],[-44.190068,-2.561492],[-44.190517,-2.561614],[-44.190843,-2.561699],[-44.190749,-2.56211],[-44.190716,-2.562243],[-44.190483,-2.563237],[-44.190475,-2.563269],[-44.189925,-2.563142],[-44.189401,-2.563008],[-44.18876,-2.562867],[-44.188028,-2.562678],[-44.187897,-2.562651]]]}},{"type":"Feature","properties":{"cd_setor":"211120110000484","situacao":"Urbana","bairro":"Vila Flamengo","zona":"ZEU","area_m2":40219.0,"area_ha":4.022,"fonte":"IBGE, Censo 2022 — malha e agregados por setor","pessoas":435.0,"domicilios":156.0,"dom_particulares":156.0,"dom_coletivos":0.0,"moradores_por_dom":3.1,"pct_imputados":0.036,"dom_ocupados":139.0,"dom_uso_ocasional":0.0,"dom_vagos":17.0,"dens_hab_ha":108.16,"dens_dom_ha":38.79,"pct_vagos":10.9,"pct_uso_ocasional":0.0,"pct_ocupados":89.1},"geometry":{"type":"Polygon","coordinates":[[[-44.190475,-2.563269],[-44.190462,-2.563321],[-44.190383,-2.563701],[-44.190248,-2.564305],[-44.190124,-2.564943],[-44.18902,-2.564714],[-44.188534,-2.564627],[-44.188678,-2.563985],[-44.188805,-2.563364],[-44.188344,-2.56328],[-44.187976,-2.563212],[-44.18795,-2.563056],[-44.187897,-2.562651],[-44.188028,-2.562678],[-44.18876,-2.562867],[-44.189401,-2.563008],[-44.189925,-2.563142],[-44.190475,-2.563269]]]}},{"type":"Feature","properties":{"cd_setor":"211120110000485","situacao":"Urbana","bairro":"Mata","zona":"ZRMS","area_m2":1154343.1,"area_ha":115.434,"fonte":"IBGE, Censo 2022 — malha e agregados por setor","pessoas":191.0,"domicilios":126.0,"dom_particulares":125.0,"dom_coletivos":1.0,"moradores_por_dom":2.9,"pct_imputados":0.0923,"dom_ocupados":65.0,"dom_uso_ocasional":28.0,"dom_vagos":32.0,"dens_hab_ha":1.65,"dens_dom_ha":1.08,"pct_vagos":25.6,"pct_uso_ocasional":22.4,"pct_ocupados":52.0},"geometry":{"type":"Polygon","coordinates":[[[-44.166513,-2.596263],[-44.158606,-2.596421],[-44.158111,-2.596444],[-44.157832,-2.596435],[-44.157669,-2.596429],[-44.157565,-2.596462],[-44.157689,-2.596296],[-44.157884,-2.596034],[-44.158135,-2.595697],[-44.158545,-2.595148],[-44.158797,-2.594808],[-44.15901,-2.594402],[-44.159171,-2.594094],[-44.159268,-2.593825],[-44.159348,-2.593525],[-44.159391,-2.5933],[-44.159423,-2.593122],[-44.159424,-2.592957],[-44.1594,-2.592807],[-44.159356,-2.592656],[-44.159297,-2.592506],[-44.159176,-2.592202],[-44.159035,-2.591875],[-44.158911,-2.591608],[-44.15879,-2.59132],[-44.15856,-2.590748],[-44.158387,-2.590315],[-44.158262,-2.589976],[-44.158229,-2.58988],[-44.15816,-2.589637],[-44.157986,-2.589014],[-44.157886,-2.588758],[-44.15784,-2.588557],[-44.15783,-2.588375],[-44.15786,-2.588145],[-44.15793,-2.587674],[-44.157961,-2.587461],[-44.157942,-2.587298],[-44.157908,-2.587202],[-44.157831,-2.587083],[-44.15771,-2.586969],[-44.15734,-2.586644],[-44.15725,-2.586533],[-44.157175,-2.586316],[-44.157186,-2.586118],[-44.157236,-2.585926],[-44.157447,-2.585465],[-44.157746,-2.584811],[-44.157909,-2.584469],[-44.157987,-2.58433],[-44.158039,-2.58413],[-44.158046,-2.583994],[-44.159829,-2.583955],[-44.159917,-2.583955],[-44.161181,-2.583896],[-44.164092,-2.583837],[-44.16556,-2.583827],[-44.165562,-2.58386],[-44.165288,-2.584247],[-44.165106,-2.584541],[-44.165014,-2.584787],[-44.165002,-2.585136],[-44.165007,-2.5858],[-44.164997,-2.586156],[-44.165004,-2.586405],[-44.16504,-2.58692],[-44.165014,-2.587197],[-44.164718,-2.587536],[-44.164766,-2.587681],[-44.164776,-2.587801],[-44.164814,-2.587936],[-44.164907,-2.588075],[-44.165021,-2.588162],[-44.165182,-2.588192],[-44.165819,-2.588443],[-44.165981,-2.588563],[-44.166116,-2.588688],[-44.16626,-2.588871],[-44.166432,-2.589046],[-44.166459,-2.589092],[-44.166438,-2.589557],[-44.166368,-2.589695],[-44.166266,-2.589804],[-44.166197,-2.589923],[-44.166183,-2.590026],[-44.166244,-2.590378],[-44.166226,-2.590532],[-44.166128,-2.590809],[-44.166012,-2.591268],[-44.166105,-2.591373],[-44.166313,-2.59152],[-44.166348,-2.591633],[-44.16631,-2.59176],[-44.166183,-2.592008],[-44.166097,-2.592315],[-44.166098,-2.592504],[-44.166183,-2.592892],[-44.166195,-2.593152],[-44.166244,-2.593402],[-44.166319,-2.59355],[-44.166406,-2.593843],[-44.166367,-2.594281],[-44.166385,-2.595124],[-44.166513,-2.596263]]]}},{"type":"Feature","properties":{"cd_setor":"211120110000486","situacao":"Urbana","bairro":"Mata","zona":"ZRMS","area_m2":980298.2,"area_ha":98.03,"fonte":"IBGE, Censo 2022 — malha e agregados por setor","pessoas":376.0,"domicilios":200.0,"dom_particulares":199.0,"dom_coletivos":1.0,"moradores_por_dom":3.2,"pct_imputados":0.0517,"dom_ocupados":116.0,"dom_uso_ocasional":36.0,"dom_vagos":47.0,"dens_hab_ha":3.84,"dens_dom_ha":2.03,"pct_vagos":23.6,"pct_uso_ocasional":18.1,"pct_ocupados":58.3},"geometry":{"type":"Polygon","coordinates":[[[-44.16556,-2.583827],[-44.165959,-2.583825],[-44.168006,-2.583811],[-44.168593,-2.583801],[-44.168711,-2.583799],[-44.170551,-2.583793],[-44.173313,-2.583764],[-44.174646,-2.5838],[-44.174764,-2.583805],[-44.174826,-2.583761],[-44.174989,-2.583577],[-44.175196,-2.583671],[-44.175563,-2.58373],[-44.176772,-2.583759],[-44.176847,-2.583864],[-44.176885,-2.583928],[-44.176885,-2.584105],[-44.176853,-2.584368],[-44.17681,-2.584712],[-44.176783,-2.585055],[-44.176896,-2.585254],[-44.177078,-2.585468],[-44.177062,-2.585779],[-44.177035,-2.586337],[-44.177041,-2.586633],[-44.177143,-2.586842],[-44.177207,-2.587067],[-44.177164,-2.587335],[-44.177078,-2.587577],[-44.177137,-2.587829],[-44.177126,-2.588221],[-44.177136,-2.588629],[-44.177174,-2.588668],[-44.176998,-2.588731],[-44.176602,-2.588467],[-44.176526,-2.58841],[-44.176121,-2.588164],[-44.175888,-2.587963],[-44.175634,-2.587712],[-44.175432,-2.587512],[-44.175383,-2.587374],[-44.175223,-2.587174],[-44.175073,-2.587023],[-44.174812,-2.586828],[-44.174651,-2.586703],[-44.174541,-2.586663],[-44.174508,-2.586615],[-44.174471,-2.586509],[-44.174234,-2.586137],[-44.174109,-2.586019],[-44.174085,-2.585995],[-44.174089,-2.586043],[-44.174096,-2.586189],[-44.173947,-2.586712],[-44.173475,-2.58758],[-44.172522,-2.587624],[-44.172309,-2.589219],[-44.170881,-2.588817],[-44.170352,-2.588667],[-44.170187,-2.588886],[-44.1699,-2.589244],[-44.169275,-2.59026],[-44.168508,-2.590304],[-44.168449,-2.59163],[-44.17157,-2.591907],[-44.171524,-2.591998],[-44.171345,-2.592271],[-44.170822,-2.593074],[-44.170657,-2.593334],[-44.17052,-2.593552],[-44.170383,-2.593756],[-44.17019,-2.594033],[-44.169839,-2.59453],[-44.169492,-2.595053],[-44.169276,-2.595407],[-44.168952,-2.595923],[-44.168788,-2.596153],[-44.168744,-2.596221],[-44.168054,-2.596233],[-44.166513,-2.596263],[-44.166385,-2.595124],[-44.166367,-2.594281],[-44.166406,-2.593843],[-44.166319,-2.59355],[-44.166244,-2.593402],[-44.166195,-2.593152],[-44.166183,-2.592892],[-44.166098,-2.592504],[-44.166097,-2.592315],[-44.166183,-2.592008],[-44.16631,-2.59176],[-44.166348,-2.591633],[-44.166313,-2.59152],[-44.166105,-2.591373],[-44.166012,-2.591268],[-44.166128,-2.590809],[-44.166226,-2.590532],[-44.166244,-2.590378],[-44.166183,-2.590026],[-44.166197,-2.589923],[-44.166266,-2.589804],[-44.166368,-2.589695],[-44.166438,-2.589557],[-44.166459,-2.589092],[-44.166432,-2.589046],[-44.16626,-2.588871],[-44.166116,-2.588688],[-44.165981,-2.588563],[-44.165819,-2.588443],[-44.165182,-2.588192],[-44.165021,-2.588162],[-44.164907,-2.588075],[-44.164814,-2.587936],[-44.164776,-2.587801],[-44.164766,-2.587681],[-44.164718,-2.587536],[-44.165014,-2.587197],[-44.16504,-2.58692],[-44.165004,-2.586405],[-44.164997,-2.586156],[-44.165007,-2.5858],[-44.165002,-2.585136],[-44.165014,-2.584787],[-44.165106,-2.584541],[-44.165288,-2.584247],[-44.165562,-2.58386],[-44.16556,-2.583827]]]}},{"type":"Feature","properties":{"cd_setor":"211120110000487","situacao":"Urbana","bairro":"Mata","zona":"ZRMS","area_m2":409836.5,"area_ha":40.984,"fonte":"IBGE, Censo 2022 — malha e agregados por setor","pessoas":408.0,"domicilios":177.0,"dom_particulares":177.0,"dom_coletivos":0.0,"moradores_por_dom":3.2,"pct_imputados":0.0709,"dom_ocupados":127.0,"dom_uso_ocasional":18.0,"dom_vagos":32.0,"dens_hab_ha":9.96,"dens_dom_ha":4.32,"pct_vagos":18.1,"pct_uso_ocasional":10.2,"pct_ocupados":71.8},"geometry":{"type":"Polygon","coordinates":[[[-44.165959,-2.583825],[-44.16556,-2.583827],[-44.164092,-2.583837],[-44.161181,-2.583896],[-44.159917,-2.583955],[-44.159829,-2.583955],[-44.160222,-2.583359],[-44.160641,-2.582742],[-44.160644,-2.582738],[-44.161803,-2.581095],[-44.162846,-2.579597],[-44.1634,-2.578778],[-44.163998,-2.57794],[-44.164463,-2.577249],[-44.164879,-2.576601],[-44.164684,-2.576532],[-44.164795,-2.576045],[-44.16464,-2.575815],[-44.164352,-2.575492],[-44.164173,-2.575288],[-44.164669,-2.575527],[-44.165,-2.575822],[-44.165012,-2.575834],[-44.165323,-2.576157],[-44.165359,-2.576274],[-44.165422,-2.576311],[-44.165503,-2.576374],[-44.16553,-2.576455],[-44.165539,-2.576591],[-44.165575,-2.576655],[-44.165683,-2.576799],[-44.166935,-2.578007],[-44.167674,-2.578704],[-44.168253,-2.579109],[-44.16788,-2.579684],[-44.167654,-2.579511],[-44.167501,-2.579997],[-44.167471,-2.580164],[-44.167444,-2.580451],[-44.167069,-2.581234],[-44.167097,-2.581277],[-44.166659,-2.582102],[-44.166519,-2.582417],[-44.166237,-2.582972],[-44.166037,-2.583452],[-44.165963,-2.583793],[-44.165959,-2.583825]]]}},{"type":"Feature","properties":{"cd_setor":"211120110000488","situacao":"Urbana","bairro":"Mata","zona":"ZRMS","area_m2":135476.8,"area_ha":13.548,"fonte":"IBGE, Censo 2022 — malha e agregados por setor","pessoas":554.0,"domicilios":200.0,"dom_particulares":200.0,"dom_coletivos":0.0,"moradores_por_dom":3.3,"pct_imputados":0.0359,"dom_ocupados":167.0,"dom_uso_ocasional":6.0,"dom_vagos":27.0,"dens_hab_ha":40.89,"dens_dom_ha":14.76,"pct_vagos":13.5,"pct_uso_ocasional":3.0,"pct_ocupados":83.5},"geometry":{"type":"Polygon","coordinates":[[[-44.168253,-2.579109],[-44.16826,-2.579114],[-44.168608,-2.579206],[-44.168768,-2.579215],[-44.169016,-2.579257],[-44.169121,-2.579245],[-44.169287,-2.57919],[-44.169366,-2.579187],[-44.169411,-2.579248],[-44.169438,-2.579375],[-44.169514,-2.579396],[-44.169692,-2.579302],[-44.169804,-2.579221],[-44.169876,-2.579091],[-44.17,-2.579097],[-44.17013,-2.579178],[-44.170217,-2.579239],[-44.170405,-2.579329],[-44.170137,-2.579645],[-44.170136,-2.579648],[-44.169694,-2.580773],[-44.169446,-2.58069],[-44.16932,-2.58107],[-44.169144,-2.581617],[-44.169012,-2.582159],[-44.168867,-2.582672],[-44.168754,-2.583156],[-44.168593,-2.583801],[-44.168006,-2.583811],[-44.165959,-2.583825],[-44.165963,-2.583793],[-44.166037,-2.583452],[-44.166237,-2.582972],[-44.166519,-2.582417],[-44.166659,-2.582102],[-44.167097,-2.581277],[-44.167069,-2.581234],[-44.167444,-2.580451],[-44.167471,-2.580164],[-44.167501,-2.579997],[-44.167654,-2.579511],[-44.16788,-2.579684],[-44.168253,-2.579109]]]}},{"type":"Feature","properties":{"cd_setor":"211120110000489","situacao":"Urbana","bairro":"Matinha","zona":"ZEU","area_m2":330277.4,"area_ha":33.028,"fonte":"IBGE, Censo 2022 — malha e agregados por setor","pessoas":375.0,"domicilios":166.0,"dom_particulares":166.0,"dom_coletivos":0.0,"moradores_por_dom":3.0,"pct_imputados":0.0081,"dom_ocupados":123.0,"dom_uso_ocasional":20.0,"dom_vagos":23.0,"dens_hab_ha":11.35,"dens_dom_ha":5.03,"pct_vagos":13.9,"pct_uso_ocasional":12.0,"pct_ocupados":74.1},"geometry":{"type":"Polygon","coordinates":[[[-44.157525,-2.579519],[-44.157533,-2.579511],[-44.158355,-2.578902],[-44.159255,-2.578208],[-44.159693,-2.577892],[-44.160128,-2.577673],[-44.160176,-2.577657],[-44.16066,-2.577382],[-44.161093,-2.577216],[-44.161212,-2.577168],[-44.161567,-2.576932],[-44.161826,-2.57679],[-44.16212,-2.57617],[-44.162237,-2.575933],[-44.161765,-2.575647],[-44.161429,-2.575439],[-44.160673,-2.574776],[-44.160518,-2.574636],[-44.161748,-2.573435],[-44.161907,-2.573572],[-44.161979,-2.573668],[-44.16191,-2.573896],[-44.161958,-2.574079],[-44.161954,-2.57418],[-44.162052,-2.57436],[-44.162217,-2.574661],[-44.162454,-2.574934],[-44.162789,-2.575023],[-44.163085,-2.57514],[-44.163452,-2.575251],[-44.163801,-2.575121],[-44.164173,-2.575288],[-44.164352,-2.575492],[-44.16464,-2.575815],[-44.164795,-2.576045],[-44.164684,-2.576532],[-44.164879,-2.576601],[-44.164463,-2.577249],[-44.163998,-2.57794],[-44.1634,-2.578778],[-44.162846,-2.579597],[-44.161803,-2.581095],[-44.160644,-2.582738],[-44.160641,-2.582742],[-44.159812,-2.582235],[-44.159752,-2.582208],[-44.158972,-2.581709],[-44.159524,-2.580917],[-44.158731,-2.580385],[-44.157525,-2.579519]]]}},{"type":"Feature","properties":{"cd_setor":"211120110000490","situacao":"Urbana","bairro":"Matinha","zona":"ZPA JENIPARANA","area_m2":254360.5,"area_ha":25.436,"fonte":"IBGE, Censo 2022 — malha e agregados por setor","pessoas":384.0,"domicilios":179.0,"dom_particulares":179.0,"dom_coletivos":0.0,"moradores_por_dom":3.0,"pct_imputados":0.1328,"dom_ocupados":128.0,"dom_uso_ocasional":17.0,"dom_vagos":34.0,"dens_hab_ha":15.1,"dens_dom_ha":7.04,"pct_vagos":19.0,"pct_uso_ocasional":9.5,"pct_ocupados":71.5},"geometry":{"type":"Polygon","coordinates":[[[-44.160641,-2.582742],[-44.160222,-2.583359],[-44.159829,-2.583955],[-44.158046,-2.583994],[-44.157188,-2.583981],[-44.155948,-2.584009],[-44.154653,-2.584036],[-44.153589,-2.584065],[-44.153073,-2.584071],[-44.15273,-2.584079],[-44.152299,-2.584091],[-44.151988,-2.584108],[-44.151582,-2.584179],[-44.151643,-2.583935],[-44.151763,-2.583939],[-44.1518,-2.583891],[-44.151967,-2.583678],[-44.152155,-2.583436],[-44.152226,-2.583361],[-44.15237,-2.583209],[-44.152421,-2.583172],[-44.152501,-2.583115],[-44.152634,-2.583052],[-44.152722,-2.583039],[-44.153386,-2.583],[-44.153587,-2.582961],[-44.153722,-2.582902],[-44.153964,-2.582734],[-44.154614,-2.58222],[-44.155194,-2.581683],[-44.155746,-2.581095],[-44.155859,-2.581011],[-44.156072,-2.580858],[-44.156976,-2.580043],[-44.157525,-2.579519],[-44.158731,-2.580385],[-44.159524,-2.580917],[-44.158972,-2.581709],[-44.159752,-2.582208],[-44.159812,-2.582235],[-44.160641,-2.582742]]]}},{"type":"Feature","properties":{"cd_setor":"211120110000491","situacao":"Urbana","bairro":"","zona":"ZPA JENIPARANA","area_m2":229468.6,"area_ha":22.947,"fonte":"IBGE, Censo 2022 — malha e agregados por setor","pessoas":568.0,"domicilios":211.0,"dom_particulares":211.0,"dom_coletivos":0.0,"moradores_por_dom":3.1,"pct_imputados":0.0435,"dom_ocupados":184.0,"dom_uso_ocasional":5.0,"dom_vagos":22.0,"dens_hab_ha":24.75,"dens_dom_ha":9.2,"pct_vagos":10.4,"pct_uso_ocasional":2.4,"pct_ocupados":87.2},"geometry":{"type":"Polygon","coordinates":[[[-44.159833,-2.570968],[-44.159944,-2.571027],[-44.159962,-2.571074],[-44.15997,-2.571133],[-44.159962,-2.57118],[-44.159949,-2.571206],[-44.159939,-2.571226],[-44.159923,-2.571252],[-44.159924,-2.571268],[-44.159929,-2.571295],[-44.159972,-2.571332],[-44.160029,-2.571375],[-44.160139,-2.571375],[-44.160237,-2.571393],[-44.160289,-2.57142],[-44.16028,-2.571492],[-44.160246,-2.571555],[-44.160263,-2.571641],[-44.160345,-2.571721],[-44.160346,-2.571801],[-44.160312,-2.571886],[-44.160344,-2.571968],[-44.160357,-2.571997],[-44.160358,-2.572002],[-44.160368,-2.572022],[-44.160381,-2.57204],[-44.160397,-2.572053],[-44.16043,-2.57207],[-44.160453,-2.572075],[-44.160515,-2.572103],[-44.160553,-2.572088],[-44.160632,-2.572067],[-44.160675,-2.572053],[-44.160747,-2.572079],[-44.160774,-2.572122],[-44.160782,-2.572144],[-44.160784,-2.572188],[-44.16077,-2.572223],[-44.160744,-2.572269],[-44.160761,-2.572328],[-44.160918,-2.572451],[-44.161067,-2.572553],[-44.161183,-2.572711],[-44.161254,-2.572752],[-44.161305,-2.572799],[-44.161308,-2.572863],[-44.161264,-2.572927],[-44.161253,-2.573012],[-44.161266,-2.573042],[-44.161307,-2.573106],[-44.161502,-2.573211],[-44.161615,-2.573294],[-44.161686,-2.573362],[-44.161748,-2.573435],[-44.160518,-2.574636],[-44.160408,-2.57456],[-44.160064,-2.574295],[-44.159922,-2.57441],[-44.15961,-2.574797],[-44.159384,-2.575176],[-44.159241,-2.575202],[-44.158499,-2.575207],[-44.157703,-2.575112],[-44.156753,-2.575008],[-44.156659,-2.575044],[-44.156458,-2.575198],[-44.156007,-2.575562],[-44.155914,-2.575604],[-44.155941,-2.574477],[-44.155987,-2.572789],[-44.156019,-2.571117],[-44.158008,-2.571168],[-44.158315,-2.571696],[-44.159833,-2.570968]]]}},{"type":"Feature","properties":{"cd_setor":"211120110000492","situacao":"Urbana","bairro":"","zona":"ZPA JENIPARANA","area_m2":180128.2,"area_ha":18.013,"fonte":"IBGE, Censo 2022 — malha e agregados por setor","pessoas":82.0,"domicilios":75.0,"dom_particulares":75.0,"dom_coletivos":0.0,"moradores_por_dom":3.3,"pct_imputados":0.04,"dom_ocupados":25.0,"dom_uso_ocasional":7.0,"dom_vagos":43.0,"dens_hab_ha":4.55,"dens_dom_ha":4.16,"pct_vagos":57.3,"pct_uso_ocasional":9.3,"pct_ocupados":33.3},"geometry":{"type":"Polygon","coordinates":[[[-44.156019,-2.571117],[-44.156077,-2.569197],[-44.156129,-2.568641],[-44.1556,-2.568191],[-44.155026,-2.567679],[-44.154514,-2.567259],[-44.15449,-2.567237],[-44.154295,-2.567064],[-44.154661,-2.566549],[-44.154852,-2.566164],[-44.155083,-2.565693],[-44.155266,-2.565511],[-44.15534,-2.565613],[-44.155417,-2.56571],[-44.155539,-2.56577],[-44.155619,-2.565861],[-44.155691,-2.565996],[-44.155733,-2.566124],[-44.155819,-2.566193],[-44.155921,-2.566215],[-44.156024,-2.566241],[-44.156147,-2.56632],[-44.15613,-2.566543],[-44.156134,-2.566552],[-44.156141,-2.566567],[-44.156225,-2.566633],[-44.15632,-2.566671],[-44.156421,-2.566671],[-44.156491,-2.566675],[-44.156564,-2.566662],[-44.156649,-2.566636],[-44.156792,-2.566572],[-44.156857,-2.566563],[-44.15695,-2.566562],[-44.157024,-2.56663],[-44.15705,-2.566703],[-44.157069,-2.566783],[-44.157105,-2.566887],[-44.157168,-2.566947],[-44.157254,-2.566977],[-44.157334,-2.566984],[-44.157427,-2.566965],[-44.15754,-2.567009],[-44.157604,-2.567074],[-44.157619,-2.567145],[-44.157642,-2.567317],[-44.157657,-2.567433],[-44.157695,-2.56752],[-44.157722,-2.567634],[-44.157779,-2.567704],[-44.157862,-2.567802],[-44.157946,-2.567868],[-44.157995,-2.567955],[-44.158031,-2.568039],[-44.158068,-2.568106],[-44.158078,-2.568171],[-44.158078,-2.568279],[-44.158098,-2.568346],[-44.158152,-2.568436],[-44.158177,-2.568585],[-44.158201,-2.568645],[-44.158237,-2.568725],[-44.158273,-2.568805],[-44.158361,-2.568854],[-44.158419,-2.568898],[-44.158456,-2.568959],[-44.158472,-2.569035],[-44.158491,-2.56911],[-44.15854,-2.56914],[-44.158654,-2.569165],[-44.158736,-2.569222],[-44.158793,-2.56928],[-44.158876,-2.569353],[-44.158921,-2.569437],[-44.158943,-2.569545],[-44.15896,-2.569705],[-44.159018,-2.569808],[-44.159019,-2.569901],[-44.159045,-2.56995],[-44.159093,-2.569931],[-44.159131,-2.56992],[-44.159171,-2.569924],[-44.159207,-2.569898],[-44.159278,-2.569907],[-44.159329,-2.569922],[-44.159357,-2.569912],[-44.159402,-2.569898],[-44.159437,-2.569902],[-44.1595,-2.569896],[-44.159605,-2.569962],[-44.159675,-2.570037],[-44.159739,-2.57009],[-44.159757,-2.570173],[-44.159714,-2.570277],[-44.159747,-2.570446],[-44.159779,-2.570602],[-44.159741,-2.570723],[-44.159766,-2.57084],[-44.159814,-2.570958],[-44.159833,-2.570968],[-44.158315,-2.571696],[-44.158008,-2.571168],[-44.156019,-2.571117]]]}},{"type":"Feature","properties":{"cd_setor":"211120110000493","situacao":"Urbana","bairro":"Jardim Tropical","zona":"ZEU","area_m2":62867.7,"area_ha":6.287,"fonte":"IBGE, Censo 2022 — malha e agregados por setor","pessoas":366.0,"domicilios":135.0,"dom_particulares":135.0,"dom_coletivos":0.0,"moradores_por_dom":3.0,"pct_imputados":0.0661,"dom_ocupados":121.0,"dom_uso_ocasional":6.0,"dom_vagos":8.0,"dens_hab_ha":58.22,"dens_dom_ha":21.47,"pct_vagos":5.9,"pct_uso_ocasional":4.4,"pct_ocupados":89.6},"geometry":{"type":"Polygon","coordinates":[[[-44.179148,-2.57732],[-44.178982,-2.577315],[-44.178845,-2.57731],[-44.178411,-2.577283],[-44.177838,-2.57728],[-44.177589,-2.577263],[-44.176572,-2.576213],[-44.176525,-2.576177],[-44.176465,-2.575894],[-44.176431,-2.575641],[-44.1764,-2.575387],[-44.176427,-2.575387],[-44.17764,-2.575407],[-44.178278,-2.575418],[-44.178947,-2.575422],[-44.179592,-2.575452],[-44.179619,-2.576763],[-44.179148,-2.57732]]]}},{"type":"Feature","properties":{"cd_setor":"211120110000494","situacao":"Urbana","bairro":"Jardim Tropical","zona":"ZEU","area_m2":59092.5,"area_ha":5.909,"fonte":"IBGE, Censo 2022 — malha e agregados por setor","pessoas":379.0,"domicilios":150.0,"dom_particulares":150.0,"dom_coletivos":0.0,"moradores_por_dom":3.2,"pct_imputados":0.0167,"dom_ocupados":120.0,"dom_uso_ocasional":8.0,"dom_vagos":22.0,"dens_hab_ha":64.14,"dens_dom_ha":25.38,"pct_vagos":14.7,"pct_uso_ocasional":5.3,"pct_ocupados":80.0},"geometry":{"type":"Polygon","coordinates":[[[-44.179592,-2.575452],[-44.180201,-2.575511],[-44.180898,-2.57553],[-44.180928,-2.575538],[-44.181541,-2.575564],[-44.182202,-2.575603],[-44.182124,-2.57737],[-44.182124,-2.577395],[-44.18145,-2.577369],[-44.180841,-2.577378],[-44.180141,-2.577351],[-44.17931,-2.577308],[-44.17915,-2.57732],[-44.179148,-2.57732],[-44.179619,-2.576763],[-44.179592,-2.575452]]]}},{"type":"Feature","properties":{"cd_setor":"211120110000495","situacao":"Urbana","bairro":"","zona":"ZEU","area_m2":240725.9,"area_ha":24.073,"fonte":"IBGE, Censo 2022 — malha e agregados por setor","pessoas":331.0,"domicilios":153.0,"dom_particulares":153.0,"dom_coletivos":0.0,"moradores_por_dom":3.5,"pct_imputados":0.0316,"dom_ocupados":95.0,"dom_uso_ocasional":32.0,"dom_vagos":26.0,"dens_hab_ha":13.75,"dens_dom_ha":6.36,"pct_vagos":17.0,"pct_uso_ocasional":20.9,"pct_ocupados":62.1},"geometry":{"type":"Polygon","coordinates":[[[-44.121176,-2.555038],[-44.121187,-2.555006],[-44.121375,-2.554143],[-44.121308,-2.55364],[-44.123276,-2.554397],[-44.12349,-2.55383],[-44.125768,-2.55477],[-44.125831,-2.554347],[-44.125954,-2.553511],[-44.128205,-2.554394],[-44.127967,-2.55564],[-44.127873,-2.556263],[-44.12737,-2.559381],[-44.127106,-2.559296],[-44.125666,-2.558777],[-44.125067,-2.558544],[-44.12528,-2.557239],[-44.125418,-2.5566],[-44.124339,-2.556235],[-44.123714,-2.556006],[-44.121176,-2.555038]]]}},{"type":"Feature","properties":{"cd_setor":"211120110000496","situacao":"Urbana","bairro":"","zona":"ZEU","area_m2":435750.8,"area_ha":43.575,"fonte":"IBGE, Censo 2022 — malha e agregados por setor","pessoas":216.0,"domicilios":127.0,"dom_particulares":127.0,"dom_coletivos":0.0,"moradores_por_dom":3.0,"pct_imputados":0.0137,"dom_ocupados":73.0,"dom_uso_ocasional":27.0,"dom_vagos":27.0,"dens_hab_ha":4.96,"dens_dom_ha":2.91,"pct_vagos":21.3,"pct_uso_ocasional":21.3,"pct_ocupados":57.5},"geometry":{"type":"Polygon","coordinates":[[[-44.127106,-2.559296],[-44.12737,-2.559381],[-44.127367,-2.5594],[-44.127349,-2.559501],[-44.127094,-2.560789],[-44.124834,-2.559907],[-44.124084,-2.561863],[-44.123768,-2.562478],[-44.122591,-2.562042],[-44.119115,-2.560663],[-44.11896,-2.560112],[-44.118947,-2.559933],[-44.118885,-2.559452],[-44.118865,-2.559259],[-44.11892,-2.558905],[-44.11908,-2.55855],[-44.119127,-2.558475],[-44.119912,-2.557209],[-44.120294,-2.556704],[-44.120307,-2.556686],[-44.120988,-2.555579],[-44.121176,-2.555038],[-44.123714,-2.556006],[-44.124339,-2.556235],[-44.125418,-2.5566],[-44.12528,-2.557239],[-44.125067,-2.558544],[-44.125666,-2.558777],[-44.127106,-2.559296]]]}},{"type":"Feature","properties":{"cd_setor":"211120110000497","situacao":"Urbana","bairro":"Novo Cohatrac","zona":"ZEU","area_m2":56318.6,"area_ha":5.632,"fonte":"IBGE, Censo 2022 — malha e agregados por setor","pessoas":763.0,"domicilios":498.0,"dom_particulares":498.0,"dom_coletivos":0.0,"moradores_por_dom":2.3,"pct_imputados":0.0092,"dom_ocupados":325.0,"dom_uso_ocasional":21.0,"dom_vagos":152.0,"dens_hab_ha":135.48,"dens_dom_ha":88.43,"pct_vagos":30.5,"pct_uso_ocasional":4.2,"pct_ocupados":65.3},"geometry":{"type":"Polygon","coordinates":[[[-44.186705,-2.535445],[-44.186646,-2.535399],[-44.186283,-2.535113],[-44.185918,-2.534827],[-44.185565,-2.534559],[-44.185156,-2.534247],[-44.185719,-2.532406],[-44.187338,-2.532892],[-44.187175,-2.53346],[-44.187537,-2.533595],[-44.187355,-2.534318],[-44.187516,-2.534372],[-44.186705,-2.535445]]]}},{"type":"Feature","properties":{"cd_setor":"211120110000498","situacao":"Urbana","bairro":"Novo Cohatrac","zona":"ZEU","area_m2":38920.5,"area_ha":3.892,"fonte":"IBGE, Censo 2022 — malha e agregados por setor","pessoas":512.0,"domicilios":218.0,"dom_particulares":218.0,"dom_coletivos":0.0,"moradores_por_dom":2.7,"pct_imputados":0.0428,"dom_ocupados":187.0,"dom_uso_ocasional":9.0,"dom_vagos":22.0,"dens_hab_ha":131.55,"dens_dom_ha":56.01,"pct_vagos":10.1,"pct_uso_ocasional":4.1,"pct_ocupados":85.8},"geometry":{"type":"Polygon","coordinates":[[[-44.185719,-2.532406],[-44.185794,-2.532159],[-44.187588,-2.532716],[-44.188544,-2.533001],[-44.188223,-2.534036],[-44.188055,-2.534541],[-44.188233,-2.534587],[-44.188185,-2.53475],[-44.187344,-2.535941],[-44.187091,-2.535745],[-44.186966,-2.535648],[-44.186705,-2.535445],[-44.187516,-2.534372],[-44.187355,-2.534318],[-44.187537,-2.533595],[-44.187175,-2.53346],[-44.187338,-2.532892],[-44.185719,-2.532406]]]}},{"type":"Feature","properties":{"cd_setor":"211120110000499","situacao":"Urbana","bairro":"Novo Cohatrac","zona":"ZEU","area_m2":72196.3,"area_ha":7.22,"fonte":"IBGE, Censo 2022 — malha e agregados por setor","pessoas":250.0,"domicilios":100.0,"dom_particulares":100.0,"dom_coletivos":0.0,"moradores_por_dom":3.0,"pct_imputados":0.0482,"dom_ocupados":83.0,"dom_uso_ocasional":3.0,"dom_vagos":14.0,"dens_hab_ha":34.63,"dens_dom_ha":13.85,"pct_vagos":14.0,"pct_uso_ocasional":3.0,"pct_ocupados":83.0},"geometry":{"type":"Polygon","coordinates":[[[-44.190249,-2.529616],[-44.190725,-2.529755],[-44.190711,-2.529538],[-44.191151,-2.529663],[-44.191219,-2.529816],[-44.191118,-2.529977],[-44.191371,-2.530277],[-44.191295,-2.530281],[-44.191034,-2.530279],[-44.190929,-2.530279],[-44.190887,-2.530432],[-44.19058,-2.531628],[-44.190369,-2.532391],[-44.190301,-2.532642],[-44.1902,-2.533019],[-44.190003,-2.533687],[-44.18998,-2.533703],[-44.189979,-2.533708],[-44.189977,-2.533712],[-44.189971,-2.533739],[-44.189581,-2.535095],[-44.189227,-2.535564],[-44.188429,-2.536778],[-44.18804,-2.536483],[-44.187887,-2.536363],[-44.187849,-2.536334],[-44.188462,-2.535479],[-44.188841,-2.534906],[-44.189038,-2.534202],[-44.189244,-2.533521],[-44.189486,-2.532618],[-44.190249,-2.529616]]]}},{"type":"Feature","properties":{"cd_setor":"211120110000500","situacao":"Urbana","bairro":"Novo Cohatrac","zona":"ZEU","area_m2":61681.8,"area_ha":6.168,"fonte":"IBGE, Censo 2022 — malha e agregados por setor","pessoas":401.0,"domicilios":185.0,"dom_particulares":185.0,"dom_coletivos":0.0,"moradores_por_dom":3.0,"pct_imputados":0.0373,"dom_ocupados":134.0,"dom_uso_ocasional":16.0,"dom_vagos":35.0,"dens_hab_ha":65.01,"dens_dom_ha":29.99,"pct_vagos":18.9,"pct_uso_ocasional":8.6,"pct_ocupados":72.4},"geometry":{"type":"Polygon","coordinates":[[[-44.187849,-2.536334],[-44.187731,-2.536244],[-44.187344,-2.535941],[-44.188185,-2.53475],[-44.188233,-2.534587],[-44.188055,-2.534541],[-44.188223,-2.534036],[-44.188544,-2.533001],[-44.188549,-2.532979],[-44.188917,-2.531827],[-44.188963,-2.531681],[-44.18919,-2.530949],[-44.189303,-2.530599],[-44.18943,-2.530515],[-44.189744,-2.529469],[-44.190249,-2.529616],[-44.189486,-2.532618],[-44.189244,-2.533521],[-44.189038,-2.534202],[-44.188841,-2.534906],[-44.188462,-2.535479],[-44.187849,-2.536334]]]}},{"type":"Feature","properties":{"cd_setor":"211120110000501","situacao":"Urbana","bairro":"Novo Cohatrac","zona":"ZEU","area_m2":36069.8,"area_ha":3.607,"fonte":"IBGE, Censo 2022 — malha e agregados por setor","pessoas":123.0,"domicilios":70.0,"dom_particulares":70.0,"dom_coletivos":0.0,"moradores_por_dom":2.5,"pct_imputados":0.02,"dom_ocupados":50.0,"dom_uso_ocasional":0.0,"dom_vagos":20.0,"dens_hab_ha":34.1,"dens_dom_ha":19.41,"pct_vagos":28.6,"pct_uso_ocasional":0.0,"pct_ocupados":71.4},"geometry":{"type":"Polygon","coordinates":[[[-44.195055,-2.531718],[-44.195038,-2.531712],[-44.194374,-2.531445],[-44.194327,-2.531428],[-44.194301,-2.531403],[-44.192799,-2.530825],[-44.192742,-2.530806],[-44.192695,-2.530787],[-44.192027,-2.530536],[-44.191698,-2.530411],[-44.191547,-2.530355],[-44.191371,-2.530277],[-44.191118,-2.529977],[-44.191219,-2.529816],[-44.191151,-2.529663],[-44.195268,-2.530829],[-44.195055,-2.531718]]]}},{"type":"Feature","properties":{"cd_setor":"211120110000502","situacao":"Urbana","bairro":"Novo Cohatrac","zona":"ZEU","area_m2":25789.7,"area_ha":2.579,"fonte":"IBGE, Censo 2022 — malha e agregados por setor","pessoas":223.0,"domicilios":219.0,"dom_particulares":219.0,"dom_coletivos":0.0,"moradores_por_dom":2.5,"pct_imputados":0.011,"dom_ocupados":91.0,"dom_uso_ocasional":2.0,"dom_vagos":126.0,"dens_hab_ha":86.47,"dens_dom_ha":84.92,"pct_vagos":57.5,"pct_uso_ocasional":0.9,"pct_ocupados":41.6},"geometry":{"type":"Polygon","coordinates":[[[-44.195268,-2.530829],[-44.197311,-2.531408],[-44.197292,-2.531482],[-44.197247,-2.531659],[-44.197047,-2.53243],[-44.197014,-2.532442],[-44.196261,-2.532151],[-44.195271,-2.531802],[-44.195055,-2.531718],[-44.195268,-2.530829]]]}},{"type":"Feature","properties":{"cd_setor":"211120110000503","situacao":"Urbana","bairro":"Novo Cohatrac","zona":"ZEU","area_m2":50458.2,"area_ha":5.046,"fonte":"IBGE, Censo 2022 — malha e agregados por setor","pessoas":399.0,"domicilios":168.0,"dom_particulares":168.0,"dom_coletivos":0.0,"moradores_por_dom":2.9,"pct_imputados":0.0441,"dom_ocupados":136.0,"dom_uso_ocasional":1.0,"dom_vagos":31.0,"dens_hab_ha":79.08,"dens_dom_ha":33.29,"pct_vagos":18.5,"pct_uso_ocasional":0.6,"pct_ocupados":81.0},"geometry":{"type":"Polygon","coordinates":[[[-44.190301,-2.532642],[-44.190369,-2.532391],[-44.19058,-2.531628],[-44.190887,-2.530432],[-44.190929,-2.530279],[-44.191034,-2.530279],[-44.191295,-2.530281],[-44.191371,-2.530277],[-44.191547,-2.530355],[-44.191698,-2.530411],[-44.192027,-2.530536],[-44.192695,-2.530787],[-44.192742,-2.530806],[-44.192598,-2.531364],[-44.192595,-2.531376],[-44.192481,-2.53181],[-44.192374,-2.532241],[-44.192358,-2.532268],[-44.192254,-2.532665],[-44.191425,-2.532461],[-44.19103,-2.53235],[-44.190907,-2.532827],[-44.190301,-2.532642]]]}},{"type":"Feature","properties":{"cd_setor":"211120110000504","situacao":"Urbana","bairro":"Novo Cohatrac","zona":"ZEU","area_m2":36152.4,"area_ha":3.615,"fonte":"IBGE, Censo 2022 — malha e agregados por setor","pessoas":357.0,"domicilios":131.0,"dom_particulares":131.0,"dom_coletivos":0.0,"moradores_por_dom":3.1,"pct_imputados":0.0431,"dom_ocupados":116.0,"dom_uso_ocasional":0.0,"dom_vagos":15.0,"dens_hab_ha":98.75,"dens_dom_ha":36.24,"pct_vagos":11.5,"pct_uso_ocasional":0.0,"pct_ocupados":88.5},"geometry":{"type":"Polygon","coordinates":[[[-44.192254,-2.532665],[-44.192247,-2.532692],[-44.192143,-2.53311],[-44.192134,-2.533149],[-44.192115,-2.533218],[-44.192102,-2.533271],[-44.192088,-2.533327],[-44.192075,-2.53337],[-44.192064,-2.533429],[-44.192056,-2.533463],[-44.192038,-2.533524],[-44.191957,-2.533818],[-44.191932,-2.5339],[-44.191923,-2.533932],[-44.191822,-2.534319],[-44.191814,-2.534338],[-44.190579,-2.534049],[-44.190611,-2.533935],[-44.190303,-2.533838],[-44.190026,-2.533755],[-44.190006,-2.53375],[-44.189995,-2.533745],[-44.189971,-2.533739],[-44.189977,-2.533712],[-44.189979,-2.533708],[-44.18998,-2.533703],[-44.190003,-2.533687],[-44.1902,-2.533019],[-44.190301,-2.532642],[-44.190907,-2.532827],[-44.19103,-2.53235],[-44.191425,-2.532461],[-44.192254,-2.532665]]]}},{"type":"Feature","properties":{"cd_setor":"211120110000505","situacao":"Urbana","bairro":"Novo Cohatrac","zona":"ZEU","area_m2":23518.7,"area_ha":2.352,"fonte":"IBGE, Censo 2022 — malha e agregados por setor","pessoas":516.0,"domicilios":256.0,"dom_particulares":256.0,"dom_coletivos":0.0,"moradores_por_dom":2.4,"pct_imputados":0.0142,"dom_ocupados":211.0,"dom_uso_ocasional":17.0,"dom_vagos":28.0,"dens_hab_ha":219.4,"dens_dom_ha":108.85,"pct_vagos":10.9,"pct_uso_ocasional":6.6,"pct_ocupados":82.4},"geometry":{"type":"Polygon","coordinates":[[[-44.185825,-2.53204],[-44.185794,-2.532159],[-44.185719,-2.532406],[-44.185156,-2.534247],[-44.184992,-2.534117],[-44.184416,-2.533674],[-44.184945,-2.531784],[-44.185825,-2.53204]]]}},{"type":"Feature","properties":{"cd_setor":"211120110000506","situacao":"Urbana","bairro":"Novo Cohatrac","zona":"ZEU","area_m2":51903.6,"area_ha":5.19,"fonte":"IBGE, Censo 2022 — malha e agregados por setor","pessoas":286.0,"domicilios":123.0,"dom_particulares":123.0,"dom_coletivos":0.0,"moradores_por_dom":3.1,"pct_imputados":0.0435,"dom_ocupados":92.0,"dom_uso_ocasional":2.0,"dom_vagos":29.0,"dens_hab_ha":55.1,"dens_dom_ha":23.7,"pct_vagos":23.6,"pct_uso_ocasional":1.6,"pct_ocupados":74.8},"geometry":{"type":"Polygon","coordinates":[[[-44.191353,-2.536052],[-44.191351,-2.536085],[-44.191109,-2.536439],[-44.190839,-2.536794],[-44.190551,-2.537176],[-44.19031,-2.537536],[-44.189927,-2.538001],[-44.189843,-2.537913],[-44.189708,-2.537786],[-44.189501,-2.537611],[-44.18904,-2.537252],[-44.18873,-2.537012],[-44.188429,-2.536778],[-44.189227,-2.535564],[-44.189581,-2.535095],[-44.190206,-2.535275],[-44.189928,-2.535678],[-44.191353,-2.536052]]]}},{"type":"Feature","properties":{"cd_setor":"211120110000507","situacao":"Urbana","bairro":"Novo Cohatrac","zona":"ZEU","area_m2":39937.0,"area_ha":3.994,"fonte":"IBGE, Censo 2022 — malha e agregados por setor","pessoas":355.0,"domicilios":150.0,"dom_particulares":150.0,"dom_coletivos":0.0,"moradores_por_dom":3.1,"pct_imputados":0.0259,"dom_ocupados":116.0,"dom_uso_ocasional":2.0,"dom_vagos":32.0,"dens_hab_ha":88.89,"dens_dom_ha":37.56,"pct_vagos":21.3,"pct_uso_ocasional":1.3,"pct_ocupados":77.3},"geometry":{"type":"Polygon","coordinates":[[[-44.189581,-2.535095],[-44.189971,-2.533739],[-44.189995,-2.533745],[-44.190006,-2.53375],[-44.190026,-2.533755],[-44.190303,-2.533838],[-44.190611,-2.533935],[-44.190579,-2.534049],[-44.191814,-2.534338],[-44.191702,-2.534743],[-44.191698,-2.534761],[-44.191593,-2.535166],[-44.191588,-2.535178],[-44.191487,-2.535583],[-44.191481,-2.535622],[-44.191385,-2.535972],[-44.191353,-2.536052],[-44.189928,-2.535678],[-44.190206,-2.535275],[-44.189581,-2.535095]]]}},{"type":"Feature","properties":{"cd_setor":"211120110000508","situacao":"Urbana","bairro":"Novo Cohatrac","zona":"ZEU","area_m2":103890.8,"area_ha":10.389,"fonte":"IBGE, Censo 2022 — malha e agregados por setor","pessoas":114.0,"domicilios":34.0,"dom_particulares":34.0,"dom_coletivos":0.0,"moradores_por_dom":3.5,"pct_imputados":0.3636,"dom_ocupados":33.0,"dom_uso_ocasional":0.0,"dom_vagos":1.0,"dens_hab_ha":10.97,"dens_dom_ha":3.27,"pct_vagos":2.9,"pct_uso_ocasional":0.0,"pct_ocupados":97.1},"geometry":{"type":"Polygon","coordinates":[[[-44.184416,-2.533674],[-44.184357,-2.533629],[-44.183719,-2.533143],[-44.184017,-2.532059],[-44.184301,-2.53084],[-44.184627,-2.529482],[-44.184756,-2.528986],[-44.1848,-2.528805],[-44.18493,-2.528247],[-44.18498,-2.527989],[-44.185826,-2.528206],[-44.186942,-2.528497],[-44.186675,-2.529345],[-44.186453,-2.53005],[-44.186227,-2.530768],[-44.186016,-2.53144],[-44.185863,-2.53193],[-44.185825,-2.53204],[-44.184945,-2.531784],[-44.184416,-2.533674]]]}},{"type":"Feature","properties":{"cd_setor":"211120110000509","situacao":"Urbana","bairro":"J. Lima","zona":"ZEU","area_m2":180615.9,"area_ha":18.062,"fonte":"IBGE, Censo 2022 — malha e agregados por setor","pessoas":768.0,"domicilios":288.0,"dom_particulares":288.0,"dom_coletivos":0.0,"moradores_por_dom":3.3,"pct_imputados":0.0678,"dom_ocupados":236.0,"dom_uso_ocasional":5.0,"dom_vagos":47.0,"dens_hab_ha":42.52,"dens_dom_ha":15.95,"pct_vagos":16.3,"pct_uso_ocasional":1.7,"pct_ocupados":81.9},"geometry":{"type":"Polygon","coordinates":[[[-44.173279,-2.564537],[-44.175869,-2.565164],[-44.176865,-2.565303],[-44.176679,-2.566279],[-44.176485,-2.567207],[-44.172872,-2.5665],[-44.172864,-2.566499],[-44.169489,-2.565819],[-44.169302,-2.565781],[-44.169312,-2.565728],[-44.169456,-2.564823],[-44.169613,-2.563874],[-44.169643,-2.56371],[-44.173279,-2.564537]]]}},{"type":"Feature","properties":{"cd_setor":"211120110000510","situacao":"Urbana","bairro":"J. Lima","zona":"ZEU","area_m2":122992.5,"area_ha":12.299,"fonte":"IBGE, Censo 2022 — malha e agregados por setor","pessoas":200.0,"domicilios":71.0,"dom_particulares":71.0,"dom_coletivos":0.0,"moradores_por_dom":3.2,"pct_imputados":0.0,"dom_ocupados":62.0,"dom_uso_ocasional":2.0,"dom_vagos":7.0,"dens_hab_ha":16.26,"dens_dom_ha":5.77,"pct_vagos":9.9,"pct_uso_ocasional":2.8,"pct_ocupados":87.3},"geometry":{"type":"Polygon","coordinates":[[[-44.169643,-2.56371],[-44.169746,-2.56315],[-44.169776,-2.562991],[-44.169965,-2.561991],[-44.170132,-2.561134],[-44.173762,-2.561824],[-44.173613,-2.562735],[-44.173448,-2.56363],[-44.173279,-2.564537],[-44.169643,-2.56371]]]}},{"type":"Feature","properties":{"cd_setor":"211120110000511","situacao":"Urbana","bairro":"Vila Sarney Filho II","zona":"ZEU","area_m2":158147.6,"area_ha":15.815,"fonte":"IBGE, Censo 2022 — malha e agregados por setor","pessoas":446.0,"domicilios":165.0,"dom_particulares":165.0,"dom_coletivos":0.0,"moradores_por_dom":3.4,"pct_imputados":0.0462,"dom_ocupados":130.0,"dom_uso_ocasional":12.0,"dom_vagos":23.0,"dens_hab_ha":28.2,"dens_dom_ha":10.43,"pct_vagos":13.9,"pct_uso_ocasional":7.3,"pct_ocupados":78.8},"geometry":{"type":"Polygon","coordinates":[[[-44.168943,-2.567709],[-44.168742,-2.56864],[-44.168469,-2.569485],[-44.168318,-2.569682],[-44.168024,-2.570017],[-44.167903,-2.569998],[-44.166959,-2.569974],[-44.166955,-2.569974],[-44.165122,-2.570005],[-44.165022,-2.569986],[-44.164966,-2.569953],[-44.164915,-2.569911],[-44.164748,-2.569709],[-44.164025,-2.568552],[-44.163787,-2.568184],[-44.163703,-2.568036],[-44.163583,-2.567862],[-44.163588,-2.567662],[-44.163588,-2.567506],[-44.163737,-2.566718],[-44.16374,-2.566699],[-44.164213,-2.5668],[-44.167372,-2.56736],[-44.167373,-2.567366],[-44.168943,-2.567709]]]}},{"type":"Feature","properties":{"cd_setor":"211120110000512","situacao":"Urbana","bairro":"Vila Sarney Filho II","zona":"ZEU","area_m2":124615.7,"area_ha":12.462,"fonte":"IBGE, Censo 2022 — malha e agregados por setor","pessoas":540.0,"domicilios":210.0,"dom_particulares":209.0,"dom_coletivos":1.0,"moradores_por_dom":3.3,"pct_imputados":0.0482,"dom_ocupados":166.0,"dom_uso_ocasional":8.0,"dom_vagos":35.0,"dens_hab_ha":43.33,"dens_dom_ha":16.77,"pct_vagos":16.7,"pct_uso_ocasional":3.8,"pct_ocupados":79.4},"geometry":{"type":"Polygon","coordinates":[[[-44.16374,-2.566699],[-44.163919,-2.565753],[-44.164091,-2.564816],[-44.16616,-2.565219],[-44.167725,-2.565488],[-44.169298,-2.5658],[-44.169116,-2.566763],[-44.168947,-2.567691],[-44.168943,-2.567709],[-44.167373,-2.567366],[-44.167372,-2.56736],[-44.164213,-2.5668],[-44.16374,-2.566699]]]}},{"type":"Feature","properties":{"cd_setor":"211120110000513","situacao":"Urbana","bairro":"","zona":"ZPA JENIPARANA","area_m2":50746.2,"area_ha":5.075,"fonte":"IBGE, Censo 2022 — malha e agregados por setor","pessoas":396.0,"domicilios":156.0,"dom_particulares":156.0,"dom_coletivos":0.0,"moradores_por_dom":3.0,"pct_imputados":0.0458,"dom_ocupados":131.0,"dom_uso_ocasional":9.0,"dom_vagos":16.0,"dens_hab_ha":78.04,"dens_dom_ha":30.74,"pct_vagos":10.3,"pct_uso_ocasional":5.8,"pct_ocupados":84.0},"geometry":{"type":"Polygon","coordinates":[[[-44.151722,-2.569089],[-44.151999,-2.569097],[-44.152248,-2.569104],[-44.152786,-2.569115],[-44.153321,-2.569126],[-44.153871,-2.56913],[-44.153861,-2.569476],[-44.153825,-2.571061],[-44.153559,-2.571057],[-44.153277,-2.57105],[-44.153009,-2.571047],[-44.152734,-2.571038],[-44.151681,-2.571004],[-44.151722,-2.569089]]]}},{"type":"Feature","properties":{"cd_setor":"211120110000514","situacao":"Urbana","bairro":"","zona":"ZPA JENIPARANA","area_m2":25574.9,"area_ha":2.557,"fonte":"IBGE, Censo 2022 — malha e agregados por setor","pessoas":434.0,"domicilios":169.0,"dom_particulares":169.0,"dom_coletivos":0.0,"moradores_por_dom":3.0,"pct_imputados":0.0621,"dom_ocupados":145.0,"dom_uso_ocasional":8.0,"dom_vagos":16.0,"dens_hab_ha":169.7,"dens_dom_ha":66.08,"pct_vagos":9.5,"pct_uso_ocasional":4.7,"pct_ocupados":85.8},"geometry":{"type":"Polygon","coordinates":[[[-44.151681,-2.571004],[-44.15141,-2.570997],[-44.151135,-2.57099],[-44.150869,-2.570984],[-44.150617,-2.570976],[-44.1506,-2.570975],[-44.150633,-2.569094],[-44.150639,-2.56906],[-44.150911,-2.569064],[-44.151184,-2.569073],[-44.151456,-2.569084],[-44.151722,-2.569089],[-44.151681,-2.571004]]]}},{"type":"Feature","properties":{"cd_setor":"211120110000515","situacao":"Urbana","bairro":"Vila Sarney Filho I","zona":"ZEU","area_m2":83659.6,"area_ha":8.366,"fonte":"IBGE, Censo 2022 — malha e agregados por setor","pessoas":588.0,"domicilios":217.0,"dom_particulares":217.0,"dom_coletivos":0.0,"moradores_por_dom":3.2,"pct_imputados":0.0275,"dom_ocupados":182.0,"dom_uso_ocasional":5.0,"dom_vagos":30.0,"dens_hab_ha":70.28,"dens_dom_ha":25.94,"pct_vagos":13.8,"pct_uso_ocasional":2.3,"pct_ocupados":83.9},"geometry":{"type":"Polygon","coordinates":[[[-44.166846,-2.55857],[-44.163561,-2.557946],[-44.163684,-2.557309],[-44.166958,-2.557961],[-44.16707,-2.557305],[-44.167388,-2.557361],[-44.168158,-2.557509],[-44.168472,-2.557571],[-44.1707,-2.558002],[-44.170606,-2.558565],[-44.17055,-2.558857],[-44.170512,-2.559062],[-44.170472,-2.559166],[-44.170462,-2.559226],[-44.166846,-2.55857]]]}},{"type":"Feature","properties":{"cd_setor":"211120110000516","situacao":"Urbana","bairro":"Vila Sarney Filho I","zona":"ZEU","area_m2":45511.3,"area_ha":4.551,"fonte":"IBGE, Censo 2022 — malha e agregados por setor","pessoas":283.0,"domicilios":101.0,"dom_particulares":101.0,"dom_coletivos":0.0,"moradores_por_dom":3.2,"pct_imputados":0.0227,"dom_ocupados":88.0,"dom_uso_ocasional":2.0,"dom_vagos":11.0,"dens_hab_ha":62.18,"dens_dom_ha":22.19,"pct_vagos":10.9,"pct_uso_ocasional":2.0,"pct_ocupados":87.1},"geometry":{"type":"Polygon","coordinates":[[[-44.170462,-2.559226],[-44.170271,-2.560356],[-44.169667,-2.56025],[-44.169432,-2.560142],[-44.169247,-2.56003],[-44.168997,-2.55994],[-44.168921,-2.559871],[-44.168777,-2.559855],[-44.168685,-2.559772],[-44.168543,-2.55976],[-44.168393,-2.559843],[-44.168268,-2.559944],[-44.168168,-2.560317],[-44.168123,-2.560355],[-44.167694,-2.56013],[-44.167541,-2.559998],[-44.167427,-2.559924],[-44.167352,-2.559954],[-44.167248,-2.560062],[-44.167482,-2.559133],[-44.166778,-2.558943],[-44.166846,-2.55857],[-44.170462,-2.559226]]]}},{"type":"Feature","properties":{"cd_setor":"211120110000517","situacao":"Urbana","bairro":"","zona":"ZPA JENIPARANA","area_m2":431801.9,"area_ha":43.18,"fonte":"IBGE, Censo 2022 — malha e agregados por setor","pessoas":246.0,"domicilios":197.0,"dom_particulares":197.0,"dom_coletivos":0.0,"moradores_por_dom":2.5,"pct_imputados":0.1546,"dom_ocupados":97.0,"dom_uso_ocasional":42.0,"dom_vagos":58.0,"dens_hab_ha":5.7,"dens_dom_ha":4.56,"pct_vagos":29.4,"pct_uso_ocasional":21.3,"pct_ocupados":49.2},"geometry":{"type":"Polygon","coordinates":[[[-44.14901,-2.567312],[-44.148969,-2.567327],[-44.148911,-2.567423],[-44.148857,-2.56751],[-44.148751,-2.567771],[-44.148677,-2.567887],[-44.148406,-2.568139],[-44.147568,-2.568797],[-44.147604,-2.569014],[-44.148026,-2.570929],[-44.148348,-2.570913],[-44.148328,-2.572222],[-44.148424,-2.5726],[-44.148896,-2.572609],[-44.14889,-2.572644],[-44.148868,-2.574138],[-44.148866,-2.574289],[-44.148896,-2.57432],[-44.14929,-2.575984],[-44.149377,-2.575986],[-44.149644,-2.575994],[-44.14991,-2.575996],[-44.150184,-2.576007],[-44.15046,-2.57602],[-44.150722,-2.576029],[-44.15099,-2.576035],[-44.15127,-2.57604],[-44.151537,-2.576046],[-44.151811,-2.576051],[-44.152075,-2.576054],[-44.152341,-2.576061],[-44.152618,-2.576073],[-44.152883,-2.576077],[-44.153153,-2.576084],[-44.153419,-2.576089],[-44.153695,-2.576099],[-44.153963,-2.5761],[-44.154222,-2.576112],[-44.154488,-2.576118],[-44.154776,-2.576127],[-44.15504,-2.576129],[-44.155213,-2.57615],[-44.154961,-2.576393],[-44.154654,-2.576599],[-44.15397,-2.577361],[-44.153161,-2.57813],[-44.152881,-2.57835],[-44.152729,-2.578422],[-44.152539,-2.578493],[-44.152273,-2.578522],[-44.151648,-2.578487],[-44.149767,-2.578368],[-44.149504,-2.577677],[-44.149338,-2.577381],[-44.149082,-2.577097],[-44.148662,-2.576386],[-44.148334,-2.575577],[-44.147758,-2.574494],[-44.146971,-2.573363],[-44.146241,-2.572657],[-44.146013,-2.572419],[-44.145768,-2.572074],[-44.145518,-2.571658],[-44.144966,-2.570743],[-44.14492,-2.570595],[-44.144604,-2.569724],[-44.144335,-2.568687],[-44.144693,-2.5681],[-44.145051,-2.567486],[-44.145378,-2.567013],[-44.145501,-2.566782],[-44.145557,-2.566622],[-44.147774,-2.566671],[-44.14775,-2.566937],[-44.148781,-2.567216],[-44.14901,-2.567312]]]}},{"type":"Feature","properties":{"cd_setor":"211120110000518","situacao":"Urbana","bairro":"","zona":"ZPA JENIPARANA","area_m2":328416.9,"area_ha":32.842,"fonte":"IBGE, Censo 2022 — malha e agregados por setor","pessoas":161.0,"domicilios":62.0,"dom_particulares":62.0,"dom_coletivos":0.0,"moradores_por_dom":3.4,"pct_imputados":0.1064,"dom_ocupados":47.0,"dom_uso_ocasional":5.0,"dom_vagos":10.0,"dens_hab_ha":4.9,"dens_dom_ha":1.89,"pct_vagos":16.1,"pct_uso_ocasional":8.1,"pct_ocupados":75.8},"geometry":{"type":"Polygon","coordinates":[[[-44.145557,-2.566622],[-44.145591,-2.566597],[-44.145802,-2.566369],[-44.145824,-2.56623],[-44.145826,-2.566156],[-44.145848,-2.565727],[-44.145854,-2.565594],[-44.145902,-2.565471],[-44.145967,-2.565335],[-44.146,-2.565264],[-44.146033,-2.565104],[-44.146063,-2.564964],[-44.146102,-2.564835],[-44.146138,-2.564681],[-44.146307,-2.563742],[-44.146374,-2.56346],[-44.146508,-2.562952],[-44.146976,-2.561893],[-44.147088,-2.561878],[-44.147354,-2.561864],[-44.1477,-2.561928],[-44.147909,-2.562051],[-44.148622,-2.56227],[-44.148977,-2.562238],[-44.149333,-2.562282],[-44.149674,-2.562304],[-44.149934,-2.562462],[-44.150098,-2.562859],[-44.150215,-2.563172],[-44.150274,-2.563379],[-44.150633,-2.563435],[-44.150807,-2.563539],[-44.151432,-2.563735],[-44.151673,-2.563788],[-44.151779,-2.563836],[-44.15186,-2.563839],[-44.151929,-2.563806],[-44.152009,-2.563712],[-44.152069,-2.563693],[-44.152094,-2.56371],[-44.152111,-2.563739],[-44.152148,-2.563769],[-44.152187,-2.56381],[-44.152251,-2.563859],[-44.152312,-2.563891],[-44.152364,-2.563934],[-44.15242,-2.563966],[-44.152463,-2.564004],[-44.152484,-2.564022],[-44.152501,-2.564031],[-44.152517,-2.564036],[-44.152555,-2.564049],[-44.152604,-2.564066],[-44.152616,-2.564071],[-44.152729,-2.564113],[-44.152734,-2.564117],[-44.152741,-2.564121],[-44.152843,-2.564176],[-44.153041,-2.564299],[-44.153149,-2.564355],[-44.153395,-2.564482],[-44.153444,-2.564567],[-44.153457,-2.564567],[-44.153512,-2.564572],[-44.153579,-2.564552],[-44.153706,-2.564608],[-44.153784,-2.564636],[-44.153847,-2.564655],[-44.153904,-2.564577],[-44.153961,-2.564553],[-44.153995,-2.564509],[-44.154033,-2.564424],[-44.154119,-2.564431],[-44.154223,-2.564464],[-44.154276,-2.564498],[-44.154307,-2.564563],[-44.154282,-2.564668],[-44.154298,-2.564748],[-44.154311,-2.564753],[-44.154345,-2.564766],[-44.154447,-2.564847],[-44.154515,-2.564885],[-44.154573,-2.56496],[-44.154651,-2.564992],[-44.154773,-2.564997],[-44.15484,-2.565075],[-44.154892,-2.565145],[-44.154935,-2.565246],[-44.155057,-2.565381],[-44.155188,-2.565424],[-44.155266,-2.565511],[-44.155083,-2.565693],[-44.154852,-2.566164],[-44.154661,-2.566549],[-44.154295,-2.567064],[-44.153436,-2.566296],[-44.152905,-2.565854],[-44.152478,-2.565466],[-44.152364,-2.565536],[-44.151824,-2.565522],[-44.151275,-2.565518],[-44.150735,-2.565509],[-44.150206,-2.565498],[-44.150179,-2.565485],[-44.150093,-2.565486],[-44.149981,-2.565516],[-44.149923,-2.565557],[-44.149881,-2.565597],[-44.149804,-2.565717],[-44.149744,-2.565848],[-44.149719,-2.565902],[-44.149683,-2.565972],[-44.149057,-2.567175],[-44.149029,-2.567257],[-44.14901,-2.567312],[-44.148781,-2.567216],[-44.14775,-2.566937],[-44.147774,-2.566671],[-44.145557,-2.566622]]]}},{"type":"Feature","properties":{"cd_setor":"211120110000519","situacao":"Urbana","bairro":"Parque Jair","zona":"ZEU","area_m2":87232.5,"area_ha":8.723,"fonte":"IBGE, Censo 2022 — malha e agregados por setor","pessoas":336.0,"domicilios":149.0,"dom_particulares":149.0,"dom_coletivos":0.0,"moradores_por_dom":2.8,"pct_imputados":0.1092,"dom_ocupados":119.0,"dom_uso_ocasional":5.0,"dom_vagos":25.0,"dens_hab_ha":38.52,"dens_dom_ha":17.08,"pct_vagos":16.8,"pct_uso_ocasional":3.4,"pct_ocupados":79.9},"geometry":{"type":"Polygon","coordinates":[[[-44.181759,-2.500898],[-44.181761,-2.500885],[-44.181896,-2.499943],[-44.181901,-2.499907],[-44.182058,-2.498942],[-44.184347,-2.499269],[-44.184697,-2.499284],[-44.184816,-2.498835],[-44.184912,-2.498782],[-44.185523,-2.498882],[-44.185912,-2.498979],[-44.185736,-2.500035],[-44.185638,-2.500442],[-44.184591,-2.500323],[-44.184459,-2.501301],[-44.182903,-2.501062],[-44.181759,-2.500898]]]}},{"type":"Feature","properties":{"cd_setor":"211120110000520","situacao":"Urbana","bairro":"Parque Jair","zona":"ZEU","area_m2":56368.9,"area_ha":5.637,"fonte":"IBGE, Censo 2022 — malha e agregados por setor","pessoas":400.0,"domicilios":166.0,"dom_particulares":166.0,"dom_coletivos":0.0,"moradores_por_dom":2.8,"pct_imputados":0.0769,"dom_ocupados":143.0,"dom_uso_ocasional":4.0,"dom_vagos":19.0,"dens_hab_ha":70.96,"dens_dom_ha":29.45,"pct_vagos":11.4,"pct_uso_ocasional":2.4,"pct_ocupados":86.1},"geometry":{"type":"Polygon","coordinates":[[[-44.185638,-2.500442],[-44.185568,-2.500736],[-44.185386,-2.501625],[-44.185314,-2.502286],[-44.184337,-2.502179],[-44.184327,-2.502277],[-44.183984,-2.502231],[-44.183387,-2.502148],[-44.182781,-2.502063],[-44.18162,-2.501884],[-44.1817,-2.501365],[-44.181759,-2.500898],[-44.182903,-2.501062],[-44.184459,-2.501301],[-44.184591,-2.500323],[-44.185638,-2.500442]]]}},{"type":"Feature","properties":{"cd_setor":"211120110000521","situacao":"Urbana","bairro":"Parque Jair","zona":"ZEU","area_m2":93610.8,"area_ha":9.361,"fonte":"IBGE, Censo 2022 — malha e agregados por setor","pessoas":506.0,"domicilios":187.0,"dom_particulares":187.0,"dom_coletivos":0.0,"moradores_por_dom":3.2,"pct_imputados":0.05,"dom_ocupados":160.0,"dom_uso_ocasional":2.0,"dom_vagos":25.0,"dens_hab_ha":54.05,"dens_dom_ha":19.98,"pct_vagos":13.4,"pct_uso_ocasional":1.1,"pct_ocupados":85.6},"geometry":{"type":"Polygon","coordinates":[[[-44.18162,-2.501884],[-44.181619,-2.501886],[-44.181495,-2.502861],[-44.181331,-2.503851],[-44.181215,-2.50484],[-44.180687,-2.504757],[-44.180042,-2.50467],[-44.178854,-2.504512],[-44.178676,-2.504498],[-44.178712,-2.504233],[-44.178824,-2.503485],[-44.178971,-2.502493],[-44.179,-2.502233],[-44.179097,-2.501516],[-44.18162,-2.501884]]]}},{"type":"Feature","properties":{"cd_setor":"211120110000522","situacao":"Urbana","bairro":"Parque Jair","zona":"ZEU","area_m2":63059.0,"area_ha":6.306,"fonte":"IBGE, Censo 2022 — malha e agregados por setor","pessoas":333.0,"domicilios":125.0,"dom_particulares":125.0,"dom_coletivos":0.0,"moradores_por_dom":3.1,"pct_imputados":0.0093,"dom_ocupados":107.0,"dom_uso_ocasional":1.0,"dom_vagos":17.0,"dens_hab_ha":52.81,"dens_dom_ha":19.82,"pct_vagos":13.6,"pct_uso_ocasional":0.8,"pct_ocupados":85.6},"geometry":{"type":"Polygon","coordinates":[[[-44.179097,-2.501516],[-44.179108,-2.501438],[-44.179233,-2.500542],[-44.179253,-2.500439],[-44.179332,-2.499757],[-44.179367,-2.499491],[-44.179509,-2.499531],[-44.180117,-2.499637],[-44.181901,-2.499907],[-44.181896,-2.499943],[-44.181761,-2.500885],[-44.181759,-2.500898],[-44.1817,-2.501365],[-44.18162,-2.501884],[-44.179097,-2.501516]]]}},{"type":"Feature","properties":{"cd_setor":"211120110000523","situacao":"Urbana","bairro":"Parque Jair","zona":"ZEU","area_m2":143560.6,"area_ha":14.356,"fonte":"IBGE, Censo 2022 — malha e agregados por setor","pessoas":500.0,"domicilios":202.0,"dom_particulares":202.0,"dom_coletivos":0.0,"moradores_por_dom":3.0,"pct_imputados":0.1212,"dom_ocupados":165.0,"dom_uso_ocasional":4.0,"dom_vagos":33.0,"dens_hab_ha":34.83,"dens_dom_ha":14.07,"pct_vagos":16.3,"pct_uso_ocasional":2.0,"pct_ocupados":81.7},"geometry":{"type":"Polygon","coordinates":[[[-44.178284,-2.507475],[-44.178287,-2.507433],[-44.178407,-2.506502],[-44.178597,-2.505166],[-44.17861,-2.504976],[-44.178676,-2.504498],[-44.178854,-2.504512],[-44.180042,-2.50467],[-44.180687,-2.504757],[-44.181215,-2.50484],[-44.182529,-2.505038],[-44.182423,-2.506047],[-44.182184,-2.507018],[-44.182184,-2.507022],[-44.182012,-2.507943],[-44.181996,-2.508042],[-44.181982,-2.508031],[-44.180958,-2.507873],[-44.178284,-2.507475]]]}},{"type":"Feature","properties":{"cd_setor":"211120110000524","situacao":"Urbana","bairro":"Parque Jair","zona":"ZEU","area_m2":94344.9,"area_ha":9.434,"fonte":"IBGE, Censo 2022 — malha e agregados por setor","pessoas":408.0,"domicilios":174.0,"dom_particulares":174.0,"dom_coletivos":0.0,"moradores_por_dom":2.7,"pct_imputados":0.0,"dom_ocupados":150.0,"dom_uso_ocasional":3.0,"dom_vagos":21.0,"dens_hab_ha":43.25,"dens_dom_ha":18.44,"pct_vagos":12.1,"pct_uso_ocasional":1.7,"pct_ocupados":86.2},"geometry":{"type":"Polygon","coordinates":[[[-44.181996,-2.508042],[-44.181996,-2.508043],[-44.181858,-2.509014],[-44.181743,-2.509918],[-44.181605,-2.510826],[-44.180548,-2.510676],[-44.180406,-2.51064],[-44.180531,-2.509815],[-44.179968,-2.509726],[-44.178756,-2.509534],[-44.178772,-2.509357],[-44.178901,-2.508561],[-44.178278,-2.508467],[-44.178244,-2.508449],[-44.178226,-2.508426],[-44.178217,-2.508359],[-44.178262,-2.507834],[-44.178284,-2.507475],[-44.180958,-2.507873],[-44.181982,-2.508031],[-44.181996,-2.508042]]]}},{"type":"Feature","properties":{"cd_setor":"211120110000525","situacao":"Urbana","bairro":"Parque Jair","zona":"ZEU","area_m2":73343.9,"area_ha":7.334,"fonte":"IBGE, Censo 2022 — malha e agregados por setor","pessoas":359.0,"domicilios":150.0,"dom_particulares":150.0,"dom_coletivos":0.0,"moradores_por_dom":3.1,"pct_imputados":0.0513,"dom_ocupados":117.0,"dom_uso_ocasional":2.0,"dom_vagos":31.0,"dens_hab_ha":48.95,"dens_dom_ha":20.45,"pct_vagos":20.7,"pct_uso_ocasional":1.3,"pct_ocupados":78.0},"geometry":{"type":"Polygon","coordinates":[[[-44.183387,-2.502148],[-44.183984,-2.502231],[-44.184327,-2.502277],[-44.184337,-2.502179],[-44.185314,-2.502286],[-44.185308,-2.502339],[-44.185144,-2.504538],[-44.185135,-2.504594],[-44.185004,-2.50523],[-44.183934,-2.505077],[-44.183889,-2.505259],[-44.183238,-2.505154],[-44.182996,-2.505116],[-44.183125,-2.504],[-44.183387,-2.502148]]]}},{"type":"Feature","properties":{"cd_setor":"211120110000526","situacao":"Urbana","bairro":"Parque Jair","zona":"ZEU","area_m2":65629.8,"area_ha":6.563,"fonte":"IBGE, Censo 2022 — malha e agregados por setor","pessoas":359.0,"domicilios":130.0,"dom_particulares":130.0,"dom_coletivos":0.0,"moradores_por_dom":3.3,"pct_imputados":0.0727,"dom_ocupados":110.0,"dom_uso_ocasional":4.0,"dom_vagos":16.0,"dens_hab_ha":54.7,"dens_dom_ha":19.81,"pct_vagos":12.3,"pct_uso_ocasional":3.1,"pct_ocupados":84.6},"geometry":{"type":"Polygon","coordinates":[[[-44.182996,-2.505116],[-44.182784,-2.505083],[-44.182529,-2.505038],[-44.181215,-2.50484],[-44.181331,-2.503851],[-44.181495,-2.502861],[-44.181619,-2.501886],[-44.18162,-2.501884],[-44.182781,-2.502063],[-44.183387,-2.502148],[-44.183125,-2.504],[-44.182996,-2.505116]]]}},{"type":"Feature","properties":{"cd_setor":"211120110000527","situacao":"Urbana","bairro":"Alto Turu","zona":"ZEU","area_m2":118870.4,"area_ha":11.887,"fonte":"IBGE, Censo 2022 — malha e agregados por setor","pessoas":722.0,"domicilios":264.0,"dom_particulares":264.0,"dom_coletivos":0.0,"moradores_por_dom":3.2,"pct_imputados":0.0,"dom_ocupados":225.0,"dom_uso_ocasional":0.0,"dom_vagos":39.0,"dens_hab_ha":60.74,"dens_dom_ha":22.21,"pct_vagos":14.8,"pct_uso_ocasional":0.0,"pct_ocupados":85.2},"geometry":{"type":"Polygon","coordinates":[[[-44.195951,-2.50888],[-44.195827,-2.509501],[-44.195706,-2.510102],[-44.195703,-2.51012],[-44.19559,-2.510683],[-44.195578,-2.510736],[-44.195454,-2.511284],[-44.195315,-2.511981],[-44.195205,-2.512537],[-44.195019,-2.512514],[-44.19268,-2.512038],[-44.192808,-2.511445],[-44.192813,-2.511421],[-44.19294,-2.510816],[-44.193019,-2.510327],[-44.19304,-2.510171],[-44.193309,-2.508967],[-44.193417,-2.508354],[-44.195951,-2.50888]]]}},{"type":"Feature","properties":{"cd_setor":"211120110000528","situacao":"Urbana","bairro":"Alto Turu","zona":"ZEU","area_m2":116871.2,"area_ha":11.687,"fonte":"IBGE, Censo 2022 — malha e agregados por setor","pessoas":560.0,"domicilios":202.0,"dom_particulares":202.0,"dom_coletivos":0.0,"moradores_por_dom":3.1,"pct_imputados":0.0169,"dom_ocupados":178.0,"dom_uso_ocasional":0.0,"dom_vagos":24.0,"dens_hab_ha":47.92,"dens_dom_ha":17.28,"pct_vagos":11.9,"pct_uso_ocasional":0.0,"pct_ocupados":88.1},"geometry":{"type":"Polygon","coordinates":[[[-44.193417,-2.508354],[-44.19342,-2.508336],[-44.193541,-2.50774],[-44.193546,-2.507711],[-44.193667,-2.507077],[-44.193801,-2.506447],[-44.19391,-2.505828],[-44.194042,-2.505235],[-44.194051,-2.505195],[-44.194164,-2.504571],[-44.19423,-2.504354],[-44.195186,-2.50492],[-44.195201,-2.504928],[-44.196078,-2.505413],[-44.196605,-2.505537],[-44.196563,-2.505756],[-44.196325,-2.506987],[-44.1962,-2.507639],[-44.196079,-2.508241],[-44.196078,-2.508248],[-44.195954,-2.508867],[-44.195951,-2.50888],[-44.193417,-2.508354]]]}},{"type":"Feature","properties":{"cd_setor":"211120110000529","situacao":"Urbana","bairro":"Parque Vitória","zona":"ZEU","area_m2":48867.9,"area_ha":4.887,"fonte":"IBGE, Censo 2022 — malha e agregados por setor","pessoas":327.0,"domicilios":152.0,"dom_particulares":152.0,"dom_coletivos":0.0,"moradores_por_dom":2.8,"pct_imputados":0.0684,"dom_ocupados":117.0,"dom_uso_ocasional":4.0,"dom_vagos":31.0,"dens_hab_ha":66.92,"dens_dom_ha":31.1,"pct_vagos":20.4,"pct_uso_ocasional":2.6,"pct_ocupados":77.0},"geometry":{"type":"Polygon","coordinates":[[[-44.204858,-2.515919],[-44.206441,-2.516283],[-44.206307,-2.5169],[-44.206172,-2.517533],[-44.205985,-2.517491],[-44.205859,-2.517458],[-44.205786,-2.517439],[-44.205702,-2.517421],[-44.205669,-2.517412],[-44.205642,-2.517405],[-44.204624,-2.51718],[-44.204503,-2.517154],[-44.20413,-2.517071],[-44.20389,-2.517018],[-44.203757,-2.51699],[-44.203542,-2.516945],[-44.203168,-2.516868],[-44.203194,-2.516594],[-44.203257,-2.51626],[-44.203289,-2.516064],[-44.203401,-2.515613],[-44.204858,-2.515919]]]}},{"type":"Feature","properties":{"cd_setor":"211120110000530","situacao":"Urbana","bairro":"Parque Vitória","zona":"ZEU","area_m2":40314.9,"area_ha":4.031,"fonte":"IBGE, Censo 2022 — malha e agregados por setor","pessoas":231.0,"domicilios":112.0,"dom_particulares":112.0,"dom_coletivos":0.0,"moradores_por_dom":2.6,"pct_imputados":0.0227,"dom_ocupados":88.0,"dom_uso_ocasional":0.0,"dom_vagos":24.0,"dens_hab_ha":57.3,"dens_dom_ha":27.78,"pct_vagos":21.4,"pct_uso_ocasional":0.0,"pct_ocupados":78.6},"geometry":{"type":"Polygon","coordinates":[[[-44.203289,-2.516064],[-44.20315,-2.516034],[-44.202943,-2.515989],[-44.202502,-2.515889],[-44.202686,-2.515064],[-44.202817,-2.514433],[-44.202838,-2.514334],[-44.202858,-2.514235],[-44.202869,-2.514237],[-44.20289,-2.514254],[-44.203618,-2.514393],[-44.203656,-2.514382],[-44.203689,-2.514371],[-44.205105,-2.514681],[-44.205139,-2.514686],[-44.204995,-2.515311],[-44.204858,-2.515919],[-44.203401,-2.515613],[-44.203289,-2.516064]]]}},{"type":"Feature","properties":{"cd_setor":"211120110000531","situacao":"Urbana","bairro":"Parque Vitória","zona":"ZEU","area_m2":28605.7,"area_ha":2.861,"fonte":"IBGE, Censo 2022 — malha e agregados por setor","pessoas":372.0,"domicilios":137.0,"dom_particulares":137.0,"dom_coletivos":0.0,"moradores_por_dom":3.3,"pct_imputados":0.0,"dom_ocupados":112.0,"dom_uso_ocasional":2.0,"dom_vagos":23.0,"dens_hab_ha":130.04,"dens_dom_ha":47.89,"pct_vagos":16.8,"pct_uso_ocasional":1.5,"pct_ocupados":81.8},"geometry":{"type":"Polygon","coordinates":[[[-44.203587,-2.51956],[-44.204078,-2.519531],[-44.204606,-2.519454],[-44.204792,-2.519438],[-44.204902,-2.519406],[-44.204947,-2.519644],[-44.204979,-2.520057],[-44.205032,-2.521045],[-44.205023,-2.521117],[-44.204582,-2.521215],[-44.204496,-2.521232],[-44.203857,-2.521259],[-44.203692,-2.521263],[-44.203603,-2.519728],[-44.203587,-2.51956]]]}},{"type":"Feature","properties":{"cd_setor":"211120110000532","situacao":"Urbana","bairro":"Parque Vitória","zona":"ZEU","area_m2":25456.3,"area_ha":2.546,"fonte":"IBGE, Censo 2022 — malha e agregados por setor","pessoas":371.0,"domicilios":133.0,"dom_particulares":133.0,"dom_coletivos":0.0,"moradores_por_dom":3.3,"pct_imputados":0.0088,"dom_ocupados":113.0,"dom_uso_ocasional":1.0,"dom_vagos":19.0,"dens_hab_ha":145.74,"dens_dom_ha":52.25,"pct_vagos":14.3,"pct_uso_ocasional":0.8,"pct_ocupados":85.0},"geometry":{"type":"Polygon","coordinates":[[[-44.203692,-2.521263],[-44.203652,-2.521264],[-44.20343,-2.521285],[-44.203381,-2.521331],[-44.20329,-2.52129],[-44.202965,-2.52129],[-44.20289,-2.521291],[-44.202477,-2.521301],[-44.202374,-2.51963],[-44.202605,-2.519608],[-44.202714,-2.519611],[-44.203587,-2.51956],[-44.203603,-2.519728],[-44.203692,-2.521263]]]}},{"type":"Feature","properties":{"cd_setor":"211120110000533","situacao":"Urbana","bairro":"Araçagy","zona":"ZDU - A","area_m2":677903.9,"area_ha":67.79,"fonte":"IBGE, Censo 2022 — malha e agregados por setor","pessoas":210.0,"domicilios":157.0,"dom_particulares":157.0,"dom_coletivos":0.0,"moradores_por_dom":2.6,"pct_imputados":0.2346,"dom_ocupados":81.0,"dom_uso_ocasional":55.0,"dom_vagos":21.0,"dens_hab_ha":3.1,"dens_dom_ha":2.32,"pct_vagos":13.4,"pct_uso_ocasional":35.0,"pct_ocupados":51.6},"geometry":{"type":"Polygon","coordinates":[[[-44.209597,-2.469358],[-44.210516,-2.4697],[-44.211998,-2.470139],[-44.213622,-2.470612],[-44.214007,-2.470736],[-44.214294,-2.470812],[-44.214568,-2.470843],[-44.214988,-2.470915],[-44.215324,-2.470951],[-44.215899,-2.470961],[-44.21662,-2.470971],[-44.217222,-2.471013],[-44.217713,-2.47113],[-44.217986,-2.471242],[-44.218405,-2.471454],[-44.218809,-2.471743],[-44.21942,-2.472381],[-44.220086,-2.473039],[-44.220707,-2.473732],[-44.22085,-2.473928],[-44.218951,-2.474323],[-44.218934,-2.474305],[-44.218835,-2.47431],[-44.218709,-2.474379],[-44.218343,-2.474392],[-44.218136,-2.474305],[-44.217963,-2.474175],[-44.217666,-2.474088],[-44.217385,-2.473957],[-44.217165,-2.473918],[-44.217079,-2.473875],[-44.216906,-2.473786],[-44.216778,-2.473771],[-44.216684,-2.473768],[-44.216513,-2.473783],[-44.216173,-2.473848],[-44.216014,-2.47385],[-44.215897,-2.473823],[-44.21579,-2.473778],[-44.21566,-2.473725],[-44.21555,-2.473695],[-44.215466,-2.473667],[-44.215367,-2.473623],[-44.215247,-2.473563],[-44.215091,-2.473513],[-44.215008,-2.473492],[-44.214888,-2.473455],[-44.214781,-2.473415],[-44.214727,-2.473383],[-44.214662,-2.473332],[-44.21462,-2.473301],[-44.214582,-2.473287],[-44.21453,-2.473303],[-44.214487,-2.473332],[-44.214426,-2.473379],[-44.2144,-2.473444],[-44.214374,-2.473538],[-44.214362,-2.473586],[-44.214356,-2.473653],[-44.214355,-2.473703],[-44.214363,-2.47376],[-44.21439,-2.473928],[-44.2144,-2.474011],[-44.214405,-2.474064],[-44.214435,-2.474139],[-44.214494,-2.474271],[-44.214521,-2.474373],[-44.21453,-2.47449],[-44.214513,-2.474538],[-44.214472,-2.474604],[-44.214391,-2.474723],[-44.214162,-2.474849],[-44.213894,-2.474875],[-44.213782,-2.474832],[-44.213661,-2.47461],[-44.213571,-2.474532],[-44.213353,-2.474616],[-44.213295,-2.474667],[-44.213178,-2.47471],[-44.213053,-2.474684],[-44.212963,-2.474528],[-44.212848,-2.474422],[-44.212638,-2.474404],[-44.212492,-2.474456],[-44.212354,-2.474461],[-44.212186,-2.474528],[-44.212163,-2.474555],[-44.212159,-2.474584],[-44.212153,-2.47462],[-44.212157,-2.474675],[-44.212188,-2.474748],[-44.212204,-2.474784],[-44.212203,-2.474816],[-44.212193,-2.474854],[-44.212179,-2.474881],[-44.212176,-2.474911],[-44.212191,-2.474957],[-44.212226,-2.475007],[-44.21228,-2.47507],[-44.212302,-2.475104],[-44.212312,-2.475115],[-44.212313,-2.475133],[-44.212277,-2.475146],[-44.212236,-2.475143],[-44.212197,-2.475212],[-44.212127,-2.475422],[-44.212074,-2.475545],[-44.212023,-2.475621],[-44.21187,-2.475824],[-44.211779,-2.475953],[-44.211724,-2.476018],[-44.2117,-2.476088],[-44.211707,-2.476193],[-44.211723,-2.476371],[-44.211709,-2.476409],[-44.211681,-2.476434],[-44.211562,-2.476472],[-44.211439,-2.476554],[-44.211332,-2.476615],[-44.211192,-2.476648],[-44.21113,-2.4767],[-44.211107,-2.476741],[-44.211104,-2.476746],[-44.211097,-2.476759],[-44.211,-2.476837],[-44.210956,-2.476887],[-44.210951,-2.476958],[-44.210951,-2.476963],[-44.211,-2.477082],[-44.211003,-2.477093],[-44.211008,-2.477106],[-44.211013,-2.477118],[-44.211021,-2.477199],[-44.211024,-2.477229],[-44.211021,-2.477305],[-44.211021,-2.47731],[-44.211021,-2.477373],[-44.211021,-2.477389],[-44.211023,-2.477414],[-44.211024,-2.477442],[-44.211031,-2.477472],[-44.211039,-2.477499],[-44.211041,-2.477537],[-44.211015,-2.47764],[-44.211013,-2.477767],[-44.210993,-2.477849],[-44.210958,-2.477992],[-44.21092,-2.47805],[-44.210868,-2.47813],[-44.210809,-2.478292],[-44.210764,-2.47836],[-44.210559,-2.478341],[-44.210208,-2.478125],[-44.209934,-2.477968],[-44.20958,-2.477816],[-44.209265,-2.477705],[-44.208638,-2.477531],[-44.20828,-2.477479],[-44.207838,-2.477426],[-44.20701,-2.477389],[-44.20708,-2.477128],[-44.207421,-2.475982],[-44.208263,-2.472993],[-44.208337,-2.472773],[-44.208587,-2.471757],[-44.208906,-2.470963],[-44.209597,-2.469358]]]}},{"type":"Feature","properties":{"cd_setor":"211120110000534","situacao":"Urbana","bairro":"Araçagy","zona":"ZDU - A","area_m2":569725.4,"area_ha":56.973,"fonte":"IBGE, Censo 2022 — malha e agregados por setor","pessoas":300.0,"domicilios":135.0,"dom_particulares":135.0,"dom_coletivos":0.0,"moradores_por_dom":3.0,"pct_imputados":0.1717,"dom_ocupados":99.0,"dom_uso_ocasional":11.0,"dom_vagos":25.0,"dens_hab_ha":5.27,"dens_dom_ha":2.37,"pct_vagos":18.5,"pct_uso_ocasional":8.1,"pct_ocupados":73.3},"geometry":{"type":"Polygon","coordinates":[[[-44.20701,-2.477389],[-44.20695,-2.477386],[-44.206525,-2.477371],[-44.205485,-2.477332],[-44.20512,-2.477317],[-44.204647,-2.477317],[-44.204043,-2.477275],[-44.203036,-2.477251],[-44.202726,-2.477245],[-44.202815,-2.473918],[-44.202836,-2.473288],[-44.202875,-2.472666],[-44.20289,-2.472427],[-44.202952,-2.472224],[-44.203066,-2.471877],[-44.203611,-2.470356],[-44.203803,-2.469855],[-44.203921,-2.469531],[-44.204023,-2.469321],[-44.204191,-2.469041],[-44.204459,-2.468672],[-44.205421,-2.467284],[-44.205567,-2.467428],[-44.205708,-2.467579],[-44.20594,-2.467794],[-44.206459,-2.468027],[-44.206468,-2.468031],[-44.207116,-2.468341],[-44.208159,-2.468768],[-44.209495,-2.46932],[-44.209597,-2.469358],[-44.208906,-2.470963],[-44.208587,-2.471757],[-44.208337,-2.472773],[-44.208263,-2.472993],[-44.207421,-2.475982],[-44.20708,-2.477128],[-44.20701,-2.477389]]]}},{"type":"Feature","properties":{"cd_setor":"211120110000535","situacao":"Urbana","bairro":"Araçagy","zona":"ZDU - A","area_m2":441315.1,"area_ha":44.132,"fonte":"IBGE, Censo 2022 — malha e agregados por setor","pessoas":468.0,"domicilios":175.0,"dom_particulares":175.0,"dom_coletivos":0.0,"moradores_por_dom":3.1,"pct_imputados":0.0523,"dom_ocupados":153.0,"dom_uso_ocasional":3.0,"dom_vagos":19.0,"dens_hab_ha":10.6,"dens_dom_ha":3.97,"pct_vagos":10.9,"pct_uso_ocasional":1.7,"pct_ocupados":87.4},"geometry":{"type":"Polygon","coordinates":[[[-44.201601,-2.48147],[-44.201621,-2.480524],[-44.201624,-2.480375],[-44.201724,-2.477385],[-44.201694,-2.477237],[-44.201902,-2.477231],[-44.202306,-2.477237],[-44.202726,-2.477245],[-44.203036,-2.477251],[-44.204043,-2.477275],[-44.204647,-2.477317],[-44.20512,-2.477317],[-44.205485,-2.477332],[-44.206525,-2.477371],[-44.20695,-2.477386],[-44.20701,-2.477389],[-44.207838,-2.477426],[-44.20828,-2.477479],[-44.208638,-2.477531],[-44.209265,-2.477705],[-44.20958,-2.477816],[-44.209934,-2.477968],[-44.210208,-2.478125],[-44.210559,-2.478341],[-44.210764,-2.47836],[-44.210672,-2.478415],[-44.210581,-2.478576],[-44.210535,-2.478747],[-44.210434,-2.478871],[-44.210248,-2.478992],[-44.21024,-2.479081],[-44.210097,-2.479116],[-44.209992,-2.47904],[-44.209972,-2.479033],[-44.20989,-2.47927],[-44.209605,-2.47961],[-44.209452,-2.479682],[-44.209307,-2.479892],[-44.209322,-2.479972],[-44.209386,-2.480054],[-44.209413,-2.480126],[-44.209223,-2.480309],[-44.209132,-2.480473],[-44.20908,-2.480653],[-44.209007,-2.480831],[-44.208854,-2.481027],[-44.208579,-2.481128],[-44.208521,-2.48138],[-44.20844,-2.481483],[-44.20843,-2.481495],[-44.208199,-2.481676],[-44.208184,-2.481688],[-44.208126,-2.481692],[-44.207833,-2.481959],[-44.207733,-2.482104],[-44.207621,-2.482302],[-44.207552,-2.482373],[-44.207526,-2.482382],[-44.207397,-2.482427],[-44.207222,-2.482475],[-44.207121,-2.482574],[-44.205651,-2.48224],[-44.204225,-2.481871],[-44.204157,-2.482021],[-44.20379,-2.481779],[-44.203539,-2.481585],[-44.202908,-2.481517],[-44.202277,-2.481485],[-44.201955,-2.481484],[-44.201601,-2.48147]]]}},{"type":"Feature","properties":{"cd_setor":"211120110000536","situacao":"Urbana","bairro":"Araçagy","zona":"ZDU - A","area_m2":284261.1,"area_ha":28.426,"fonte":"IBGE, Censo 2022 — malha e agregados por setor","pessoas":490.0,"domicilios":187.0,"dom_particulares":187.0,"dom_coletivos":0.0,"moradores_por_dom":3.2,"pct_imputados":0.0455,"dom_ocupados":154.0,"dom_uso_ocasional":3.0,"dom_vagos":30.0,"dens_hab_ha":17.24,"dens_dom_ha":6.58,"pct_vagos":16.0,"pct_uso_ocasional":1.6,"pct_ocupados":82.4},"geometry":{"type":"Polygon","coordinates":[[[-44.207121,-2.482574],[-44.207029,-2.482665],[-44.206896,-2.482789],[-44.20665,-2.482887],[-44.206492,-2.483023],[-44.206485,-2.483032],[-44.20646,-2.483065],[-44.206442,-2.483075],[-44.206186,-2.483218],[-44.205972,-2.483414],[-44.205795,-2.483612],[-44.205614,-2.483797],[-44.205557,-2.48403],[-44.205476,-2.484288],[-44.20519,-2.484882],[-44.204983,-2.485233],[-44.205039,-2.485567],[-44.20503,-2.485833],[-44.204935,-2.485941],[-44.20497,-2.486284],[-44.205034,-2.486336],[-44.205021,-2.486409],[-44.204998,-2.486463],[-44.204982,-2.4865],[-44.205012,-2.4866],[-44.205094,-2.486752],[-44.205129,-2.487021],[-44.205103,-2.487312],[-44.205011,-2.487523],[-44.205008,-2.487529],[-44.205007,-2.487558],[-44.205003,-2.487781],[-44.20515,-2.488041],[-44.205145,-2.488297],[-44.205242,-2.488434],[-44.205244,-2.488436],[-44.205247,-2.488437],[-44.205252,-2.488439],[-44.205413,-2.488505],[-44.205574,-2.48857],[-44.20565,-2.488612],[-44.205687,-2.488633],[-44.205723,-2.488653],[-44.20581,-2.488744],[-44.205896,-2.488836],[-44.205349,-2.488679],[-44.204306,-2.48807],[-44.203282,-2.488322],[-44.202976,-2.488309],[-44.20278,-2.488412],[-44.202066,-2.488349],[-44.202075,-2.487701],[-44.202101,-2.486568],[-44.202102,-2.486564],[-44.202106,-2.486384],[-44.202115,-2.485996],[-44.202121,-2.485708],[-44.202122,-2.48566],[-44.202127,-2.485446],[-44.202127,-2.485439],[-44.202127,-2.485428],[-44.202127,-2.485417],[-44.202177,-2.483772],[-44.201469,-2.48371],[-44.201578,-2.48259],[-44.201601,-2.48147],[-44.201955,-2.481484],[-44.202277,-2.481485],[-44.202908,-2.481517],[-44.203539,-2.481585],[-44.20379,-2.481779],[-44.204157,-2.482021],[-44.204225,-2.481871],[-44.205651,-2.48224],[-44.207121,-2.482574]]]}},{"type":"Feature","properties":{"cd_setor":"211120110000537","situacao":"Urbana","bairro":"Araçagy","zona":"ZDU - A","area_m2":114495.5,"area_ha":11.45,"fonte":"IBGE, Censo 2022 — malha e agregados por setor","pessoas":476.0,"domicilios":224.0,"dom_particulares":224.0,"dom_coletivos":0.0,"moradores_por_dom":2.8,"pct_imputados":0.0116,"dom_ocupados":172.0,"dom_uso_ocasional":6.0,"dom_vagos":46.0,"dens_hab_ha":41.57,"dens_dom_ha":19.56,"pct_vagos":20.5,"pct_uso_ocasional":2.7,"pct_ocupados":76.8},"geometry":{"type":"Polygon","coordinates":[[[-44.198682,-2.481317],[-44.198671,-2.480931],[-44.199049,-2.480915],[-44.199089,-2.479847],[-44.199736,-2.479855],[-44.199731,-2.480452],[-44.200333,-2.480462],[-44.20034,-2.480185],[-44.200968,-2.480204],[-44.20096,-2.480498],[-44.201621,-2.480524],[-44.201601,-2.48147],[-44.201578,-2.48259],[-44.201469,-2.48371],[-44.200917,-2.483662],[-44.200275,-2.4836],[-44.199949,-2.483569],[-44.199638,-2.483537],[-44.199182,-2.483553],[-44.199115,-2.483573],[-44.198895,-2.483451],[-44.198689,-2.483388],[-44.198741,-2.481738],[-44.198814,-2.481738],[-44.198802,-2.481343],[-44.198682,-2.481317]]]}},{"type":"Feature","properties":{"cd_setor":"211120110000538","situacao":"Urbana","bairro":"Araçagy","zona":"ZDU - A","area_m2":60282.4,"area_ha":6.028,"fonte":"IBGE, Censo 2022 — malha e agregados por setor","pessoas":193.0,"domicilios":98.0,"dom_particulares":98.0,"dom_coletivos":0.0,"moradores_por_dom":2.8,"pct_imputados":0.0441,"dom_ocupados":68.0,"dom_uso_ocasional":0.0,"dom_vagos":30.0,"dens_hab_ha":32.02,"dens_dom_ha":16.26,"pct_vagos":30.6,"pct_uso_ocasional":0.0,"pct_ocupados":69.4},"geometry":{"type":"Polygon","coordinates":[[[-44.199115,-2.483573],[-44.199061,-2.483684],[-44.198983,-2.484785],[-44.198961,-2.485771],[-44.198651,-2.485753],[-44.198607,-2.486057],[-44.198573,-2.486371],[-44.198358,-2.486359],[-44.197973,-2.486356],[-44.197959,-2.486348],[-44.197759,-2.486342],[-44.197571,-2.486138],[-44.197614,-2.486004],[-44.197706,-2.4858],[-44.19785,-2.485709],[-44.198186,-2.485707],[-44.198352,-2.483903],[-44.197463,-2.483849],[-44.197469,-2.483087],[-44.197724,-2.483104],[-44.197702,-2.481307],[-44.198682,-2.481317],[-44.198802,-2.481343],[-44.198814,-2.481738],[-44.198741,-2.481738],[-44.198689,-2.483388],[-44.198895,-2.483451],[-44.199115,-2.483573]]]}},{"type":"Feature","properties":{"cd_setor":"211120110000539","situacao":"Urbana","bairro":"Araçagy","zona":"ZDU - A","area_m2":119397.4,"area_ha":11.94,"fonte":"IBGE, Censo 2022 — malha e agregados por setor","pessoas":702.0,"domicilios":274.0,"dom_particulares":274.0,"dom_coletivos":0.0,"moradores_por_dom":3.4,"pct_imputados":0.0098,"dom_ocupados":204.0,"dom_uso_ocasional":12.0,"dom_vagos":58.0,"dens_hab_ha":58.8,"dens_dom_ha":22.95,"pct_vagos":21.2,"pct_uso_ocasional":4.4,"pct_ocupados":74.5},"geometry":{"type":"Polygon","coordinates":[[[-44.208091,-2.487255],[-44.208506,-2.487334],[-44.209342,-2.487499],[-44.210557,-2.48773],[-44.210952,-2.487807],[-44.210916,-2.488001],[-44.210834,-2.488448],[-44.210809,-2.488599],[-44.210744,-2.488894],[-44.210705,-2.489131],[-44.210657,-2.489352],[-44.210634,-2.489483],[-44.210609,-2.489635],[-44.210582,-2.489765],[-44.210561,-2.489917],[-44.210531,-2.490119],[-44.210524,-2.490161],[-44.210507,-2.49025],[-44.210493,-2.490291],[-44.210477,-2.490334],[-44.210459,-2.490365],[-44.210443,-2.49039],[-44.210436,-2.490408],[-44.210432,-2.49043],[-44.210422,-2.490524],[-44.210409,-2.490648],[-44.210408,-2.490652],[-44.210403,-2.490811],[-44.210399,-2.490899],[-44.210384,-2.491052],[-44.210355,-2.491251],[-44.210114,-2.491209],[-44.209881,-2.491154],[-44.209631,-2.491081],[-44.209403,-2.491031],[-44.209301,-2.491005],[-44.209207,-2.490965],[-44.209145,-2.490924],[-44.20897,-2.490823],[-44.20883,-2.49073],[-44.208797,-2.490706],[-44.208777,-2.490694],[-44.208657,-2.49063],[-44.208578,-2.490597],[-44.208479,-2.490551],[-44.208293,-2.490464],[-44.208211,-2.490441],[-44.208169,-2.490433],[-44.208115,-2.490428],[-44.208059,-2.490432],[-44.207991,-2.490454],[-44.207939,-2.490474],[-44.207875,-2.490499],[-44.207814,-2.490509],[-44.207757,-2.490519],[-44.207681,-2.490519],[-44.207607,-2.490515],[-44.207532,-2.490499],[-44.207439,-2.49047],[-44.207552,-2.490045],[-44.207678,-2.489471],[-44.207762,-2.489127],[-44.207867,-2.488478],[-44.208091,-2.487255]]]}},{"type":"Feature","properties":{"cd_setor":"211120110000540","situacao":"Urbana","bairro":"Araçagy","zona":"ZDU - A","area_m2":85557.3,"area_ha":8.556,"fonte":"IBGE, Censo 2022 — malha e agregados por setor","pessoas":221.0,"domicilios":109.0,"dom_particulares":109.0,"dom_coletivos":0.0,"moradores_por_dom":3.0,"pct_imputados":0.0274,"dom_ocupados":73.0,"dom_uso_ocasional":10.0,"dom_vagos":26.0,"dens_hab_ha":25.83,"dens_dom_ha":12.74,"pct_vagos":23.9,"pct_uso_ocasional":9.2,"pct_ocupados":67.0},"geometry":{"type":"Polygon","coordinates":[[[-44.207439,-2.49047],[-44.20739,-2.490454],[-44.207305,-2.490419],[-44.207134,-2.490363],[-44.206734,-2.490247],[-44.206808,-2.489802],[-44.206895,-2.489392],[-44.206518,-2.489279],[-44.206129,-2.488979],[-44.206057,-2.488935],[-44.205896,-2.488836],[-44.20581,-2.488744],[-44.205723,-2.488653],[-44.205687,-2.488633],[-44.20565,-2.488612],[-44.205574,-2.48857],[-44.205413,-2.488505],[-44.205252,-2.488439],[-44.205247,-2.488437],[-44.205244,-2.488436],[-44.205242,-2.488434],[-44.205145,-2.488297],[-44.20515,-2.488041],[-44.205003,-2.487781],[-44.205007,-2.487558],[-44.205008,-2.487529],[-44.205011,-2.487523],[-44.205103,-2.487312],[-44.205129,-2.487021],[-44.205094,-2.486752],[-44.205012,-2.4866],[-44.204982,-2.4865],[-44.204998,-2.486463],[-44.204999,-2.486464],[-44.206462,-2.486789],[-44.206427,-2.486931],[-44.20685,-2.487021],[-44.206864,-2.487024],[-44.207285,-2.487104],[-44.208091,-2.487255],[-44.207867,-2.488478],[-44.207762,-2.489127],[-44.207678,-2.489471],[-44.207552,-2.490045],[-44.207439,-2.49047]]]}},{"type":"Feature","properties":{"cd_setor":"211120110000541","situacao":"Urbana","bairro":"Vila Alonso Costa","zona":"ZDU - A","area_m2":59481.4,"area_ha":5.948,"fonte":"IBGE, Censo 2022 — malha e agregados por setor","pessoas":474.0,"domicilios":196.0,"dom_particulares":196.0,"dom_coletivos":0.0,"moradores_por_dom":3.1,"pct_imputados":0.0455,"dom_ocupados":154.0,"dom_uso_ocasional":2.0,"dom_vagos":40.0,"dens_hab_ha":79.69,"dens_dom_ha":32.95,"pct_vagos":20.4,"pct_uso_ocasional":1.0,"pct_ocupados":78.6},"geometry":{"type":"Polygon","coordinates":[[[-44.199459,-2.491131],[-44.198302,-2.491087],[-44.198395,-2.489633],[-44.19844,-2.489049],[-44.198479,-2.488462],[-44.198487,-2.488336],[-44.198489,-2.488232],[-44.198495,-2.488077],[-44.198498,-2.487972],[-44.198504,-2.4877],[-44.199571,-2.487742],[-44.199584,-2.487617],[-44.200109,-2.48762],[-44.200238,-2.487621],[-44.200218,-2.48825],[-44.200155,-2.488884],[-44.200123,-2.489314],[-44.199525,-2.489313],[-44.199459,-2.491131]]]}},{"type":"Feature","properties":{"cd_setor":"211120110000542","situacao":"Urbana","bairro":"Vila Alonso Costa","zona":"ZDU - A","area_m2":48731.2,"area_ha":4.873,"fonte":"IBGE, Censo 2022 — malha e agregados por setor","pessoas":374.0,"domicilios":140.0,"dom_particulares":140.0,"dom_coletivos":0.0,"moradores_por_dom":3.1,"pct_imputados":0.0083,"dom_ocupados":120.0,"dom_uso_ocasional":3.0,"dom_vagos":17.0,"dens_hab_ha":76.75,"dens_dom_ha":28.73,"pct_vagos":12.1,"pct_uso_ocasional":2.1,"pct_ocupados":85.7},"geometry":{"type":"Polygon","coordinates":[[[-44.200218,-2.48825],[-44.201272,-2.488295],[-44.202066,-2.488349],[-44.202066,-2.488386],[-44.202067,-2.488718],[-44.202072,-2.488935],[-44.20206,-2.489419],[-44.201252,-2.489401],[-44.201239,-2.490018],[-44.200593,-2.489998],[-44.200159,-2.489967],[-44.200124,-2.491156],[-44.199459,-2.491131],[-44.199525,-2.489313],[-44.200123,-2.489314],[-44.200155,-2.488884],[-44.200218,-2.48825]]]}},{"type":"Feature","properties":{"cd_setor":"211120110000543","situacao":"Urbana","bairro":"Miritiua","zona":"ZDU - A","area_m2":78419.8,"area_ha":7.842,"fonte":"IBGE, Censo 2022 — malha e agregados por setor","pessoas":508.0,"domicilios":204.0,"dom_particulares":204.0,"dom_coletivos":0.0,"moradores_por_dom":3.2,"pct_imputados":0.0,"dom_ocupados":161.0,"dom_uso_ocasional":13.0,"dom_vagos":30.0,"dens_hab_ha":64.78,"dens_dom_ha":26.01,"pct_vagos":14.7,"pct_uso_ocasional":6.4,"pct_ocupados":78.9},"geometry":{"type":"Polygon","coordinates":[[[-44.200079,-2.491772],[-44.200191,-2.491775],[-44.201485,-2.491841],[-44.201514,-2.491842],[-44.202888,-2.491897],[-44.202863,-2.492708],[-44.202856,-2.492841],[-44.202865,-2.493038],[-44.202875,-2.493172],[-44.202875,-2.493262],[-44.202888,-2.49345],[-44.202891,-2.493551],[-44.202882,-2.493726],[-44.20287,-2.493924],[-44.202862,-2.494125],[-44.202861,-2.494134],[-44.201434,-2.494083],[-44.200023,-2.494039],[-44.200015,-2.493686],[-44.200042,-2.492637],[-44.200079,-2.491772]]]}},{"type":"Feature","properties":{"cd_setor":"211120110000544","situacao":"Urbana","bairro":"Miritiua","zona":"ZDU - A","area_m2":65483.8,"area_ha":6.548,"fonte":"IBGE, Censo 2022 — malha e agregados por setor","pessoas":427.0,"domicilios":161.0,"dom_particulares":161.0,"dom_coletivos":0.0,"moradores_por_dom":3.1,"pct_imputados":0.0,"dom_ocupados":137.0,"dom_uso_ocasional":7.0,"dom_vagos":17.0,"dens_hab_ha":65.21,"dens_dom_ha":24.59,"pct_vagos":10.6,"pct_uso_ocasional":4.3,"pct_ocupados":85.1},"geometry":{"type":"Polygon","coordinates":[[[-44.200023,-2.494039],[-44.200014,-2.494644],[-44.198073,-2.494559],[-44.198094,-2.494538],[-44.198105,-2.49451],[-44.198141,-2.493919],[-44.198222,-2.492176],[-44.198261,-2.491699],[-44.198903,-2.491728],[-44.19957,-2.49176],[-44.200079,-2.491772],[-44.200042,-2.492637],[-44.200015,-2.493686],[-44.200023,-2.494039]]]}},{"type":"Feature","properties":{"cd_setor":"211120110000545","situacao":"Urbana","bairro":"Araçagy","zona":"ZDU - A","area_m2":232105.5,"area_ha":23.211,"fonte":"IBGE, Censo 2022 — malha e agregados por setor","pessoas":554.0,"domicilios":218.0,"dom_particulares":218.0,"dom_coletivos":0.0,"moradores_por_dom":3.1,"pct_imputados":0.0455,"dom_ocupados":176.0,"dom_uso_ocasional":6.0,"dom_vagos":36.0,"dens_hab_ha":23.87,"dens_dom_ha":9.39,"pct_vagos":16.5,"pct_uso_ocasional":2.8,"pct_ocupados":80.7},"geometry":{"type":"Polygon","coordinates":[[[-44.185715,-2.480286],[-44.185804,-2.478624],[-44.185886,-2.477805],[-44.185939,-2.476892],[-44.186835,-2.476955],[-44.186944,-2.475413],[-44.187185,-2.475467],[-44.187291,-2.47549],[-44.188234,-2.47569],[-44.189593,-2.475963],[-44.190379,-2.476136],[-44.190288,-2.477285],[-44.190257,-2.477792],[-44.190227,-2.47819],[-44.19022,-2.478541],[-44.190135,-2.479184],[-44.190104,-2.479797],[-44.190024,-2.480433],[-44.18814,-2.480281],[-44.188003,-2.48033],[-44.187525,-2.480309],[-44.187203,-2.480265],[-44.187109,-2.480312],[-44.187091,-2.480311],[-44.185715,-2.480286]]]}},{"type":"Feature","properties":{"cd_setor":"211120110000546","situacao":"Urbana","bairro":"Araçagy","zona":"ZDU - A","area_m2":225583.2,"area_ha":22.558,"fonte":"IBGE, Censo 2022 — malha e agregados por setor","pessoas":176.0,"domicilios":94.0,"dom_particulares":94.0,"dom_coletivos":0.0,"moradores_por_dom":3.1,"pct_imputados":0.0,"dom_ocupados":57.0,"dom_uso_ocasional":13.0,"dom_vagos":24.0,"dens_hab_ha":7.8,"dens_dom_ha":4.17,"pct_vagos":25.5,"pct_uso_ocasional":13.8,"pct_ocupados":60.6},"geometry":{"type":"Polygon","coordinates":[[[-44.185715,-2.480286],[-44.185048,-2.480249],[-44.183993,-2.48016],[-44.183972,-2.480313],[-44.183953,-2.48039],[-44.183902,-2.48043],[-44.183811,-2.480428],[-44.183763,-2.480412],[-44.183645,-2.480338],[-44.183069,-2.479771],[-44.18304,-2.479765],[-44.183048,-2.479742],[-44.183036,-2.479715],[-44.182794,-2.479458],[-44.18267,-2.47932],[-44.182598,-2.479231],[-44.18258,-2.47919],[-44.182582,-2.47907],[-44.182608,-2.478563],[-44.182628,-2.478065],[-44.182649,-2.477736],[-44.182669,-2.477419],[-44.182684,-2.477097],[-44.182719,-2.476532],[-44.182722,-2.476464],[-44.182731,-2.476259],[-44.182744,-2.476054],[-44.182762,-2.475825],[-44.182764,-2.475745],[-44.182764,-2.475667],[-44.182775,-2.475475],[-44.182804,-2.475158],[-44.182823,-2.474965],[-44.18284,-2.474794],[-44.182862,-2.474566],[-44.18298,-2.47452],[-44.183347,-2.474613],[-44.184331,-2.474838],[-44.186035,-2.475208],[-44.186944,-2.475413],[-44.186835,-2.476955],[-44.185939,-2.476892],[-44.185886,-2.477805],[-44.185804,-2.478624],[-44.185715,-2.480286]]]}},{"type":"Feature","properties":{"cd_setor":"211120110000547","situacao":"Urbana","bairro":"Miritiua","zona":"ZDU - A","area_m2":58260.2,"area_ha":5.826,"fonte":"IBGE, Censo 2022 — malha e agregados por setor","pessoas":368.0,"domicilios":159.0,"dom_particulares":159.0,"dom_coletivos":0.0,"moradores_por_dom":2.9,"pct_imputados":0.0391,"dom_ocupados":128.0,"dom_uso_ocasional":5.0,"dom_vagos":26.0,"dens_hab_ha":63.16,"dens_dom_ha":27.29,"pct_vagos":16.4,"pct_uso_ocasional":3.1,"pct_ocupados":80.5},"geometry":{"type":"Polygon","coordinates":[[[-44.201514,-2.491842],[-44.201485,-2.491841],[-44.200191,-2.491775],[-44.200079,-2.491772],[-44.19957,-2.49176],[-44.198903,-2.491728],[-44.198261,-2.491699],[-44.198302,-2.491087],[-44.199459,-2.491131],[-44.200124,-2.491156],[-44.200159,-2.489967],[-44.200593,-2.489998],[-44.201239,-2.490018],[-44.201252,-2.489401],[-44.20206,-2.489419],[-44.202042,-2.49004],[-44.201987,-2.491223],[-44.201549,-2.49124],[-44.201533,-2.491399],[-44.201514,-2.491842]]]}},{"type":"Feature","properties":{"cd_setor":"211120110000548","situacao":"Urbana","bairro":"Miritiua","zona":"ZDU - A","area_m2":42750.7,"area_ha":4.275,"fonte":"IBGE, Censo 2022 — malha e agregados por setor","pessoas":257.0,"domicilios":111.0,"dom_particulares":111.0,"dom_coletivos":0.0,"moradores_por_dom":2.9,"pct_imputados":0.0444,"dom_ocupados":90.0,"dom_uso_ocasional":3.0,"dom_vagos":18.0,"dens_hab_ha":60.12,"dens_dom_ha":25.96,"pct_vagos":16.2,"pct_uso_ocasional":2.7,"pct_ocupados":81.1},"geometry":{"type":"Polygon","coordinates":[[[-44.20206,-2.489419],[-44.202072,-2.488935],[-44.202067,-2.488718],[-44.202066,-2.488386],[-44.202066,-2.488349],[-44.20278,-2.488412],[-44.202976,-2.488309],[-44.202939,-2.488705],[-44.202935,-2.488987],[-44.202968,-2.489481],[-44.202965,-2.489933],[-44.202954,-2.490093],[-44.202948,-2.490584],[-44.202929,-2.491249],[-44.202888,-2.491897],[-44.201514,-2.491842],[-44.201533,-2.491399],[-44.201549,-2.49124],[-44.201987,-2.491223],[-44.202042,-2.49004],[-44.20206,-2.489419]]]}},{"type":"Feature","properties":{"cd_setor":"211120110000549","situacao":"Urbana","bairro":"Miritiua","zona":"ZDU - A","area_m2":108973.6,"area_ha":10.897,"fonte":"IBGE, Censo 2022 — malha e agregados por setor","pessoas":305.0,"domicilios":121.0,"dom_particulares":121.0,"dom_coletivos":0.0,"moradores_por_dom":2.9,"pct_imputados":0.0,"dom_ocupados":107.0,"dom_uso_ocasional":2.0,"dom_vagos":12.0,"dens_hab_ha":27.99,"dens_dom_ha":11.1,"pct_vagos":9.9,"pct_uso_ocasional":1.7,"pct_ocupados":88.4},"geometry":{"type":"Polygon","coordinates":[[[-44.200109,-2.48762],[-44.20016,-2.486244],[-44.200275,-2.4836],[-44.200917,-2.483662],[-44.201469,-2.48371],[-44.202177,-2.483772],[-44.202127,-2.485417],[-44.202127,-2.485428],[-44.202127,-2.485439],[-44.202127,-2.485446],[-44.202122,-2.48566],[-44.202121,-2.485708],[-44.202115,-2.485996],[-44.202106,-2.486384],[-44.202102,-2.486564],[-44.202101,-2.486568],[-44.202075,-2.487701],[-44.202066,-2.488349],[-44.201272,-2.488295],[-44.200218,-2.48825],[-44.200238,-2.487621],[-44.200109,-2.48762]]]}},{"type":"Feature","properties":{"cd_setor":"211120110000550","situacao":"Urbana","bairro":"Miritiua","zona":"ZDU - A","area_m2":76828.6,"area_ha":7.683,"fonte":"IBGE, Censo 2022 — malha e agregados por setor","pessoas":416.0,"domicilios":172.0,"dom_particulares":172.0,"dom_coletivos":0.0,"moradores_por_dom":3.1,"pct_imputados":0.0,"dom_ocupados":136.0,"dom_uso_ocasional":1.0,"dom_vagos":35.0,"dens_hab_ha":54.15,"dens_dom_ha":22.39,"pct_vagos":20.3,"pct_uso_ocasional":0.6,"pct_ocupados":79.1},"geometry":{"type":"Polygon","coordinates":[[[-44.199115,-2.483573],[-44.199182,-2.483553],[-44.199638,-2.483537],[-44.199949,-2.483569],[-44.200275,-2.4836],[-44.20016,-2.486244],[-44.200109,-2.48762],[-44.199584,-2.487617],[-44.199571,-2.487742],[-44.198504,-2.4877],[-44.198505,-2.487626],[-44.198533,-2.487513],[-44.198532,-2.487228],[-44.197948,-2.487191],[-44.197959,-2.486356],[-44.197973,-2.486356],[-44.198358,-2.486359],[-44.198573,-2.486371],[-44.198607,-2.486057],[-44.198651,-2.485753],[-44.198961,-2.485771],[-44.198983,-2.484785],[-44.199061,-2.483684],[-44.199115,-2.483573]]]}},{"type":"Feature","properties":{"cd_setor":"211120110000551","situacao":"Urbana","bairro":"Araçagy","zona":"ZDU - A","area_m2":144827.6,"area_ha":14.483,"fonte":"IBGE, Censo 2022 — malha e agregados por setor","pessoas":308.0,"domicilios":126.0,"dom_particulares":126.0,"dom_coletivos":0.0,"moradores_por_dom":2.9,"pct_imputados":0.1759,"dom_ocupados":108.0,"dom_uso_ocasional":2.0,"dom_vagos":16.0,"dens_hab_ha":21.27,"dens_dom_ha":8.7,"pct_vagos":12.7,"pct_uso_ocasional":1.6,"pct_ocupados":85.7},"geometry":{"type":"Polygon","coordinates":[[[-44.20841,-2.484044],[-44.208431,-2.483837],[-44.208442,-2.483565],[-44.208198,-2.483358],[-44.208071,-2.483083],[-44.207526,-2.482382],[-44.207552,-2.482373],[-44.207621,-2.482302],[-44.207733,-2.482104],[-44.207833,-2.481959],[-44.208126,-2.481692],[-44.208184,-2.481688],[-44.208199,-2.481676],[-44.20843,-2.481495],[-44.20844,-2.481483],[-44.208521,-2.48138],[-44.208579,-2.481128],[-44.208854,-2.481027],[-44.209007,-2.480831],[-44.20908,-2.480653],[-44.209132,-2.480473],[-44.209223,-2.480309],[-44.209413,-2.480126],[-44.209386,-2.480054],[-44.209322,-2.479972],[-44.209307,-2.479892],[-44.209452,-2.479682],[-44.209605,-2.47961],[-44.20989,-2.47927],[-44.209972,-2.479033],[-44.209992,-2.47904],[-44.210097,-2.479116],[-44.21024,-2.479081],[-44.210248,-2.478992],[-44.210434,-2.478871],[-44.210535,-2.478747],[-44.210581,-2.478576],[-44.210672,-2.478415],[-44.210764,-2.47836],[-44.210725,-2.478419],[-44.211177,-2.478704],[-44.211653,-2.479008],[-44.212192,-2.479353],[-44.212055,-2.480216],[-44.211918,-2.480898],[-44.21191,-2.48094],[-44.211667,-2.482288],[-44.211139,-2.48212],[-44.210558,-2.48186],[-44.209987,-2.481628],[-44.209297,-2.483166],[-44.208985,-2.483894],[-44.208931,-2.484031],[-44.208844,-2.484086],[-44.20841,-2.484044]]]}},{"type":"Feature","properties":{"cd_setor":"211120110000552","situacao":"Urbana","bairro":"Araçagy","zona":"ZDU - A","area_m2":135055.5,"area_ha":13.506,"fonte":"IBGE, Censo 2022 — malha e agregados por setor","pessoas":360.0,"domicilios":140.0,"dom_particulares":140.0,"dom_coletivos":0.0,"moradores_por_dom":3.0,"pct_imputados":0.2101,"dom_ocupados":119.0,"dom_uso_ocasional":1.0,"dom_vagos":20.0,"dens_hab_ha":26.66,"dens_dom_ha":10.37,"pct_vagos":14.3,"pct_uso_ocasional":0.7,"pct_ocupados":85.0},"geometry":{"type":"Polygon","coordinates":[[[-44.211667,-2.482288],[-44.211663,-2.482311],[-44.211384,-2.483534],[-44.210823,-2.486206],[-44.210536,-2.486532],[-44.209364,-2.486295],[-44.207902,-2.486057],[-44.207961,-2.485695],[-44.208401,-2.484134],[-44.20841,-2.484044],[-44.208844,-2.484086],[-44.208931,-2.484031],[-44.208985,-2.483894],[-44.209297,-2.483166],[-44.209987,-2.481628],[-44.210558,-2.48186],[-44.211139,-2.48212],[-44.211667,-2.482288]]]}},{"type":"Feature","properties":{"cd_setor":"211120110000553","situacao":"Urbana","bairro":"Vila Alonso Costa","zona":"ZDU - A","area_m2":56330.1,"area_ha":5.633,"fonte":"IBGE, Censo 2022 — malha e agregados por setor","pessoas":355.0,"domicilios":136.0,"dom_particulares":136.0,"dom_coletivos":0.0,"moradores_por_dom":3.3,"pct_imputados":0.1009,"dom_ocupados":109.0,"dom_uso_ocasional":7.0,"dom_vagos":20.0,"dens_hab_ha":63.02,"dens_dom_ha":24.14,"pct_vagos":14.7,"pct_uso_ocasional":5.1,"pct_ocupados":80.1},"geometry":{"type":"Polygon","coordinates":[[[-44.205485,-2.489821],[-44.205126,-2.489694],[-44.204952,-2.48964],[-44.204768,-2.489579],[-44.204255,-2.489411],[-44.204014,-2.489341],[-44.203851,-2.489404],[-44.203679,-2.489482],[-44.203348,-2.489696],[-44.202965,-2.489933],[-44.202968,-2.489481],[-44.202935,-2.488987],[-44.202939,-2.488705],[-44.202976,-2.488309],[-44.203282,-2.488322],[-44.204306,-2.48807],[-44.205349,-2.488679],[-44.205896,-2.488836],[-44.206057,-2.488935],[-44.206129,-2.488979],[-44.206518,-2.489279],[-44.206895,-2.489392],[-44.206808,-2.489802],[-44.206734,-2.490247],[-44.206734,-2.490248],[-44.206723,-2.490233],[-44.206135,-2.490021],[-44.205885,-2.489951],[-44.205485,-2.489821]]]}},{"type":"Feature","properties":{"cd_setor":"211120110000554","situacao":"Urbana","bairro":"Vila Alonso Costa","zona":"ZDU - A","area_m2":24807.2,"area_ha":2.481,"fonte":"IBGE, Censo 2022 — malha e agregados por setor","pessoas":364.0,"domicilios":148.0,"dom_particulares":148.0,"dom_coletivos":0.0,"moradores_por_dom":3.0,"pct_imputados":0.0413,"dom_ocupados":121.0,"dom_uso_ocasional":5.0,"dom_vagos":22.0,"dens_hab_ha":146.73,"dens_dom_ha":59.66,"pct_vagos":14.9,"pct_uso_ocasional":3.4,"pct_ocupados":81.8},"geometry":{"type":"Polygon","coordinates":[[[-44.206734,-2.490248],[-44.206699,-2.490595],[-44.206639,-2.491185],[-44.206594,-2.491689],[-44.206114,-2.491594],[-44.205713,-2.491546],[-44.205316,-2.491519],[-44.205485,-2.489821],[-44.205885,-2.489951],[-44.206135,-2.490021],[-44.206723,-2.490233],[-44.206734,-2.490248]]]}},{"type":"Feature","properties":{"cd_setor":"211120110000555","situacao":"Urbana","bairro":"Araçagy","zona":"ZDU - A","area_m2":124933.5,"area_ha":12.493,"fonte":"IBGE, Censo 2022 — malha e agregados por setor","pessoas":415.0,"domicilios":172.0,"dom_particulares":172.0,"dom_coletivos":0.0,"moradores_por_dom":3.0,"pct_imputados":0.1367,"dom_ocupados":139.0,"dom_uso_ocasional":4.0,"dom_vagos":29.0,"dens_hab_ha":33.22,"dens_dom_ha":13.77,"pct_vagos":16.9,"pct_uso_ocasional":2.3,"pct_ocupados":80.8},"geometry":{"type":"Polygon","coordinates":[[[-44.20685,-2.487021],[-44.206427,-2.486931],[-44.206462,-2.486789],[-44.204999,-2.486464],[-44.204998,-2.486463],[-44.205021,-2.486409],[-44.205034,-2.486336],[-44.20497,-2.486284],[-44.204935,-2.485941],[-44.20503,-2.485833],[-44.205039,-2.485567],[-44.204983,-2.485233],[-44.20519,-2.484882],[-44.205476,-2.484288],[-44.205557,-2.48403],[-44.205614,-2.483797],[-44.205795,-2.483612],[-44.205972,-2.483414],[-44.206186,-2.483218],[-44.206442,-2.483075],[-44.20646,-2.483065],[-44.206485,-2.483032],[-44.206492,-2.483023],[-44.20665,-2.482887],[-44.206896,-2.482789],[-44.207029,-2.482665],[-44.207121,-2.482574],[-44.207222,-2.482475],[-44.207397,-2.482427],[-44.207526,-2.482382],[-44.208071,-2.483083],[-44.208198,-2.483358],[-44.208442,-2.483565],[-44.208431,-2.483837],[-44.20841,-2.484044],[-44.208401,-2.484134],[-44.207961,-2.485695],[-44.207902,-2.486057],[-44.207059,-2.485887],[-44.20685,-2.487021]]]}},{"type":"Feature","properties":{"cd_setor":"211120110000556","situacao":"Urbana","bairro":"Araçagy","zona":"ZDU - A","area_m2":53860.0,"area_ha":5.386,"fonte":"IBGE, Censo 2022 — malha e agregados por setor","pessoas":301.0,"domicilios":133.0,"dom_particulares":133.0,"dom_coletivos":0.0,"moradores_por_dom":2.8,"pct_imputados":0.1604,"dom_ocupados":106.0,"dom_uso_ocasional":4.0,"dom_vagos":23.0,"dens_hab_ha":55.89,"dens_dom_ha":24.69,"pct_vagos":17.3,"pct_uso_ocasional":3.0,"pct_ocupados":79.7},"geometry":{"type":"Polygon","coordinates":[[[-44.207902,-2.486057],[-44.209364,-2.486295],[-44.210536,-2.486532],[-44.210568,-2.486613],[-44.210751,-2.486654],[-44.210557,-2.48773],[-44.209342,-2.487499],[-44.208506,-2.487334],[-44.208091,-2.487255],[-44.207285,-2.487104],[-44.206864,-2.487024],[-44.20685,-2.487021],[-44.207059,-2.485887],[-44.207902,-2.486057]]]}},{"type":"Feature","properties":{"cd_setor":"211120110000557","situacao":"Urbana","bairro":"Araçagy","zona":"ZDU - A","area_m2":15094.6,"area_ha":1.509,"fonte":"IBGE, Censo 2022 — malha e agregados por setor","pessoas":0.0,"domicilios":0.0,"dom_particulares":0.0,"dom_coletivos":0.0,"moradores_por_dom":0.0,"pct_imputados":0.0,"dom_ocupados":0.0,"dom_uso_ocasional":0.0,"dom_vagos":0.0,"dens_hab_ha":null,"dens_dom_ha":null,"pct_vagos":null,"pct_uso_ocasional":null,"pct_ocupados":null},"geometry":{"type":"Polygon","coordinates":[[[-44.193997,-2.486095],[-44.194064,-2.485301],[-44.194468,-2.485334],[-44.194955,-2.485377],[-44.194862,-2.487207],[-44.194366,-2.487155],[-44.194432,-2.48612],[-44.193997,-2.486095]]]}},{"type":"Feature","properties":{"cd_setor":"211120110000558","situacao":"Urbana","bairro":"Araçagy","zona":"ZDU - A","area_m2":5625.9,"area_ha":0.563,"fonte":"IBGE, Censo 2022 — malha e agregados por setor","pessoas":565.0,"domicilios":336.0,"dom_particulares":336.0,"dom_coletivos":0.0,"moradores_por_dom":2.0,"pct_imputados":0.0253,"dom_ocupados":277.0,"dom_uso_ocasional":11.0,"dom_vagos":48.0,"dens_hab_ha":1004.28,"dens_dom_ha":597.23,"pct_vagos":14.3,"pct_uso_ocasional":3.3,"pct_ocupados":82.4},"geometry":{"type":"Polygon","coordinates":[[[-44.194366,-2.487155],[-44.194358,-2.487154],[-44.193912,-2.487106],[-44.193997,-2.486095],[-44.194432,-2.48612],[-44.194366,-2.487155]]]}},{"type":"Feature","properties":{"cd_setor":"211120110000559","situacao":"Urbana","bairro":"Vila Alonso Costa","zona":"ZDU - A","area_m2":103817.9,"area_ha":10.382,"fonte":"IBGE, Censo 2022 — malha e agregados por setor","pessoas":1305.0,"domicilios":502.0,"dom_particulares":502.0,"dom_coletivos":0.0,"moradores_por_dom":3.2,"pct_imputados":0.0387,"dom_ocupados":413.0,"dom_uso_ocasional":6.0,"dom_vagos":83.0,"dens_hab_ha":125.7,"dens_dom_ha":48.35,"pct_vagos":16.5,"pct_uso_ocasional":1.2,"pct_ocupados":82.3},"geometry":{"type":"Polygon","coordinates":[[[-44.202875,-2.493172],[-44.202865,-2.493038],[-44.202856,-2.492841],[-44.202863,-2.492708],[-44.202888,-2.491897],[-44.202929,-2.491249],[-44.202948,-2.490584],[-44.202954,-2.490093],[-44.202965,-2.489933],[-44.203348,-2.489696],[-44.203679,-2.489482],[-44.203851,-2.489404],[-44.203645,-2.491315],[-44.204027,-2.491354],[-44.204479,-2.491412],[-44.204565,-2.491421],[-44.204844,-2.491465],[-44.20513,-2.491499],[-44.205316,-2.491519],[-44.205713,-2.491546],[-44.206114,-2.491594],[-44.206594,-2.491689],[-44.206559,-2.492046],[-44.206497,-2.492611],[-44.206496,-2.492614],[-44.206446,-2.493111],[-44.206381,-2.493647],[-44.204752,-2.493441],[-44.20452,-2.493412],[-44.202875,-2.493172]]]}},{"type":"Feature","properties":{"cd_setor":"211120110000560","situacao":"Urbana","bairro":"Vila Alonso Costa","zona":"ZDU - A","area_m2":20956.0,"area_ha":2.096,"fonte":"IBGE, Censo 2022 — malha e agregados por setor","pessoas":515.0,"domicilios":305.0,"dom_particulares":305.0,"dom_coletivos":0.0,"moradores_por_dom":2.3,"pct_imputados":0.0,"dom_ocupados":226.0,"dom_uso_ocasional":2.0,"dom_vagos":77.0,"dens_hab_ha":245.75,"dens_dom_ha":145.54,"pct_vagos":25.2,"pct_uso_ocasional":0.7,"pct_ocupados":74.1},"geometry":{"type":"Polygon","coordinates":[[[-44.204752,-2.493441],[-44.206381,-2.493647],[-44.206337,-2.493974],[-44.20626,-2.494678],[-44.204611,-2.494459],[-44.204752,-2.493441]]]}},{"type":"Feature","properties":{"cd_setor":"211120110000561","situacao":"Urbana","bairro":"Vila Alonso Costa","zona":"ZDU - A","area_m2":251909.8,"area_ha":25.191,"fonte":"IBGE, Censo 2022 — malha e agregados por setor","pessoas":6.0,"domicilios":4.0,"dom_particulares":4.0,"dom_coletivos":0.0,"moradores_por_dom":2.0,"pct_imputados":0.0,"dom_ocupados":3.0,"dom_uso_ocasional":0.0,"dom_vagos":1.0,"dens_hab_ha":0.24,"dens_dom_ha":0.16,"pct_vagos":25.0,"pct_uso_ocasional":0.0,"pct_ocupados":75.0},"geometry":{"type":"Polygon","coordinates":[[[-44.206139,-2.495679],[-44.206133,-2.495727],[-44.206039,-2.496511],[-44.205993,-2.49698],[-44.205944,-2.497494],[-44.205853,-2.498223],[-44.205792,-2.498714],[-44.205764,-2.498912],[-44.205728,-2.499168],[-44.205692,-2.499379],[-44.205652,-2.499666],[-44.205585,-2.50012],[-44.205514,-2.500647],[-44.205495,-2.500784],[-44.205447,-2.500758],[-44.20512,-2.500705],[-44.202934,-2.500776],[-44.202552,-2.500723],[-44.202506,-2.500717],[-44.202687,-2.498437],[-44.202575,-2.498363],[-44.202577,-2.498353],[-44.202638,-2.498121],[-44.202638,-2.497647],[-44.202637,-2.49746],[-44.202655,-2.497225],[-44.202674,-2.497003],[-44.202793,-2.496668],[-44.202806,-2.496493],[-44.20281,-2.496208],[-44.202792,-2.496027],[-44.202821,-2.495841],[-44.202818,-2.495588],[-44.202777,-2.495383],[-44.202797,-2.495022],[-44.202809,-2.494774],[-44.202815,-2.494718],[-44.202858,-2.494585],[-44.202861,-2.494356],[-44.202861,-2.494134],[-44.202862,-2.494125],[-44.20287,-2.493924],[-44.202882,-2.493726],[-44.202891,-2.493551],[-44.202888,-2.49345],[-44.202875,-2.493262],[-44.202875,-2.493172],[-44.20452,-2.493412],[-44.204752,-2.493441],[-44.204611,-2.494459],[-44.204498,-2.495463],[-44.206139,-2.495679]]]}},{"type":"Feature","properties":{"cd_setor":"211120110000562","situacao":"Urbana","bairro":"Vila Alonso Costa","zona":"ZDU - A","area_m2":20612.9,"area_ha":2.061,"fonte":"IBGE, Censo 2022 — malha e agregados por setor","pessoas":0.0,"domicilios":0.0,"dom_particulares":0.0,"dom_coletivos":0.0,"moradores_por_dom":0.0,"pct_imputados":0.0,"dom_ocupados":0.0,"dom_uso_ocasional":0.0,"dom_vagos":0.0,"dens_hab_ha":null,"dens_dom_ha":null,"pct_vagos":null,"pct_uso_ocasional":null,"pct_ocupados":null},"geometry":{"type":"Polygon","coordinates":[[[-44.204611,-2.494459],[-44.20626,-2.494678],[-44.20622,-2.495036],[-44.206139,-2.495679],[-44.204498,-2.495463],[-44.204611,-2.494459]]]}},{"type":"Feature","properties":{"cd_setor":"211120110000563","situacao":"Urbana","bairro":"Miritiua","zona":"ZDU - A","area_m2":293681.6,"area_ha":29.368,"fonte":"IBGE, Censo 2022 — malha e agregados por setor","pessoas":1252.0,"domicilios":505.0,"dom_particulares":505.0,"dom_coletivos":0.0,"moradores_por_dom":3.1,"pct_imputados":0.0326,"dom_ocupados":399.0,"dom_uso_ocasional":9.0,"dom_vagos":97.0,"dens_hab_ha":42.63,"dens_dom_ha":17.2,"pct_vagos":19.2,"pct_uso_ocasional":1.8,"pct_ocupados":79.0},"geometry":{"type":"Polygon","coordinates":[[[-44.195471,-2.491513],[-44.19554,-2.489537],[-44.195598,-2.487295],[-44.196629,-2.4874],[-44.197273,-2.487465],[-44.198505,-2.487626],[-44.198504,-2.4877],[-44.198498,-2.487972],[-44.198495,-2.488077],[-44.198489,-2.488232],[-44.198487,-2.488336],[-44.198479,-2.488462],[-44.19844,-2.489049],[-44.198395,-2.489633],[-44.198302,-2.491087],[-44.198261,-2.491699],[-44.198222,-2.492176],[-44.198141,-2.493919],[-44.198105,-2.49451],[-44.198094,-2.494538],[-44.197103,-2.494216],[-44.19703,-2.494638],[-44.19632,-2.494029],[-44.195916,-2.493682],[-44.195512,-2.493413],[-44.194981,-2.49338],[-44.193403,-2.493268],[-44.193355,-2.493665],[-44.192037,-2.493525],[-44.192084,-2.492951],[-44.1921,-2.492506],[-44.192191,-2.49152],[-44.192197,-2.491456],[-44.193523,-2.491597],[-44.193549,-2.491354],[-44.194521,-2.491452],[-44.194477,-2.491935],[-44.194467,-2.492207],[-44.194421,-2.492779],[-44.19562,-2.492831],[-44.195687,-2.492277],[-44.195594,-2.491702],[-44.195471,-2.491513]]]}},{"type":"Feature","properties":{"cd_setor":"211120110000564","situacao":"Urbana","bairro":"Miritiua","zona":"ZDU - A","area_m2":18855.6,"area_ha":1.886,"fonte":"IBGE, Censo 2022 — malha e agregados por setor","pessoas":152.0,"domicilios":62.0,"dom_particulares":62.0,"dom_coletivos":0.0,"moradores_por_dom":3.0,"pct_imputados":0.0,"dom_ocupados":50.0,"dom_uso_ocasional":1.0,"dom_vagos":11.0,"dens_hab_ha":80.61,"dens_dom_ha":32.88,"pct_vagos":17.7,"pct_uso_ocasional":1.6,"pct_ocupados":80.6},"geometry":{"type":"Polygon","coordinates":[[[-44.194521,-2.491452],[-44.195471,-2.491513],[-44.195594,-2.491702],[-44.195687,-2.492277],[-44.19562,-2.492831],[-44.194421,-2.492779],[-44.194467,-2.492207],[-44.194477,-2.491935],[-44.194521,-2.491452]]]}},{"type":"Feature","properties":{"cd_setor":"211120110000565","situacao":"Urbana","bairro":"Araçagy","zona":"ZDU - A","area_m2":13534.9,"area_ha":1.353,"fonte":"IBGE, Censo 2022 — malha e agregados por setor","pessoas":0.0,"domicilios":0.0,"dom_particulares":0.0,"dom_coletivos":0.0,"moradores_por_dom":0.0,"pct_imputados":0.0,"dom_ocupados":0.0,"dom_uso_ocasional":0.0,"dom_vagos":0.0,"dens_hab_ha":null,"dens_dom_ha":null,"pct_vagos":null,"pct_uso_ocasional":null,"pct_ocupados":null},"geometry":{"type":"Polygon","coordinates":[[[-44.194358,-2.487154],[-44.194366,-2.487155],[-44.194862,-2.487207],[-44.194725,-2.489335],[-44.194201,-2.489277],[-44.194358,-2.487154]]]}},{"type":"Feature","properties":{"cd_setor":"211120110000566","situacao":"Urbana","bairro":"Araçagy","zona":"ZDU - A","area_m2":11169.8,"area_ha":1.117,"fonte":"IBGE, Censo 2022 — malha e agregados por setor","pessoas":573.0,"domicilios":382.0,"dom_particulares":382.0,"dom_coletivos":0.0,"moradores_por_dom":2.4,"pct_imputados":0.0591,"dom_ocupados":237.0,"dom_uso_ocasional":56.0,"dom_vagos":89.0,"dens_hab_ha":512.99,"dens_dom_ha":341.99,"pct_vagos":23.3,"pct_uso_ocasional":14.7,"pct_ocupados":62.0},"geometry":{"type":"Polygon","coordinates":[[[-44.194201,-2.489277],[-44.193798,-2.489233],[-44.193912,-2.487106],[-44.194358,-2.487154],[-44.194201,-2.489277]]]}},{"type":"Feature","properties":{"cd_setor":"211120110000567","situacao":"Urbana","bairro":"Maiobinha","zona":"ZDU - A","area_m2":10406.6,"area_ha":1.041,"fonte":"IBGE, Censo 2022 — malha e agregados por setor","pessoas":537.0,"domicilios":351.0,"dom_particulares":351.0,"dom_coletivos":0.0,"moradores_por_dom":2.1,"pct_imputados":0.0311,"dom_ocupados":257.0,"dom_uso_ocasional":5.0,"dom_vagos":89.0,"dens_hab_ha":516.02,"dens_dom_ha":337.29,"pct_vagos":25.4,"pct_uso_ocasional":1.4,"pct_ocupados":73.2},"geometry":{"type":"Polygon","coordinates":[[[-44.191184,-2.493872],[-44.191664,-2.493877],[-44.19158,-2.494107],[-44.191299,-2.495199],[-44.191201,-2.495187],[-44.19105,-2.495695],[-44.190861,-2.495647],[-44.190711,-2.495623],[-44.190683,-2.495468],[-44.191184,-2.493872]]]}},{"type":"Feature","properties":{"cd_setor":"211120110000568","situacao":"Urbana","bairro":"Maiobinha","zona":"ZDU - A","area_m2":7611.4,"area_ha":0.761,"fonte":"IBGE, Censo 2022 — malha e agregados por setor","pessoas":0.0,"domicilios":0.0,"dom_particulares":0.0,"dom_coletivos":0.0,"moradores_por_dom":0.0,"pct_imputados":0.0,"dom_ocupados":0.0,"dom_uso_ocasional":0.0,"dom_vagos":0.0,"dens_hab_ha":null,"dens_dom_ha":null,"pct_vagos":null,"pct_uso_ocasional":null,"pct_ocupados":null},"geometry":{"type":"Polygon","coordinates":[[[-44.190683,-2.495468],[-44.190576,-2.494873],[-44.19042,-2.493865],[-44.191184,-2.493872],[-44.190683,-2.495468]]]}},{"type":"Feature","properties":{"cd_setor":"211120110000569","situacao":"Urbana","bairro":"Miritiua","zona":"ZDU - A","area_m2":203630.1,"area_ha":20.363,"fonte":"IBGE, Censo 2022 — malha e agregados por setor","pessoas":313.0,"domicilios":95.0,"dom_particulares":95.0,"dom_coletivos":0.0,"moradores_por_dom":3.9,"pct_imputados":0.0247,"dom_ocupados":81.0,"dom_uso_ocasional":3.0,"dom_vagos":11.0,"dens_hab_ha":15.37,"dens_dom_ha":4.67,"pct_vagos":11.6,"pct_uso_ocasional":3.2,"pct_ocupados":85.3},"geometry":{"type":"Polygon","coordinates":[[[-44.19632,-2.494029],[-44.19703,-2.494638],[-44.197103,-2.494216],[-44.198094,-2.494538],[-44.198073,-2.494559],[-44.198014,-2.495201],[-44.197981,-2.495545],[-44.19832,-2.495637],[-44.19866,-2.495864],[-44.199248,-2.49643],[-44.199524,-2.496669],[-44.199868,-2.496983],[-44.200053,-2.497176],[-44.200471,-2.497553],[-44.201273,-2.498323],[-44.201401,-2.498329],[-44.201343,-2.49881],[-44.201987,-2.499411],[-44.201917,-2.500549],[-44.201792,-2.50047],[-44.201666,-2.50039],[-44.201461,-2.50026],[-44.2011,-2.500019],[-44.200603,-2.499689],[-44.199992,-2.499282],[-44.199688,-2.499079],[-44.199319,-2.498865],[-44.199069,-2.498719],[-44.198528,-2.498446],[-44.198476,-2.49842],[-44.197662,-2.498243],[-44.196903,-2.498044],[-44.195869,-2.497689],[-44.195576,-2.497525],[-44.195262,-2.497288],[-44.195261,-2.497288],[-44.19535,-2.497072],[-44.195392,-2.496782],[-44.19559,-2.496435],[-44.195702,-2.49631],[-44.195836,-2.496273],[-44.195922,-2.496192],[-44.19594,-2.496026],[-44.196158,-2.495218],[-44.195958,-2.495204],[-44.196258,-2.494196],[-44.196321,-2.49403],[-44.19632,-2.494029]]]}},{"type":"Feature","properties":{"cd_setor":"211120110000570","situacao":"Urbana","bairro":"Miritiua","zona":"ZDU - A","area_m2":153562.9,"area_ha":15.356,"fonte":"IBGE, Censo 2022 — malha e agregados por setor","pessoas":494.0,"domicilios":198.0,"dom_particulares":198.0,"dom_coletivos":0.0,"moradores_por_dom":3.4,"pct_imputados":0.0208,"dom_ocupados":144.0,"dom_uso_ocasional":19.0,"dom_vagos":35.0,"dens_hab_ha":32.17,"dens_dom_ha":12.89,"pct_vagos":17.7,"pct_uso_ocasional":9.6,"pct_ocupados":72.7},"geometry":{"type":"Polygon","coordinates":[[[-44.195261,-2.497288],[-44.194336,-2.496793],[-44.193095,-2.496142],[-44.192592,-2.496005],[-44.192006,-2.49592],[-44.191857,-2.495896],[-44.191924,-2.494759],[-44.192003,-2.493911],[-44.19203,-2.493612],[-44.192037,-2.493525],[-44.193355,-2.493665],[-44.193403,-2.493268],[-44.194981,-2.49338],[-44.195512,-2.493413],[-44.195916,-2.493682],[-44.19632,-2.494029],[-44.196321,-2.49403],[-44.196258,-2.494196],[-44.195958,-2.495204],[-44.196158,-2.495218],[-44.19594,-2.496026],[-44.195922,-2.496192],[-44.195836,-2.496273],[-44.195702,-2.49631],[-44.19559,-2.496435],[-44.195392,-2.496782],[-44.19535,-2.497072],[-44.195261,-2.497288]]]}},{"type":"Feature","properties":{"cd_setor":"211120110000571","situacao":"Urbana","bairro":"Miritiua","zona":"ZDU - A","area_m2":44994.7,"area_ha":4.499,"fonte":"IBGE, Censo 2022 — malha e agregados por setor","pessoas":0.0,"domicilios":0.0,"dom_particulares":0.0,"dom_coletivos":0.0,"moradores_por_dom":0.0,"pct_imputados":0.0,"dom_ocupados":0.0,"dom_uso_ocasional":0.0,"dom_vagos":0.0,"dens_hab_ha":null,"dens_dom_ha":null,"pct_vagos":null,"pct_uso_ocasional":null,"pct_ocupados":null},"geometry":{"type":"Polygon","coordinates":[[[-44.183607,-2.48712],[-44.183829,-2.486749],[-44.183762,-2.486576],[-44.184981,-2.4846],[-44.185854,-2.485981],[-44.184762,-2.487837],[-44.183607,-2.48712]]]}},{"type":"Feature","properties":{"cd_setor":"211120110000572","situacao":"Urbana","bairro":"Miritiua","zona":"ZDU - A","area_m2":41179.2,"area_ha":4.118,"fonte":"IBGE, Censo 2022 — malha e agregados por setor","pessoas":759.0,"domicilios":340.0,"dom_particulares":340.0,"dom_coletivos":0.0,"moradores_por_dom":2.6,"pct_imputados":0.0243,"dom_ocupados":288.0,"dom_uso_ocasional":33.0,"dom_vagos":19.0,"dens_hab_ha":184.32,"dens_dom_ha":82.57,"pct_vagos":5.6,"pct_uso_ocasional":9.7,"pct_ocupados":84.7},"geometry":{"type":"Polygon","coordinates":[[[-44.184762,-2.487837],[-44.183451,-2.490066],[-44.182977,-2.489608],[-44.182524,-2.489199],[-44.182459,-2.489148],[-44.182415,-2.489104],[-44.183607,-2.48712],[-44.184762,-2.487837]]]}},{"type":"Feature","properties":{"cd_setor":"211120110000573","situacao":"Urbana","bairro":"Araçagy","zona":"ZDU - A","area_m2":190752.1,"area_ha":19.075,"fonte":"IBGE, Censo 2022 — malha e agregados por setor","pessoas":387.0,"domicilios":157.0,"dom_particulares":157.0,"dom_coletivos":0.0,"moradores_por_dom":3.2,"pct_imputados":0.1157,"dom_ocupados":121.0,"dom_uso_ocasional":5.0,"dom_vagos":31.0,"dens_hab_ha":20.29,"dens_dom_ha":8.23,"pct_vagos":19.7,"pct_uso_ocasional":3.2,"pct_ocupados":77.1},"geometry":{"type":"Polygon","coordinates":[[[-44.187091,-2.480311],[-44.187109,-2.480312],[-44.187203,-2.480265],[-44.187525,-2.480309],[-44.188003,-2.48033],[-44.18814,-2.480281],[-44.190024,-2.480433],[-44.189991,-2.48101],[-44.189951,-2.48171],[-44.18995,-2.481719],[-44.189887,-2.482244],[-44.189836,-2.48289],[-44.189788,-2.483556],[-44.189736,-2.484234],[-44.189692,-2.484865],[-44.189644,-2.485454],[-44.189593,-2.486124],[-44.189537,-2.486652],[-44.188056,-2.485732],[-44.187673,-2.485416],[-44.187084,-2.48474],[-44.186872,-2.484452],[-44.186902,-2.484075],[-44.186961,-2.482798],[-44.187009,-2.482306],[-44.187024,-2.482035],[-44.187055,-2.481124],[-44.187091,-2.480311]]]}},{"type":"Feature","properties":{"cd_setor":"211120110000574","situacao":"Urbana","bairro":"Araçagy","zona":"ZDU - A","area_m2":92895.4,"area_ha":9.29,"fonte":"IBGE, Censo 2022 — malha e agregados por setor","pessoas":307.0,"domicilios":137.0,"dom_particulares":137.0,"dom_coletivos":0.0,"moradores_por_dom":2.8,"pct_imputados":0.0741,"dom_ocupados":108.0,"dom_uso_ocasional":2.0,"dom_vagos":27.0,"dens_hab_ha":33.05,"dens_dom_ha":14.75,"pct_vagos":19.7,"pct_uso_ocasional":1.5,"pct_ocupados":78.8},"geometry":{"type":"Polygon","coordinates":[[[-44.183902,-2.48043],[-44.183953,-2.48039],[-44.183972,-2.480313],[-44.183993,-2.48016],[-44.185048,-2.480249],[-44.185715,-2.480286],[-44.187091,-2.480311],[-44.187055,-2.481124],[-44.187024,-2.482035],[-44.187009,-2.482306],[-44.186961,-2.482798],[-44.186902,-2.484075],[-44.186872,-2.484452],[-44.186572,-2.484045],[-44.186147,-2.48359],[-44.185693,-2.483001],[-44.185374,-2.482798],[-44.185065,-2.48248],[-44.18463,-2.482161],[-44.18465,-2.481668],[-44.184681,-2.481437],[-44.184523,-2.481295],[-44.184467,-2.481191],[-44.184457,-2.481146],[-44.18431,-2.480927],[-44.1842,-2.480877],[-44.18411,-2.480824],[-44.184039,-2.480777],[-44.183901,-2.480568],[-44.183902,-2.48043]]]}},{"type":"Feature","properties":{"cd_setor":"211120110000575","situacao":"Urbana","bairro":"Miritiua","zona":"ZDU - A","area_m2":10358.1,"area_ha":1.036,"fonte":"IBGE, Censo 2022 — malha e agregados por setor","pessoas":542.0,"domicilios":313.0,"dom_particulares":313.0,"dom_coletivos":0.0,"moradores_por_dom":2.2,"pct_imputados":0.0656,"dom_ocupados":244.0,"dom_uso_ocasional":21.0,"dom_vagos":48.0,"dens_hab_ha":523.26,"dens_dom_ha":302.18,"pct_vagos":15.3,"pct_uso_ocasional":6.7,"pct_ocupados":78.0},"geometry":{"type":"Polygon","coordinates":[[[-44.200604,-2.501016],[-44.200626,-2.500944],[-44.2011,-2.500019],[-44.201461,-2.50026],[-44.201666,-2.50039],[-44.201352,-2.501478],[-44.201,-2.501377],[-44.201062,-2.501128],[-44.200604,-2.501016]]]}},{"type":"Feature","properties":{"cd_setor":"211120110000576","situacao":"Urbana","bairro":"Miritiua","zona":"ZDU - A","area_m2":8918.7,"area_ha":0.892,"fonte":"IBGE, Censo 2022 — malha e agregados por setor","pessoas":0.0,"domicilios":0.0,"dom_particulares":0.0,"dom_coletivos":0.0,"moradores_por_dom":0.0,"pct_imputados":0.0,"dom_ocupados":0.0,"dom_uso_ocasional":0.0,"dom_vagos":0.0,"dens_hab_ha":null,"dens_dom_ha":null,"pct_vagos":null,"pct_uso_ocasional":null,"pct_ocupados":null},"geometry":{"type":"Polygon","coordinates":[[[-44.201352,-2.501478],[-44.201134,-2.502231],[-44.200695,-2.502004],[-44.200341,-2.501892],[-44.200604,-2.501016],[-44.201062,-2.501128],[-44.201,-2.501377],[-44.201352,-2.501478]]]}}]}