{"type":"FeatureCollection","features":[{"type":"Feature","properties":{"sigla":"ZRBJJ","nome":"Zona Rural Bom Jardim","familia":"rural","cor":"#a8c686","fonte":"LC 77/2025, Anexo III - Tabela 1 (memorial descritivo)","vertices":286,"aneis":1,"area_m2":38348228.7,"area_ha":3834.82,"area_km2":38.348,"na_tabela7":true,"area_min_m2":200.0,"testada_min_m":10.0,"atme_pct":180.0,"alml_pct":40.0,"altura_max_m":60.0,"taxa_ocupacao_max_pct":60.0,"coef_aproveitamento":1.8,"edificacoes":2237,"area_construida_m2":219376.4,"domicilios":1288,"enderecos":1532,"estab_ensino":7,"estab_saude":2,"estab_outros":129,"em_obra":83,"ocupacao_observada_pct":0.6,"densidade_dom_ha":0.34,"area_media_edif_m2":98.1,"lotes_teoricos":191741},"geometry":{"type":"Polygon","coordinates":[[[-44.11672596825458,-2.598084907763201],[-44.123688105231,-2.598971863625436],[-44.123605476335996,-2.5997048086940158],[-44.12468626591112,-2.6002798068126163],[-44.1255178901199,-2.600735494044907],[-44.12636787883761,-2.601432000147657],[-44.127236541893545,-2.601919373737766],[-44.12831543822054,-2.602113981064416],[-44.12932222093672,-2.602141004148467],[-44.13026040751148,-2.6017234544515198],[-44.13078784060922,-2.6013717463275388],[-44.13183209611395,-2.600530821277931],[-44.13286850527753,-2.599586673601305],[-44.13293482484258,-2.599547007058587],[-44.13413525215587,-2.5989364098707837],[-44.134866415632615,-2.5989844960293564],[-44.13616928129902,-2.599715683881873],[-44.13789383100418,-2.6009768096284995],[-44.13818409114765,-2.6017811168024267],[-44.13764792816633,-2.6065057972763963],[-44.13828108597473,-2.6080897527667064],[-44.1419672484181,-2.6076673888633155],[-44.14250917523602,-2.6074331944775344],[-44.1450180620547,-2.6080939194978505],[-44.14534912623408,-2.6089552453744513],[-44.14522944898926,-2.6091530926620354],[-44.144759252265835,-2.6095934076685547],[-44.14396229819435,-2.6099868208918733],[-44.14319900802255,-2.6100807397611208],[-44.14265550828711,-2.6102449161344246],[-44.14173709213119,-2.6118735807598297],[-44.141583529417446,-2.612562064989123],[-44.14174144130164,-2.61315188917619],[-44.141814275008784,-2.6131902042363455],[-44.14235484259929,-2.6132397862284735],[-44.14310902311231,-2.6131850319424568],[-44.14342991007702,-2.613001887287312],[-44.14485689655529,-2.612448609205306],[-44.14501472900719,-2.613557137659392],[-44.1450931542992,-2.614903162785962],[-44.146122930633915,-2.615933134627105],[-44.14691530733211,-2.6163295346078996],[-44.14707435229391,-2.6153794389239526],[-44.14770873423395,-2.6149047698862504],[-44.14803861971989,-2.614716835672742],[-44.14846656241232,-2.614912523815824],[-44.1488579994031,-2.6153542415368634],[-44.14935694038767,-2.61551008447942],[-44.15014744156077,-2.6149532005384524],[-44.151148371487274,-2.615013495378204],[-44.15217772961826,-2.6154705720805387],[-44.153177615397425,-2.6164184713979837],[-44.15485935786664,-2.615847714616104],[-44.15671553071153,-2.6143089547546694],[-44.15714411362382,-2.6132786169417224],[-44.15727073725794,-2.612239662275044],[-44.15759565491332,-2.611675401868274],[-44.157941367252846,-2.611221518257018],[-44.15823459697645,-2.610964714671586],[-44.15853574679996,-2.610701041234592],[-44.15917124105279,-2.610304161792514],[-44.159914475382614,-2.610073260644824],[-44.16014873084389,-2.61003650963952],[-44.160736614598925,-2.6099501515738837],[-44.161511727928136,-2.6099352928586126],[-44.16286512180935,-2.6099379179803557],[-44.163413211503325,-2.6111302969024353],[-44.16365602120866,-2.611624560516642],[-44.16366887892332,-2.611904457270738],[-44.1633525149055,-2.612867028173963],[-44.16325687765153,-2.613440038227311],[-44.163260072492534,-2.6140488467713086],[-44.16318585164065,-2.614201858032087],[-44.16328031500446,-2.615944120776048],[-44.16343392109323,-2.617753636165862],[-44.16358766960503,-2.6181273455882623],[-44.1638628486851,-2.6180993965576307],[-44.164257362790785,-2.618252722005425],[-44.16445131138697,-2.618231774414289],[-44.16477241665639,-2.618398438863858],[-44.16595258120399,-2.6185272319654103],[-44.1663517664047,-2.618554999242115],[-44.16664333469208,-2.6186361573111943],[-44.16677718179392,-2.618636699067781],[-44.16755748998225,-2.6196191816489267],[-44.1683558002883,-2.6203128319762263],[-44.16989241560505,-2.620896791870884],[-44.171997965167336,-2.6210874390516277],[-44.1727672258758,-2.6213690148772404],[-44.17325269790268,-2.6217751488029526],[-44.17466860627124,-2.6223553149945906],[-44.17559541210813,-2.6225790983500104],[-44.17591433175051,-2.6226543023593565],[-44.17672747779882,-2.623231806144544],[-44.176894117851155,-2.623293973196575],[-44.17716376336299,-2.6233399251929086],[-44.17735976747912,-2.6233413212191707],[-44.17765774916597,-2.6233853016835504],[-44.17785167006558,-2.623408678499166],[-44.177904820948626,-2.6234249967483705],[-44.178069259698454,-2.623552385246022],[-44.17818699835584,-2.6238406746210696],[-44.17820223634575,-2.624060868957228],[-44.178404128903296,-2.6241366284320238],[-44.17873374564385,-2.624361824813398],[-44.178725164426424,-2.6246922765231506],[-44.17870951477034,-2.624964827938001],[-44.17884448352074,-2.6251779548572665],[-44.17885075677333,-2.625213781917767],[-44.17887478128532,-2.625340354000294],[-44.178880670647246,-2.6255508627689728],[-44.178845593451996,-2.6256823712340016],[-44.17936745427082,-2.626296409433437],[-44.17954770946646,-2.626723418248459],[-44.17965256167372,-2.62718592884561],[-44.179699165772796,-2.627585801347948],[-44.17964900796189,-2.6284959057206287],[-44.17965755528824,-2.6287685636218563],[-44.17970958190972,-2.628991677102487],[-44.17983956500103,-2.629401826887017],[-44.18007712673458,-2.629818741911143],[-44.18037307515762,-2.630086433279257],[-44.18073551791842,-2.6304622705337843],[-44.18110208845015,-2.631129578904653],[-44.18149226688692,-2.6315976151439155],[-44.18185162297531,-2.631880003049051],[-44.18213820154375,-2.6320337059829444],[-44.18231607710595,-2.6321113491575416],[-44.18262608855786,-2.6321958640347827],[-44.18283960897147,-2.632237345838825],[-44.1829776736486,-2.632256614724439],[-44.18299363889835,-2.6323277283717736],[-44.18283237167123,-2.6324385285513916],[-44.182152279931984,-2.632791334354947],[-44.18153554739774,-2.6330937941686394],[-44.18102322020538,-2.6335790556917167],[-44.17847023562788,-2.6366579560338055],[-44.17834627942876,-2.63693405394375],[-44.175740688744014,-2.6399664119502244],[-44.17791413436466,-2.6454341074281813],[-44.17830920966045,-2.6454343704963494],[-44.17836462029784,-2.64543540246307],[-44.17838182232206,-2.6456769471248345],[-44.17845482541899,-2.6458730266115933],[-44.17845832452968,-2.6460234670440723],[-44.178417647589484,-2.646050759450159],[-44.178341230125476,-2.6461220829904377],[-44.178326300548655,-2.6462545996957956],[-44.17844620054947,-2.646403398857506],[-44.17836428005862,-2.6466353790183095],[-44.178401363536125,-2.6467376256335315],[-44.17841769325471,-2.6468011407452705],[-44.17840661866905,-2.6469533807064147],[-44.17835172235268,-2.647127392789262],[-44.17831058169421,-2.6473123599147748],[-44.17833046116127,-2.6474493324336708],[-44.178199567689546,-2.6476025780953547],[-44.17811492855454,-2.6477281732281996],[-44.17787774062154,-2.647834760130883],[-44.17779277985287,-2.647902368959344],[-44.17777084205176,-2.6480223067579014],[-44.177774664904746,-2.648090788934565],[-44.17760047293287,-2.6484269194853924],[-44.177527002161895,-2.648803644093565],[-44.17749707484677,-2.6491713515536874],[-44.17745591570892,-2.6492475834273215],[-44.17738846810882,-2.6494934137188455],[-44.17732210544018,-2.6495945962285323],[-44.1770933981711,-2.6497988872950757],[-44.17671392898147,-2.650002263416221],[-44.17592864999774,-2.650248608774121],[-44.1755253757639,-2.6504022145090125],[-44.17526977657576,-2.650735395160573],[-44.17532006693738,-2.651133641670629],[-44.17556775137685,-2.651478376500484],[-44.1755706820137,-2.651671423952741],[-44.17555263502221,-2.651756355503829],[-44.17551822985188,-2.651821012656923],[-44.175395174755096,-2.6520900541100354],[-44.175346055721384,-2.6520964439994974],[-44.17524385466584,-2.652252603063962],[-44.175115889395386,-2.6523294098561343],[-44.17509134242011,-2.6524494362068527],[-44.174959184674755,-2.6528800362195306],[-44.17470705624458,-2.6529971056626582],[-44.174489660006984,-2.6532346934231805],[-44.174369966746816,-2.653452535545232],[-44.174046200606114,-2.653892233851466],[-44.1735311557383,-2.654386623329315],[-44.17329453408874,-2.6548569558861743],[-44.17323065324205,-2.6551479283838377],[-44.17310880154305,-2.655229081105015],[-44.173047298971476,-2.6553252910422964],[-44.17304871850544,-2.6553549634480467],[-44.17296758754014,-2.6554788414697104],[-44.172932046264684,-2.6554930200580094],[-44.17269537637597,-2.655629458066472],[-44.172568191611504,-2.6557492342778914],[-44.172597481741725,-2.655666481505396],[-44.172597840631795,-2.655127058445128],[-44.17231996705247,-2.6544596257773416],[-44.17242006380265,-2.6543574713696194],[-44.17233570553944,-2.6540591623030654],[-44.17205155207592,-2.65377229791953],[-44.171156423093414,-2.6525533570815356],[-44.170094933787915,-2.6522006555276385],[-44.1692706269462,-2.6517524953116403],[-44.1678826258277,-2.652718592932465],[-44.167240319058635,-2.652774244759866],[-44.16571846186292,-2.652133741326043],[-44.16420247233496,-2.652939539627081],[-44.16346312914649,-2.653362125899705],[-44.16309636685033,-2.6535274211066686],[-44.16172213888752,-2.6536697767118094],[-44.15988187037325,-2.6533990370083007],[-44.15891647657303,-2.653017444536988],[-44.15807716154968,-2.6524242580569592],[-44.15408926453333,-2.6516173232500337],[-44.153336680099564,-2.6518010756962904],[-44.15196317205198,-2.6508924422453504],[-44.150640796063264,-2.650194346424735],[-44.14804336426031,-2.6518247439640024],[-44.14684247957184,-2.6532826887908043],[-44.14679596804202,-2.654471677693786],[-44.14702889375799,-2.655336738171053],[-44.14707478963109,-2.6562260934532254],[-44.1472020577662,-2.6565117675684564],[-44.14740970811968,-2.6577681455250235],[-44.14736204029202,-2.6581503107682902],[-44.14703005341234,-2.6586277150764084],[-44.146319067174495,-2.659009419312341],[-44.146034395214144,-2.659486946498564],[-44.145354452260435,-2.659854197731591],[-44.14438469973473,-2.6601900374062484],[-44.14406658494327,-2.660506700717221],[-44.144002521038466,-2.661183214292431],[-44.143875040464266,-2.6617279722828013],[-44.14365238424194,-2.6618880233946043],[-44.14320733860639,-2.6619518495064654],[-44.14279435674122,-2.661566920687875],[-44.142343325067,-2.660660819286074],[-44.141064031853155,-2.6598400766514776],[-44.140316181136846,-2.659546188243786],[-44.139869028586695,-2.6597962710095717],[-44.13990269041148,-2.6598984250202045],[-44.13987282937078,-2.6601529612441563],[-44.1400296627115,-2.660219017173752],[-44.14037893500241,-2.6607640178059646],[-44.14041051216196,-2.661148679981413],[-44.14025118659591,-2.6616933243092595],[-44.13735702951999,-2.663614219933567],[-44.13595719931531,-2.6652476809550647],[-44.135575683259106,-2.6654076179982327],[-44.1349082701053,-2.6652148271483176],[-44.134574823611715,-2.6649394098171553],[-44.13389780024102,-2.664854893353696],[-44.13216086971069,-2.6574129942072537],[-44.12912772323452,-2.6555080071940407],[-44.1250936043421,-2.655505143457666],[-44.12306020929556,-2.6533496479745464],[-44.12263401590468,-2.650154096307456],[-44.12474130065968,-2.648791358554702],[-44.12370659394193,-2.6480007215908836],[-44.12132558107614,-2.6473268150242246],[-44.11963760505532,-2.6468489750316837],[-44.117762678318535,-2.6437436661641462],[-44.11546396131584,-2.642214688665313],[-44.11503815175241,-2.6386242822771973],[-44.113218335742296,-2.63736639480251],[-44.11207877845819,-2.6333805293243087],[-44.110973460388635,-2.631476904838572],[-44.10858234423078,-2.630398169656258],[-44.10511987322522,-2.629893081717865],[-44.10487083499915,-2.6287081455213035],[-44.106401728145265,-2.6210743163947017],[-44.107486598712775,-2.6149956234217253],[-44.10591685207125,-2.613522531943814],[-44.106454922523426,-2.609968734828727],[-44.10613430884104,-2.6089991341136884],[-44.10445686998876,-2.608459425461378],[-44.105317081608064,-2.60357745126378],[-44.10453253677564,-2.6023203088730167],[-44.10567667927577,-2.5997721369434617],[-44.106891049107425,-2.598911367227317],[-44.10981352909948,-2.5998607418671074],[-44.114726581830304,-2.5984855975998062],[-44.11672596825458,-2.598084907763201]]]}},{"type":"Feature","properties":{"sigla":"ZRMS","nome":"Zona Rural Mata/Santana","familia":"rural","cor":"#a8c686","fonte":"LC 77/2025, Anexo III - Tabela 1 (memorial descritivo)","vertices":415,"aneis":1,"area_m2":6960933.6,"area_ha":696.09,"area_km2":6.961,"na_tabela7":true,"area_min_m2":200.0,"testada_min_m":10.0,"atme_pct":360.0,"alml_pct":30.0,"altura_max_m":60.0,"taxa_ocupacao_max_pct":70.0,"coef_aproveitamento":3.6,"edificacoes":2851,"area_construida_m2":230578.3,"domicilios":1836,"enderecos":2255,"estab_ensino":10,"estab_saude":1,"estab_outros":175,"em_obra":173,"ocupacao_observada_pct":3.3,"densidade_dom_ha":2.64,"area_media_edif_m2":80.9,"lotes_teoricos":34804},"geometry":{"type":"Polygon","coordinates":[[[-44.16486761212331,-2.5765917481572918],[-44.16498243671648,-2.576652071296836],[-44.165062356998874,-2.5767191560560363],[-44.165128967488556,-2.576782342191456],[-44.1656435468488,-2.57749551918978],[-44.165694320970424,-2.577567198284315],[-44.16583792562547,-2.5777711030377475],[-44.16609520841026,-2.5781387278422048],[-44.16624927495077,-2.5784381670274112],[-44.166363916671465,-2.57836523991531],[-44.16641971448695,-2.578457638040321],[-44.166524327133324,-2.5785917711416606],[-44.16664328521244,-2.578658881561344],[-44.166800313309466,-2.57869245573361],[-44.167024086187126,-2.578721369792007],[-44.167152529375386,-2.578726248756706],[-44.16733340319245,-2.5787454551417976],[-44.167599882975836,-2.5788030735575713],[-44.16791713509085,-2.578797040234773],[-44.168184258323215,-2.5789719878367],[-44.16828180419706,-2.5790462305503294],[-44.16834363737541,-2.5791253347334675],[-44.168369764195944,-2.5791995305254387],[-44.16840067538443,-2.579247405093712],[-44.168474423781866,-2.579261836956243],[-44.16856248644205,-2.579257100326572],[-44.16863148936795,-2.5792379677553954],[-44.16874815716902,-2.579230897892423],[-44.168869499239214,-2.579228535098368],[-44.16894569798316,-2.579209497694186],[-44.169007579419805,-2.579214332790131],[-44.16906701827685,-2.5792406961783088],[-44.16910749356478,-2.5792430747513335],[-44.169174146912795,-2.579240766492922],[-44.1692145570821,-2.579204879694799],[-44.1693193517537,-2.5791977115233355],[-44.16937880769837,-2.5791977505362698],[-44.16942160920882,-2.579219308519737],[-44.169485886639464,-2.5792744419078257],[-44.16950725400945,-2.5793366936226327],[-44.16952629979503,-2.579372619439992],[-44.1696048108683,-2.579394200847565],[-44.169685704078695,-2.5793487516407114],[-44.16981910705655,-2.5791956873524167],[-44.1698667425917,-2.5791143029918366],[-44.169928645739766,-2.5790856671988083],[-44.17000006331252,-2.57908806603007],[-44.170078572804236,-2.579112089872344],[-44.170204613873686,-2.579215118004818],[-44.170383277539834,-2.5793140193777475],[-44.170395955707924,-2.579321083706173],[-44.17040180025107,-2.5793243441608733],[-44.17040530701214,-2.5793262461566298],[-44.17040944311973,-2.5793286008737786],[-44.17042976421562,-2.5793398314531113],[-44.17046285342942,-2.5793581264191676],[-44.170528133723224,-2.579392635139822],[-44.170546027911115,-2.5794012407356735],[-44.170729645841185,-2.5794892899074027],[-44.170801581171936,-2.5795256122144155],[-44.17110073910007,-2.579681583384284],[-44.17114825599231,-2.579783384032982],[-44.17117793214669,-2.579932936831754],[-44.171273016386095,-2.580058650550043],[-44.17160351943975,-2.5802874639471427],[-44.17187711493859,-2.5804701949838837],[-44.17204663714311,-2.5805181602282463],[-44.17215970837038,-2.580509278492522],[-44.17233015945876,-2.5805118324726113],[-44.172576166714734,-2.5805155213841027],[-44.17274568395189,-2.5805712662601934],[-44.17294164690415,-2.5807649827189096],[-44.17300016560464,-2.5808236402486737],[-44.17306830075179,-2.5808947877982114],[-44.17313673428011,-2.5809217901592727],[-44.17319919641832,-2.5810026134157],[-44.173228279879766,-2.581095355820691],[-44.17331387392853,-2.5811528550367084],[-44.17349236876159,-2.5812355633502575],[-44.173588694606245,-2.581249919260186],[-44.17367532322924,-2.581237582579734],[-44.173688636866956,-2.5812356915778727],[-44.17376365877502,-2.5812285036348017],[-44.17384217238612,-2.581246556827711],[-44.173863533860185,-2.5813183070382584],[-44.17384918095526,-2.5813973613333436],[-44.17386704138042,-2.5814583442958776],[-44.17392054697909,-2.5814799091668856],[-44.17397765975902,-2.5814871834170225],[-44.174106140919136,-2.5815733870200797],[-44.17434874112474,-2.5818392319442345],[-44.17442003109487,-2.5819003402529472],[-44.17448073029405,-2.581925528280511],[-44.17457716006628,-2.5819183542756567],[-44.174680709628156,-2.5818897454435716],[-44.17483066120885,-2.5818790783334014],[-44.17492339147121,-2.581889903802162],[-44.17503460066165,-2.581979081316905],[-44.175204026810285,-2.582176670150199],[-44.175471547888804,-2.5825747865214974],[-44.175557762532996,-2.582646669495856],[-44.175632309087575,-2.5826793748546892],[-44.175715592059184,-2.5826944458351937],[-44.17584350326121,-2.5826884682810176],[-44.17606075485966,-2.5826497112689184],[-44.1761172234607,-2.5826796909636744],[-44.17639090900595,-2.582724738405958],[-44.17649964993005,-2.582736116985192],[-44.17670921693064,-2.5827578738817616],[-44.17693814978898,-2.582877704089677],[-44.17711958390393,-2.583006459081502],[-44.17722360282284,-2.58308730930334],[-44.17726224424622,-2.5831442350153795],[-44.17731581533415,-2.5832040652268695],[-44.17738414189627,-2.5832579345529894],[-44.17744664675326,-2.583272991914605],[-44.17751796282693,-2.583293935033865],[-44.17760729948066,-2.5832670355053926],[-44.177646014074924,-2.583210250591417],[-44.17767277703461,-2.5831354559717865],[-44.17772333986269,-2.583117577399706],[-44.17779474396705,-2.583141505803759],[-44.17789292587101,-2.5832074259681383],[-44.177952368635964,-2.5832284518032615],[-44.17802379584553,-2.583216466815832],[-44.178261852723686,-2.5831358390743735],[-44.17838979857318,-2.583076126887955],[-44.17845523762083,-2.5830043426196085],[-44.17847910867896,-2.5829505332631055],[-44.17849401180884,-2.5828547437243294],[-44.17864580368087,-2.582780120769853],[-44.178729104130575,-2.5827681434465295],[-44.17886606213688,-2.582681479378251],[-44.17908651017051,-2.582427605299149],[-44.179209381091866,-2.5822864739124647],[-44.17941983705149,-2.5820444437649455],[-44.179562691406744,-2.5818801670159353],[-44.179604326259344,-2.581898105501564],[-44.17970540770923,-2.581931099239964],[-44.17977979737038,-2.5819281622460313],[-44.179830375514385,-2.581886311144559],[-44.1799103525122,-2.581726697578792],[-44.17994683203817,-2.5816483811392765],[-44.18004780176215,-2.581434684886468],[-44.180096877008275,-2.581351853501736],[-44.18023779990606,-2.5811133060598865],[-44.18038376642535,-2.5808645396446868],[-44.18042680033118,-2.5808046816703536],[-44.18052430182758,-2.580669051803971],[-44.180839614571774,-2.58074406808828],[-44.180925864054245,-2.5807620354108356],[-44.18102106056837,-2.5807142426254828],[-44.181161038235516,-2.580546797545942],[-44.18137828000367,-2.580382387674895],[-44.18143181292686,-2.580361525576498],[-44.18149431973138,-2.580373507000479],[-44.181547824017635,-2.5803974235881038],[-44.18157757411775,-2.580433356261353],[-44.18157753391147,-2.5804962273540584],[-44.18155668688109,-2.580603863697868],[-44.18157445272697,-2.580672716803161],[-44.18163090231371,-2.580732639189663],[-44.181707774927496,-2.5807853378215664],[-44.18174392459805,-2.5808006492881246],[-44.18178197054233,-2.5808044733005673],[-44.18182011008007,-2.580802598263557],[-44.1818810213743,-2.5807777605911415],[-44.18202391524019,-2.580691733114168],[-44.182141933076714,-2.580684120135551],[-44.182238984271414,-2.5806898819781345],[-44.182288553444245,-2.5806784253351736],[-44.182450430195345,-2.5805866204940004],[-44.182720894743674,-2.580464309590072],[-44.18283704565589,-2.580422229284085],[-44.182917019964194,-2.580406992840052],[-44.18301029452055,-2.5804108524755534],[-44.18312829399255,-2.580432006323168],[-44.183148167902495,-2.5804395275057277],[-44.183244389881104,-2.5804761363003133],[-44.18339098336103,-2.580512596675886],[-44.18351285435566,-2.5805279634178504],[-44.18361531618881,-2.580512289129861],[-44.18387660076541,-2.580398023141538],[-44.184375021147225,-2.5802359650402513],[-44.184478975114196,-2.5797136133691114],[-44.18431004773016,-2.580565747987612],[-44.184247216822456,-2.5809209521511627],[-44.18418837299975,-2.5810889927867104],[-44.18411289580916,-2.581245714923322],[-44.18377043150636,-2.581572333512879],[-44.18299355944478,-2.582389880418806],[-44.18241566041207,-2.582915724645359],[-44.181337222757875,-2.5836778929986415],[-44.18117373952804,-2.583889649149753],[-44.18105820456986,-2.583952535847388],[-44.18009109491383,-2.5846174376407656],[-44.179648297088264,-2.585003784723332],[-44.17853951566431,-2.586508351200465],[-44.17775962034839,-2.5878201748932006],[-44.17733680236583,-2.588604927943725],[-44.17692205213677,-2.588734651152929],[-44.17493606223181,-2.589566597933853],[-44.173578309240604,-2.5902102493928245],[-44.172584901392746,-2.590775255497326],[-44.17184095388641,-2.591568931034857],[-44.17157926329827,-2.591888179600595],[-44.16872381499635,-2.5963018260474193],[-44.16815721336697,-2.5972773523489407],[-44.16813427528582,-2.597416195897199],[-44.167902694493755,-2.5979049881439455],[-44.16786340194869,-2.598156083819399],[-44.16743823569726,-2.598664830170573],[-44.16722307782228,-2.599210533408223],[-44.166924584383466,-2.5995454960170385],[-44.164850333382766,-2.6006503738337705],[-44.16404037719049,-2.6015416053630025],[-44.16337084700763,-2.6037737513711248],[-44.1631665996246,-2.604138265745627],[-44.16290006999394,-2.6051031319668074],[-44.16277779444458,-2.6054258171999254],[-44.16255175542082,-2.6058253253906503],[-44.16231132529084,-2.6069033760601035],[-44.16184410900304,-2.6076047737516155],[-44.16182060856168,-2.60764012848743],[-44.16181160460916,-2.607653601231268],[-44.16180971379647,-2.607656404273624],[-44.16178234387263,-2.6076941988796154],[-44.161664581123446,-2.607856860362497],[-44.16169820553091,-2.608154320444739],[-44.16176820282343,-2.608402051035489],[-44.162012757126234,-2.6087053514408316],[-44.16225565851986,-2.608923978709055],[-44.16241823835391,-2.6090004370846],[-44.16286512180935,-2.6099379179803557],[-44.16273658439948,-2.609935027654608],[-44.16269187960035,-2.6099340931194415],[-44.16267577870071,-2.6099337204969806],[-44.16266813302816,-2.6099335344565926],[-44.16266651397907,-2.609933442911373],[-44.1626654345731,-2.609933442188921],[-44.16266453506813,-2.609933441586876],[-44.162291694467335,-2.6099268596774117],[-44.161511727928136,-2.6099352928586126],[-44.16124510556726,-2.609948954746912],[-44.1606976659926,-2.6099502159060264],[-44.159914475382614,-2.610073260644824],[-44.15917124105279,-2.610304161792514],[-44.15853574679996,-2.610701041234592],[-44.157941367252846,-2.611221518257018],[-44.15759565491332,-2.611675401868274],[-44.15727073725794,-2.612239662275044],[-44.15714411362382,-2.6132786169417224],[-44.15671553071153,-2.6143089547546694],[-44.15485935786664,-2.615847714616104],[-44.1537524465635,-2.6162162279016523],[-44.1531572817357,-2.616425604045646],[-44.15217772961826,-2.6154705720805387],[-44.151148371487274,-2.615013495378204],[-44.15014744156077,-2.6149532005384524],[-44.14935694038767,-2.61551008447942],[-44.1488579994031,-2.6153542415368634],[-44.14846656241232,-2.614912523815824],[-44.14803861971989,-2.614716835672742],[-44.14770873423395,-2.6149047698862504],[-44.14707435229391,-2.6153794389239526],[-44.14691530733211,-2.6163295346078996],[-44.146122930633915,-2.615933134627105],[-44.1450931542992,-2.614903162785962],[-44.14501472900719,-2.613557137659392],[-44.144903270359116,-2.6127744819894225],[-44.14485689655529,-2.612448609205306],[-44.143929895292715,-2.61280800988555],[-44.14342991007702,-2.613001887287312],[-44.1434012112211,-2.6130088331199297],[-44.14310902311231,-2.6131850319424568],[-44.14262497667348,-2.613220160642405],[-44.142470074589895,-2.613231452438153],[-44.14235484259929,-2.6132397862284735],[-44.14231886304899,-2.613238947381473],[-44.141814275008784,-2.6131902042363455],[-44.14174144130164,-2.61315188917619],[-44.141583529417446,-2.612562064989123],[-44.14173709213119,-2.6118735807598297],[-44.14265550828711,-2.6102449161344246],[-44.14319900802255,-2.6100807397611208],[-44.143308295623285,-2.61008334751942],[-44.14396229819435,-2.6099868208918733],[-44.144759252265835,-2.6095934076685547],[-44.14522944898926,-2.6091530926620354],[-44.14534912623408,-2.6089552453744513],[-44.1450180620547,-2.6080939194978505],[-44.14250917523602,-2.6074331944775344],[-44.14241168709827,-2.60661011265502],[-44.14492698269075,-2.604169019033288],[-44.14946175789645,-2.6045003874067416],[-44.15036719373259,-2.6022164919563493],[-44.15060499007659,-2.6015902989296036],[-44.15074294617637,-2.6012268283175906],[-44.15086873899908,-2.601027717626761],[-44.15108220151431,-2.6007406473405554],[-44.1511564559947,-2.6006717660280727],[-44.15124788055621,-2.600618274739285],[-44.15143458993583,-2.6005226024077994],[-44.15158503166977,-2.6004537725463845],[-44.15173924486893,-2.6003945341099963],[-44.15196212413032,-2.600283598145497],[-44.152169720814115,-2.6001593539936945],[-44.15297548110804,-2.5994973587853947],[-44.15306888062576,-2.5994495677074045],[-44.15344025039866,-2.599227644935751],[-44.153529779466034,-2.599183741041617],[-44.153588801660156,-2.5991608036228655],[-44.153817346169916,-2.599051770708509],[-44.153981133323015,-2.5989331956879953],[-44.15405170601806,-2.5988547227300756],[-44.15408791799239,-2.5987762266312817],[-44.15427088015552,-2.598498723803013],[-44.15430625721347,-2.5984583113726165],[-44.154381332268194,-2.5983724235763854],[-44.15445755517084,-2.5983188312618215],[-44.15452234046274,-2.598286308750152],[-44.15457373092125,-2.5982422886253804],[-44.154605499453915,-2.5982177044976287],[-44.1546899155034,-2.598152448153884],[-44.15474517251553,-2.598110330308466],[-44.154798532946145,-2.59807969978182],[-44.15502129493606,-2.598009018296222],[-44.155078420489126,-2.597997568103934],[-44.15512224241839,-2.597972720676854],[-44.155200343993506,-2.5979345080015035],[-44.155246056180665,-2.597907671688113],[-44.155569398599575,-2.5976761268193957],[-44.15582038713593,-2.5974963676372473],[-44.15591084033321,-2.59741510355608],[-44.15600619216267,-2.5972715148277903],[-44.1561919928893,-2.5969174830361688],[-44.15626832937669,-2.596692466209513],[-44.156349480666314,-2.5963958071385567],[-44.15670517960266,-2.596472847484358],[-44.15681175531549,-2.596494539236613],[-44.15708472264347,-2.5965386865063733],[-44.1572424019987,-2.5965417774202084],[-44.15736735163701,-2.5965269350131623],[-44.15754063156172,-2.596470693620512],[-44.15820729800058,-2.5955781947664645],[-44.158302728540264,-2.5954509793116314],[-44.158673819782656,-2.594967349004039],[-44.15892747282251,-2.5945654172076984],[-44.1591133915256,-2.5941669680528863],[-44.1592636025489,-2.5937649669833984],[-44.159274603837545,-2.5937233620355307],[-44.15937812490971,-2.5933306472736852],[-44.15940330850158,-2.593061450618444],[-44.159371383870656,-2.592777741995026],[-44.159325119343166,-2.5925515573255518],[-44.15915974996814,-2.5922074218030486],[-44.15905420468464,-2.5919877107981146],[-44.15890018883068,-2.5916135496448893],[-44.15852166040678,-2.5906938462167894],[-44.15840914829667,-2.5903998616902943],[-44.1581453446956,-2.5896930003610406],[-44.157807047847626,-2.588464940708567],[-44.15785427885497,-2.58804423587022],[-44.15793625527001,-2.5874489635310383],[-44.15792915646872,-2.5873017779511533],[-44.15791501086509,-2.587201265797866],[-44.1578757577376,-2.5871186482665913],[-44.157818687656295,-2.5870467837636535],[-44.15780358455971,-2.5870341995387034],[-44.15756768628498,-2.586841178222884],[-44.15747149569583,-2.586758432225713],[-44.157312023489,-2.5866115972550987],[-44.1572228772981,-2.5864858867522447],[-44.157181321867775,-2.586348267107733],[-44.15716361472718,-2.5861926615526643],[-44.15718150749953,-2.586067022511001],[-44.15722567793308,-2.5859222231750945],[-44.15792090443006,-2.584401757964201],[-44.15798354822076,-2.5842052268888303],[-44.15803020944865,-2.5839657159429343],[-44.15986257451629,-2.583932469735503],[-44.159870259333694,-2.5838728606906636],[-44.15988935233834,-2.5838365078456604],[-44.159950036488674,-2.583747081724658],[-44.159962551470244,-2.5837286358895684],[-44.160008649850326,-2.5836606394523116],[-44.16012407585178,-2.5834903770794684],[-44.16023049816767,-2.5833334970124353],[-44.16029343323594,-2.5832406348152257],[-44.16033746073955,-2.583175712670882],[-44.16044838470049,-2.5830123223259607],[-44.1604535167572,-2.5830047269640133],[-44.16046225026018,-2.582991796762277],[-44.16046657200763,-2.5829853768622417],[-44.16047143392147,-2.5829782336285096],[-44.16047917698032,-2.5829668406151436],[-44.160484038894005,-2.582959697381314],[-44.16048628980525,-2.582956351798685],[-44.16048773040744,-2.5829541816781343],[-44.160490701560356,-2.582949841496726],[-44.16050690797818,-2.582925970409145],[-44.160530317286764,-2.5828914296409002],[-44.160569482791296,-2.5828337411761035],[-44.16068328693819,-2.5826674579327564],[-44.161188824858094,-2.581940663343981],[-44.16240679350689,-2.580191852813262],[-44.162793664559196,-2.579637398218541],[-44.16285847742259,-2.5795609105620563],[-44.16304026429302,-2.5792839468419615],[-44.16336953318212,-2.5787824643193336],[-44.16346991737826,-2.5786419532749902],[-44.16371714053709,-2.578297367289402],[-44.16386515021715,-2.578091122024253],[-44.16395040881449,-2.577972311713125],[-44.16400378810505,-2.5779111044162186],[-44.16486761212331,-2.5765917481572918]]]}},{"type":"Feature","properties":{"sigla":"ZRI","nome":"Zona Rural Do Itapari","familia":"rural","cor":"#a8c686","fonte":"LC 77/2025, Anexo III - Tabela 1 (memorial descritivo)","vertices":322,"aneis":1,"area_m2":5427354.5,"area_ha":542.74,"area_km2":5.427,"na_tabela7":true,"area_min_m2":200.0,"testada_min_m":10.0,"atme_pct":180.0,"alml_pct":40.0,"altura_max_m":60.0,"taxa_ocupacao_max_pct":60.0,"coef_aproveitamento":1.8,"edificacoes":867,"area_construida_m2":90654.2,"domicilios":506,"enderecos":588,"estab_ensino":5,"estab_saude":0,"estab_outros":50,"em_obra":18,"ocupacao_observada_pct":1.7,"densidade_dom_ha":0.93,"area_media_edif_m2":104.6,"lotes_teoricos":27136},"geometry":{"type":"Polygon","coordinates":[[[-44.056772141066205,-2.497061903788052],[-44.05685838847654,-2.4970691122782838],[-44.05682021150055,-2.4977590164334043],[-44.05675782297486,-2.498599427055962],[-44.056991620715365,-2.499799264668223],[-44.056989615738836,-2.5008438851252577],[-44.05703499243783,-2.5014081114281166],[-44.05696087245151,-2.5017985698802425],[-44.05677952346308,-2.502342731284479],[-44.056694236737926,-2.5036331592516916],[-44.05673102789807,-2.5036254968416283],[-44.056853254361755,-2.5041324276467196],[-44.05711497667,-2.5046422636185635],[-44.05741826805405,-2.5051292435192827],[-44.05757986958812,-2.505662978783837],[-44.05781664024086,-2.505975053109639],[-44.05837873661536,-2.507279970854648],[-44.05866038365948,-2.507849976700723],[-44.06011748043757,-2.5091597930639455],[-44.061198427786515,-2.51049575146695],[-44.06157743877343,-2.511379449803751],[-44.0618832736614,-2.512465090847618],[-44.06208780372203,-2.513342240769346],[-44.06255471702007,-2.514185657983155],[-44.06327403440091,-2.5153682987202806],[-44.063764804341034,-2.5160562337623515],[-44.063715159781324,-2.5160517654371732],[-44.06244894191683,-2.5158288641881974],[-44.06156866417733,-2.515857084400306],[-44.06136855156152,-2.515846989157628],[-44.06116302358193,-2.5158633040556793],[-44.06044741307204,-2.516039362465102],[-44.06031488439133,-2.516102045170877],[-44.05994271077928,-2.516472839122164],[-44.059797009823995,-2.5165924110221294],[-44.059763094975,-2.516853089767112],[-44.05975610480033,-2.517319854008515],[-44.05982419965501,-2.517683639694529],[-44.05996985603735,-2.518002975712594],[-44.06051223006273,-2.5192218540594613],[-44.06056510067874,-2.519368436268302],[-44.060658707082446,-2.519776927359615],[-44.060659775456394,-2.520168616417417],[-44.060411188721694,-2.5209039597406475],[-44.06022159346617,-2.521277147189682],[-44.060135243765174,-2.52128486400673],[-44.06005601676769,-2.521393809799483],[-44.05998510432938,-2.5214471292302187],[-44.05987472633162,-2.521474096382823],[-44.05981503797179,-2.5215533857294736],[-44.059703581314025,-2.521579447487869],[-44.05959221080705,-2.5217360418622397],[-44.05955973788697,-2.521866731755831],[-44.05951949062789,-2.521926948315707],[-44.05952908142223,-2.5220981040057913],[-44.05957094441864,-2.522167607052012],[-44.05962794688357,-2.522196414476187],[-44.05967285400759,-2.5222852779937437],[-44.05969077461695,-2.5223796399157306],[-44.05978391039919,-2.5224409484265133],[-44.059774754095514,-2.5225414419033987],[-44.05967787832479,-2.522553040754388],[-44.05969885981353,-2.522643424698321],[-44.059626828340456,-2.522751923350367],[-44.059513594177474,-2.5228733277090116],[-44.0594184264171,-2.5230112992064098],[-44.05940326911626,-2.523076780614181],[-44.05942419951081,-2.5231130699481876],[-44.05939992531065,-2.5232241361401524],[-44.05947918158992,-2.5233250557083946],[-44.059438337040035,-2.5233402231545323],[-44.059520699949324,-2.5234986770038876],[-44.05996061162083,-2.5232406453416325],[-44.06004370424785,-2.523259792591931],[-44.060166779812654,-2.5232111245030557],[-44.06025554878965,-2.5232163451506233],[-44.06035830974408,-2.5232758514588736],[-44.060501534260325,-2.5234750561173653],[-44.0604827071691,-2.523515749075828],[-44.06050715403718,-2.5236652053924735],[-44.06058592949415,-2.52380963545108],[-44.06072771929133,-2.5238775827996403],[-44.061047735458686,-2.523623534336848],[-44.06138735752052,-2.523496776067855],[-44.06157353501218,-2.523500258115567],[-44.06183370500298,-2.523545314573609],[-44.06194768122214,-2.5236433645510608],[-44.062030695418706,-2.5236465908147827],[-44.062078171245034,-2.5236655312126146],[-44.062201894233155,-2.5237175445006397],[-44.062379930870485,-2.523785427513124],[-44.06243785707457,-2.523906051649049],[-44.06249759081229,-2.5240145555594222],[-44.06257762263605,-2.524037771126044],[-44.062614768699696,-2.524037798046294],[-44.062617205092785,-2.524152230741672],[-44.062496850444376,-2.5241691498466645],[-44.062375046805364,-2.52419990815053],[-44.062221952092415,-2.5243438986998377],[-44.062246217969786,-2.5246206310572523],[-44.062324072401694,-2.5246700782477727],[-44.062464852051626,-2.524641866581687],[-44.06259614704123,-2.5245449894658556],[-44.06265415974658,-2.5245449410563356],[-44.0626848040689,-2.5245811469610393],[-44.062664444424556,-2.524626814117133],[-44.062647417237926,-2.5246660610823457],[-44.06263615412252,-2.524694457117253],[-44.062616781697265,-2.5247431101414826],[-44.06268840208393,-2.5248317216470646],[-44.062696126927264,-2.5248459293462706],[-44.06276340482237,-2.524969816805724],[-44.06282030583674,-2.5252660215906957],[-44.06280020934873,-2.5254464731985986],[-44.062999296539466,-2.5257600587828],[-44.06308257887696,-2.5258913755121775],[-44.063108362918996,-2.525932372239124],[-44.06320375382958,-2.5261106460943825],[-44.06348205858678,-2.5263290355069605],[-44.063666142594194,-2.526493442907279],[-44.063755208163364,-2.526587313691801],[-44.0639163226764,-2.526673999931555],[-44.064116217361544,-2.5267397276985677],[-44.06439124722375,-2.526884571257387],[-44.06448968073565,-2.5269590905186594],[-44.064706594119414,-2.5271232502441507],[-44.064803434216024,-2.527162127382632],[-44.06516575183141,-2.52724624537946],[-44.06556299701643,-2.527162857924919],[-44.06590033154453,-2.5270920913174932],[-44.06600648052143,-2.5275716928973604],[-44.06601309791102,-2.527625340056684],[-44.06601380568094,-2.5276418041639848],[-44.066015843703944,-2.527684683353472],[-44.06601202777607,-2.527738322968431],[-44.06600246310058,-2.5277813746861084],[-44.06598912634066,-2.527816734633815],[-44.06595581137389,-2.5278674582163574],[-44.06578911826206,-2.5280348682934504],[-44.06528904667498,-2.5284002333879885],[-44.065129062573774,-2.528493019262229],[-44.06491304005489,-2.528591734837936],[-44.0648780441649,-2.5286032882811793],[-44.06445529079537,-2.5287620998950207],[-44.06426832499587,-2.5288533282631964],[-44.064190940874504,-2.528900220532782],[-44.064087547375784,-2.528969437378343],[-44.064063520690276,-2.5289862453825465],[-44.064045971868545,-2.5290002538454623],[-44.06399026573784,-2.5290445384949893],[-44.063836183464424,-2.529185090911555],[-44.06347418436622,-2.5289072993551724],[-44.06338159086241,-2.5288414683099187],[-44.06325886413925,-2.5287791433089253],[-44.062564753141494,-2.528563798844356],[-44.06185844434322,-2.5284263306071573],[-44.061557269493896,-2.5283676751129893],[-44.06143784274355,-2.528344430758788],[-44.06143100927309,-2.5283414406384197],[-44.0611920590942,-2.5283043595861314],[-44.06097223153078,-2.5281910353077257],[-44.06089133166382,-2.5281239462236074],[-44.060582109689975,-2.5279992494945973],[-44.060393974879496,-2.5279651904414253],[-44.060372566605665,-2.5279679791000382],[-44.060192358192744,-2.5280430195407906],[-44.05994186372267,-2.528175178974488],[-44.05980320540782,-2.528254682086009],[-44.059781790294515,-2.5282669689387305],[-44.059776121588,-2.52827022134085],[-44.05977027332251,-2.5282730213164015],[-44.05974193187323,-2.52828638863486],[-44.059713315777984,-2.528306449729731],[-44.059697116077274,-2.528320459101984],[-44.05968766621372,-2.52832868400346],[-44.059682264989206,-2.528335193129188],[-44.059651927615484,-2.528372440207024],[-44.059582128115906,-2.5285032837623223],[-44.05939411828417,-2.5285454816950903],[-44.05930029331706,-2.5285664903214484],[-44.05920665318613,-2.528580624180011],[-44.059159522526,-2.5285818562657933],[-44.059112483437886,-2.5285808269381342],[-44.05873491195814,-2.5285720485838374],[-44.05855078986522,-2.528586206886331],[-44.05848737705758,-2.5285910454398173],[-44.0583706202802,-2.528607242936457],[-44.05833769313453,-2.5286187072301187],[-44.05831770938876,-2.5286416692706033],[-44.058308975859156,-2.528654327176902],[-44.058279173730675,-2.5286976353558357],[-44.05821595866444,-2.528802431356961],[-44.05815357479206,-2.5288771050735916],[-44.05807950846605,-2.528937839558034],[-44.05771135411214,-2.5289662464286424],[-44.05685805790708,-2.5293587584640704],[-44.05062857915093,-2.5209199829649815],[-44.04926402525199,-2.519750253087195],[-44.047746436234476,-2.519141255147624],[-44.035730548776556,-2.514996334876011],[-44.03521332850752,-2.5148343916435723],[-44.03492787677222,-2.5146845610834108],[-44.0345592060351,-2.514444933766982],[-44.03442567349954,-2.5141602520136566],[-44.034052106076786,-2.513363577585605],[-44.033847272632265,-2.512926872570256],[-44.03563189626161,-2.511670553426239],[-44.03567360672457,-2.511455202583107],[-44.03574512910684,-2.5113057276648663],[-44.0358582807689,-2.5111741944011268],[-44.03601008525341,-2.5110720888072464],[-44.03617667255077,-2.5110482407958616],[-44.036383061121484,-2.5109594730129396],[-44.03642660608858,-2.510940689903746],[-44.03661715024471,-2.510749420770936],[-44.036760104867014,-2.5104502897201733],[-44.036974323108716,-2.5103547431967894],[-44.037331305444596,-2.510343066959612],[-44.03758121254545,-2.510271427798378],[-44.03770030009153,-2.510139808200493],[-44.03774807110059,-2.509876609020588],[-44.03804581278194,-2.509577592171471],[-44.038534077949315,-2.508991600344299],[-44.03898647039146,-2.5086329042210314],[-44.03972450176264,-2.5081667728132393],[-44.03983167043206,-2.507975350894474],[-44.03983180999874,-2.50778394047824],[-44.039392218130274,-2.5069937312830524],[-44.03934480549879,-2.506766373730979],[-44.03935683465852,-2.506551000566628],[-44.03944023274853,-2.506395473198105],[-44.03966631359966,-2.5063118751852596],[-44.039868632814,-2.5062521406947567],[-44.04010662336847,-2.506240375544805],[-44.0403899861282,-2.5062940453961655],[-44.04064196795086,-2.5063364752064516],[-44.040963173591955,-2.506420476481738],[-44.04130828311417,-2.506408789984858],[-44.04158189888907,-2.506385019783296],[-44.04181991568754,-2.5063373422341275],[-44.04208182755582,-2.5062059174329168],[-44.042209291684294,-2.5060564828895853],[-44.042391375687785,-2.505871085897093],[-44.04247484294996,-2.5056198528917153],[-44.04252260388874,-2.5053685936321965],[-44.04246336201162,-2.5050813436312542],[-44.042284269543906,-2.5047393685060446],[-44.042237565237045,-2.5046504132609666],[-44.04220066815936,-2.504556309075477],[-44.04201196285883,-2.5040758346008003],[-44.041952631177885,-2.503788494111748],[-44.04193402896033,-2.5033957991446765],[-44.04191748417657,-2.503142321659479],[-44.04197719525342,-2.5027833348576873],[-44.04208450494062,-2.502520178777976],[-44.04227497436155,-2.5023049363862806],[-44.04253692004419,-2.5021255680534455],[-44.04295338571318,-2.502066080363199],[-44.043568097396964,-2.5021057901996033],[-44.04410743565559,-2.502150691151997],[-44.04459524459113,-2.502186960578582],[-44.04476354565625,-2.5021550613933226],[-44.04503556190519,-2.5021035180772615],[-44.04545207106556,-2.501984145839924],[-44.04602339822438,-2.5016973568796184],[-44.046105371224286,-2.501645402972467],[-44.04647573448652,-2.5014104806445525],[-44.04672018358008,-2.501297223817136],[-44.04693998083883,-2.5011953467435686],[-44.04709478951025,-2.501165246512071],[-44.04736833592118,-2.501111894535044],[-44.047613318149985,-2.5011322456325287],[-44.04795138292214,-2.501160263128889],[-44.0483796259842,-2.5012323093135818],[-44.04873648620628,-2.5013881587536813],[-44.04897425230481,-2.5016874796342865],[-44.04916419497889,-2.5022022387914715],[-44.04918935543237,-2.5023587510450205],[-44.04921039694849,-2.502489841343706],[-44.04922230542532,-2.502564207248784],[-44.049235288557256,-2.5026449965202433],[-44.04923668751769,-2.5027006297712346],[-44.04924682440065,-2.503111682459044],[-44.04931486075391,-2.5035533524709566],[-44.04932972095503,-2.5036503352602866],[-44.04936573420933,-2.503723633236288],[-44.04944853772289,-2.503892218563184],[-44.049547101019144,-2.5040327731165846],[-44.049676751621966,-2.5042178561210986],[-44.050000336628756,-2.5043712389275994],[-44.05055641491509,-2.504403666515021],[-44.051003567903656,-2.5043215840026463],[-44.05177221042533,-2.5041805750186072],[-44.052581781229684,-2.504032087163135],[-44.05294716753303,-2.5039650511237337],[-44.05317655612766,-2.503908771298817],[-44.053702360594045,-2.5037660468358403],[-44.053925311867616,-2.5036562104334688],[-44.05430067608158,-2.503471313052664],[-44.05442564748259,-2.5034098010626398],[-44.05453713650001,-2.5033361577690894],[-44.054749507432845,-2.503180631677217],[-44.05498788489965,-2.5030058565936524],[-44.055259512704474,-2.502618345790644],[-44.05532658602927,-2.502398126522049],[-44.055416918636105,-2.5021014861609463],[-44.0553459068353,-2.501541312165045],[-44.05519940861551,-2.5011438194194104],[-44.05494681076258,-2.5005789006165484],[-44.054699350693745,-2.5002499027884366],[-44.05434474361928,-2.4997091531970264],[-44.054031141775994,-2.4991791979364293],[-44.05387717196998,-2.498917117051897],[-44.05381456164444,-2.4986826018817916],[-44.053744237138595,-2.498419224697362],[-44.05372541655651,-2.4980745621394327],[-44.053935133530764,-2.4977300650202294],[-44.0541459363826,-2.4976276370231094],[-44.05448107958837,-2.4974647818150655],[-44.054887679662905,-2.4973654804169074],[-44.05559174859901,-2.4972142893618408],[-44.05622498512752,-2.4971325193276384],[-44.056772141066205,-2.497061903788052]]]}},{"type":"Feature","properties":{"sigla":"ZRG","nome":"Zona Rural De Guarapiranga","familia":"rural","cor":"#a8c686","fonte":"LC 77/2025, Anexo III - Tabela 1 (memorial descritivo)","vertices":104,"aneis":1,"area_m2":10408027.6,"area_ha":1040.8,"area_km2":10.408,"na_tabela7":true,"area_min_m2":200.0,"testada_min_m":10.0,"atme_pct":180.0,"alml_pct":40.0,"altura_max_m":60.0,"taxa_ocupacao_max_pct":60.0,"coef_aproveitamento":1.8,"edificacoes":191,"area_construida_m2":15848.8,"domicilios":110,"enderecos":146,"estab_ensino":2,"estab_saude":1,"estab_outros":16,"em_obra":16,"ocupacao_observada_pct":0.2,"densidade_dom_ha":0.11,"area_media_edif_m2":83.0,"lotes_teoricos":52040},"geometry":{"type":"Polygon","coordinates":[[[-44.171172052028446,-2.664720465405864],[-44.171286497969874,-2.664819688818119],[-44.17132156218944,-2.6649812771066386],[-44.17138375170622,-2.6650697002353656],[-44.17152311436026,-2.665304633029963],[-44.17174377461289,-2.66543721815258],[-44.17189030359487,-2.665582689162486],[-44.171918354407325,-2.6656052330881135],[-44.17193651219797,-2.665624785089862],[-44.1722288811706,-2.665735436434949],[-44.17242953548084,-2.665787497036821],[-44.172624282531444,-2.6657950464563327],[-44.172987997652044,-2.6661574103607393],[-44.17304571092891,-2.6662138974472884],[-44.173172927313374,-2.666318285712711],[-44.173318124838204,-2.6664374313720103],[-44.17384914559833,-2.667085676729553],[-44.174575671142016,-2.6690344416415948],[-44.17479996124673,-2.6700650428633246],[-44.17470770820667,-2.671081951686471],[-44.17427766831646,-2.6722400239512147],[-44.173545762433804,-2.6737636283390014],[-44.17173037740762,-2.6755007101952573],[-44.17050232703708,-2.6766731638107832],[-44.17037896958462,-2.676849208759358],[-44.17005085662379,-2.677317395947163],[-44.170008929560254,-2.677328946505831],[-44.16985716224524,-2.6777481329002435],[-44.17013086508763,-2.6787312753892194],[-44.17076220639705,-2.680153762230775],[-44.17096663324752,-2.6815537050284606],[-44.17158246499452,-2.6824989962677646],[-44.17281900579533,-2.6831596647624605],[-44.17670834934729,-2.685307603263879],[-44.17789202081433,-2.6862099464438542],[-44.18014540500291,-2.6871899037296147],[-44.180213391335386,-2.687221068475541],[-44.180522170848036,-2.6874177599178197],[-44.181143506819865,-2.687813497210708],[-44.18242707402411,-2.689200147611804],[-44.18261285994301,-2.6894323979464128],[-44.18296142225959,-2.689868025755058],[-44.183105847612374,-2.691017260704151],[-44.183108595769,-2.6913483531736784],[-44.183109174546615,-2.6915599439884215],[-44.18311225126385,-2.6918028363078634],[-44.183114585179304,-2.6920804655025328],[-44.18311790884637,-2.6924927931562457],[-44.182461297965475,-2.6934598407459514],[-44.179179307962855,-2.697084237636955],[-44.178130960634654,-2.6985372475123643],[-44.177816475647795,-2.699064245174393],[-44.177758326761975,-2.6991184827278194],[-44.177154952460235,-2.7002336470602444],[-44.1770519999497,-2.7009632416182896],[-44.17700174915237,-2.7010442611541845],[-44.17678251152648,-2.701595385854231],[-44.17676146625845,-2.7021224921879403],[-44.177212109368625,-2.702588858116595],[-44.174157230818764,-2.7030035310578535],[-44.171232069600876,-2.701696437946641],[-44.16954594638499,-2.700449443543704],[-44.16401268295086,-2.699655811776934],[-44.16012613346627,-2.692508569691252],[-44.1548818705783,-2.686868375219165],[-44.15440007817397,-2.6864595170189585],[-44.1534589700488,-2.685661084237103],[-44.15260704719015,-2.684938248370364],[-44.141600763160206,-2.68280089776129],[-44.14186805445973,-2.681848622614516],[-44.14274639162099,-2.6802773910057494],[-44.14293776342277,-2.6793185485269735],[-44.142938430106014,-2.6783596623203034],[-44.14319351051076,-2.676981487128252],[-44.1439734381062,-2.6743611071109785],[-44.144403543448654,-2.6731466976107594],[-44.14561190194992,-2.6715893512767717],[-44.147391823059344,-2.67069159154831],[-44.148535759904455,-2.670452666671252],[-44.14917136362044,-2.6702133870102434],[-44.150258325896445,-2.6691059027133215],[-44.15152628001677,-2.6673342855138946],[-44.15190126100182,-2.6664718165474843],[-44.15479528153815,-2.6650097916386066],[-44.15541233573909,-2.66532131361532],[-44.15569633089304,-2.6657037084689676],[-44.15602789494371,-2.665847227709273],[-44.157023067719486,-2.6657046222133713],[-44.15822752803697,-2.6658804028176983],[-44.15844461694536,-2.665705599661978],[-44.159345107687955,-2.6653717821438874],[-44.16034009347013,-2.665372464491937],[-44.16124022100299,-2.6657075170904228],[-44.161713655662076,-2.6662332413653353],[-44.16278106923756,-2.6664807504664036],[-44.16280351940328,-2.6661384595362945],[-44.16266190786387,-2.665374053618656],[-44.16447444015294,-2.6665176393084207],[-44.16531891936019,-2.6676075531532857],[-44.16637005579325,-2.6667835313132127],[-44.16700905603004,-2.6673749517299803],[-44.167962934018256,-2.6677801447278697],[-44.16942545789566,-2.666516393824532],[-44.170732277858114,-2.6648336972775652],[-44.171172052028446,-2.664720465405864]]]}},{"type":"Feature","properties":{"sigla":"ZC","nome":"Zona Central","familia":"urbana","cor":"#f2a65a","fonte":"LC 77/2025, Anexo III - Tabela 1 (memorial descritivo)","vertices":74,"aneis":1,"area_m2":884878.2,"area_ha":88.49,"area_km2":0.885,"na_tabela7":true,"area_min_m2":150.0,"testada_min_m":7.5,"atme_pct":240.0,"alml_pct":30.0,"altura_max_m":15.0,"taxa_ocupacao_max_pct":70.0,"coef_aproveitamento":2.4,"edificacoes":2441,"area_construida_m2":254851.6,"domicilios":1876,"enderecos":2419,"estab_ensino":8,"estab_saude":3,"estab_outros":477,"em_obra":42,"ocupacao_observada_pct":28.8,"densidade_dom_ha":21.2,"area_media_edif_m2":104.4,"lotes_teoricos":5899},"geometry":{"type":"Polygon","coordinates":[[[-44.05201347322537,-2.552207759555212],[-44.05314897106665,-2.552511457074497],[-44.05340745692711,-2.552897546292252],[-44.05351141698388,-2.553163934403328],[-44.05377389630728,-2.5535011787487965],[-44.054234246046065,-2.553724138884975],[-44.05510363003835,-2.5542357845942654],[-44.0553010420304,-2.55437948894598],[-44.05534381159481,-2.554439404416319],[-44.055343549297014,-2.5547983455430017],[-44.05634920714224,-2.5551768454283277],[-44.0567360795196,-2.5552687660879894],[-44.056763524142426,-2.5558688916058716],[-44.05677533732991,-2.5559503134625756],[-44.056806211733424,-2.5560412475937704],[-44.057299210631,-2.556883513918854],[-44.057358759641,-2.556998621794114],[-44.058435203076584,-2.5565179023480287],[-44.058876494900126,-2.557100241417173],[-44.05984021653091,-2.5578846891828437],[-44.0601789848843,-2.557461951799753],[-44.0606504346783,-2.5568965673425086],[-44.06087722429456,-2.5565941483252317],[-44.06109639213529,-2.5562592487893068],[-44.060305838785546,-2.5558101710336145],[-44.06040010670993,-2.555677717745338],[-44.0607775797907,-2.5552141208359087],[-44.06108038567219,-2.5548925801823157],[-44.06144791307716,-2.55462355324316],[-44.06155931015824,-2.5550554870919306],[-44.061861578098814,-2.5549791805851396],[-44.06209661607201,-2.555084195302779],[-44.06214942231376,-2.5551957702282397],[-44.06234731587374,-2.55604107561003],[-44.062466789759775,-2.5567462926537297],[-44.06249735854757,-2.557258856838098],[-44.06216222856262,-2.557998024006315],[-44.06220239919102,-2.5589121434883317],[-44.063006845513264,-2.5598030339056526],[-44.0623403069023,-2.560118427515526],[-44.059511845605755,-2.561810915121939],[-44.05822673772697,-2.5619056718212585],[-44.05775005127823,-2.5628626476380583],[-44.05751933243277,-2.5631233608618245],[-44.057298155630114,-2.5633731355266423],[-44.056987859705664,-2.5637237059561544],[-44.05693961997876,-2.5646236471303623],[-44.05700495748013,-2.5664139702016424],[-44.05610063822638,-2.566432386409384],[-44.05595001277329,-2.564058087640318],[-44.05453108555836,-2.564861215086046],[-44.05386478965833,-2.5648415427295643],[-44.05141941567476,-2.5634419521239917],[-44.05170533470636,-2.562973045206522],[-44.05281875262688,-2.563347288003472],[-44.05372327989579,-2.563041575875013],[-44.05402859662166,-2.562122739641069],[-44.053943440253796,-2.5614812319680444],[-44.05362072795847,-2.5601215753218],[-44.05281264323746,-2.5586849398932654],[-44.0525659305127,-2.557698663996277],[-44.05262143815642,-2.5557200970586726],[-44.05260572902446,-2.5550642581697325],[-44.052647376710425,-2.555059313806181],[-44.05273749688267,-2.5550643558579957],[-44.05278810861605,-2.5549780955524115],[-44.052881335927225,-2.5546706947251683],[-44.052814495274006,-2.5545647177744852],[-44.05274334023792,-2.554577510207457],[-44.052653823068276,-2.5544860803356575],[-44.052722056280835,-2.554410054945802],[-44.05258941564237,-2.5542509298340446],[-44.05236138532864,-2.553913439467656],[-44.05239415738297,-2.5533781278340695],[-44.05201347322537,-2.552207759555212]]]}},{"type":"Feature","properties":{"sigla":"ZS","nome":"Zona Sede","familia":"urbana","cor":"#f2a65a","fonte":"LC 77/2025, Anexo III - Tabela 1 (memorial descritivo)","vertices":199,"aneis":1,"area_m2":3609626.0,"area_ha":360.96,"area_km2":3.61,"na_tabela7":true,"area_min_m2":150.0,"testada_min_m":7.5,"atme_pct":240.0,"alml_pct":30.0,"altura_max_m":30.0,"taxa_ocupacao_max_pct":70.0,"coef_aproveitamento":2.4,"edificacoes":7581,"area_construida_m2":697153.8,"domicilios":6075,"enderecos":7707,"estab_ensino":35,"estab_saude":9,"estab_outros":1324,"em_obra":203,"ocupacao_observada_pct":19.3,"densidade_dom_ha":16.83,"area_media_edif_m2":92.0,"lotes_teoricos":24064},"geometry":{"type":"Polygon","coordinates":[[[-44.05756492237703,-2.5386761990185596],[-44.057622214314605,-2.5386785929380298],[-44.0576531355455,-2.5387050296485243],[-44.057707870947084,-2.538760068879176],[-44.057731586393835,-2.5388007928447514],[-44.05773936031748,-2.538871356628137],[-44.05772439420659,-2.538920464945362],[-44.05770530205574,-2.5389539208166867],[-44.057674342612174,-2.5389802217231225],[-44.057633491540635,-2.5390036206885247],[-44.05760297099494,-2.539044847662487],[-44.057564812637544,-2.539075937619847],[-44.05751243811386,-2.5391141634225693],[-44.05748389846973,-2.5391524066936086],[-44.05747189960842,-2.5392026931459823],[-44.057474293388935,-2.5392505477533946],[-44.05749089638699,-2.5393008551721987],[-44.057512268132946,-2.539348723691827],[-44.057537340784066,-2.5393783221904136],[-44.057569800297486,-2.5393920053054257],[-44.05769541779184,-2.5394374173807246],[-44.0579071312124,-2.539578779174646],[-44.05814498343999,-2.5397680129634854],[-44.058912733386286,-2.5402707137984324],[-44.059652613218006,-2.540384419723134],[-44.060051784550026,-2.5403793746394507],[-44.06091519444845,-2.540067378943569],[-44.06220626103733,-2.539288110954066],[-44.062290749422786,-2.539244028484281],[-44.06283753692715,-2.5397111062475335],[-44.063155173315096,-2.5400203464837485],[-44.063493788071526,-2.5404246746373214],[-44.063684594871496,-2.5407476626864804],[-44.0637367729258,-2.540982171052847],[-44.06424626128516,-2.541288113557766],[-44.06560678088979,-2.541862525214364],[-44.06630762402614,-2.542107094070208],[-44.06615659437215,-2.5413766158712723],[-44.066070090403464,-2.5410963100800066],[-44.066892441899235,-2.539718940738529],[-44.06761877233839,-2.540668748065375],[-44.068587449987746,-2.5418156611391214],[-44.06905025440353,-2.542380101312877],[-44.06939792612942,-2.5428264085231844],[-44.069533963470704,-2.543017919175649],[-44.06982784225169,-2.5433483993728245],[-44.069973393625176,-2.5434424016859376],[-44.070077167258056,-2.5434721475509194],[-44.070220052688114,-2.5435210086743236],[-44.0703253461828,-2.54356360086008],[-44.0704127328157,-2.5436174874971718],[-44.07051260698132,-2.5436918270006914],[-44.07194581984798,-2.5451307169842714],[-44.07210343092639,-2.545718184198911],[-44.07225534421288,-2.546223781515498],[-44.07249091402126,-2.5469687951028526],[-44.07253465230796,-2.547058833909357],[-44.07266783003802,-2.5472254661301115],[-44.07342728051069,-2.5477796273775395],[-44.07350626521297,-2.5478860648353625],[-44.07327010308994,-2.5480944936108396],[-44.072795165570255,-2.5482664752903808],[-44.0721382430767,-2.54847776527519],[-44.07197761343925,-2.548463265875983],[-44.07190366068748,-2.548363887839476],[-44.07170618658608,-2.548429508779993],[-44.07118518944211,-2.5484873870336786],[-44.07093962966386,-2.549257651804407],[-44.06812588341941,-2.549171209001962],[-44.06814105427065,-2.549212469499756],[-44.068353536124874,-2.5497902070094067],[-44.06838414155986,-2.5498812313801436],[-44.06909250737154,-2.551929022901845],[-44.069249280803824,-2.552428201285291],[-44.06970865144122,-2.552267698686728],[-44.07009129458718,-2.5542409865695612],[-44.072229827759124,-2.5539691721318287],[-44.073089515209375,-2.5538455044578017],[-44.07382628388134,-2.553547069846746],[-44.073784278015715,-2.553800778259661],[-44.07374766476033,-2.553934541302784],[-44.07371814452879,-2.5540858586202058],[-44.07370659540975,-2.5542619748540947],[-44.073729446984466,-2.5543795887350416],[-44.07378029051443,-2.5545959141939156],[-44.07386943099254,-2.5549648725546024],[-44.07405371249458,-2.555236655932293],[-44.07407868971506,-2.5552748479353786],[-44.0741182220034,-2.5553353035195685],[-44.07419153642672,-2.555447435951095],[-44.07427005448805,-2.555577935429896],[-44.07436027902478,-2.555814914213727],[-44.07441018100946,-2.5559645703734444],[-44.07411983572042,-2.555970330280682],[-44.073773551822704,-2.5559664608561454],[-44.073591509205286,-2.555959182544953],[-44.073504616819314,-2.5559674417949463],[-44.07343201783001,-2.5559865665429133],[-44.07337605773478,-2.5560068793294417],[-44.07331658636312,-2.556031983917148],[-44.0732296630253,-2.55608339228723],[-44.07308322540271,-2.556219698892869],[-44.073070533097805,-2.556233801357277],[-44.07293199738397,-2.556388476937111],[-44.072863314705565,-2.5564650462361547],[-44.07280857342455,-2.556541625650303],[-44.07272759585886,-2.556579831203129],[-44.072620468453955,-2.5565845477643645],[-44.0723801692291,-2.55653896260168],[-44.07202803070034,-2.55642138089218],[-44.071897202686756,-2.556363844089001],[-44.07174730300758,-2.5563110877652098],[-44.07149027352811,-2.5562664853590698],[-44.07145761491929,-2.5564037790113527],[-44.071088377374664,-2.557550354862272],[-44.07123712105331,-2.557584747204104],[-44.070841164029396,-2.5586133442639514],[-44.0705974358146,-2.558957636131951],[-44.07062998850399,-2.55921754967693],[-44.070777168136125,-2.5594256230369115],[-44.070202543352416,-2.5593809696950416],[-44.069094590288614,-2.5595250775413216],[-44.068302256443665,-2.559291113990449],[-44.06746687852747,-2.5593766208746014],[-44.0667744079637,-2.5593582035410516],[-44.066174514533934,-2.559555237147741],[-44.06503917460346,-2.5598846721953152],[-44.06415852953229,-2.5600048798464],[-44.06362561567622,-2.559746046726024],[-44.063006845513264,-2.5598030339056526],[-44.06220239919102,-2.5589121434883317],[-44.06216222856262,-2.557998024006315],[-44.06249311592794,-2.557279840253511],[-44.062466789759775,-2.5567462926537297],[-44.06234731587374,-2.55604107561003],[-44.0621626133889,-2.555238114805856],[-44.06209661607201,-2.555084195302779],[-44.061861578098814,-2.5549791805851396],[-44.06155931015824,-2.5550554870919306],[-44.06144791307716,-2.55462355324316],[-44.06108038567219,-2.5548925801823157],[-44.060305838785546,-2.5558101710336145],[-44.06109639213529,-2.5562592487893068],[-44.05984021653091,-2.5578846891828437],[-44.058829854978825,-2.557043760566345],[-44.058435203076584,-2.5565179023480287],[-44.057358759641,-2.556998621794114],[-44.056806211733424,-2.5560412475937704],[-44.0567360795196,-2.5552687660879894],[-44.05631647596826,-2.5551652424998337],[-44.055343549297014,-2.5547983455430017],[-44.05534381159481,-2.554439404416319],[-44.0553010420304,-2.55437948894598],[-44.05510363003835,-2.5542357845942654],[-44.054234246046065,-2.553724138884975],[-44.05377389630728,-2.5535011787487965],[-44.05351141698388,-2.553163934403328],[-44.05340745692711,-2.552897546292252],[-44.05314897106665,-2.552511457074497],[-44.05201347322537,-2.552207759555212],[-44.0516819356043,-2.5522144791608983],[-44.05152114882653,-2.5511881036665027],[-44.05185139605706,-2.5496267561072576],[-44.05193524530549,-2.5497198099588805],[-44.05213749112748,-2.5497707976005497],[-44.05236652242169,-2.549723114346399],[-44.052747487855655,-2.5495259243581394],[-44.0536039983004,-2.5491874269805677],[-44.054265048766375,-2.54824958426394],[-44.05441599353283,-2.547729737417592],[-44.054468497736366,-2.5475143933058955],[-44.05448308157692,-2.547126606376653],[-44.054579093169956,-2.5459587611345427],[-44.05459877164486,-2.545121034888135],[-44.05466581362444,-2.5445802299472833],[-44.05474873170245,-2.544222977984344],[-44.05494312811831,-2.5431946927173903],[-44.0551874327374,-2.5426742809157834],[-44.055265926895515,-2.5422157114558472],[-44.055287393571405,-2.54188555183179],[-44.05535620521137,-2.540641157693134],[-44.055422151858686,-2.5403682912950165],[-44.05554880936911,-2.5400962836247665],[-44.05600256914217,-2.5397284486748064],[-44.05605798293277,-2.539716186936384],[-44.056115087975826,-2.5397282599194644],[-44.056233956127066,-2.539778551963209],[-44.05632876638407,-2.53976432903706],[-44.056454895960826,-2.5397237150485727],[-44.056507270530815,-2.5396854893101795],[-44.05659538723702,-2.539599346499092],[-44.05669068716315,-2.539530034332885],[-44.05676924207515,-2.53948223912693],[-44.05684304043713,-2.539420057433737],[-44.056991314229734,-2.5392302021592004],[-44.05712293915469,-2.53905327028983],[-44.05729802502723,-2.5388507703361882],[-44.05746703845937,-2.538712039538211],[-44.05752659974565,-2.538685759597044],[-44.05756492237703,-2.5386761990185596]]]}},{"type":"Feature","properties":{"sigla":"ZDU - A","nome":"Zdu Aracagi","familia":"urbana","cor":"#f2a65a","fonte":"LC 77/2025, Anexo III - Tabela 1 (memorial descritivo)","vertices":275,"aneis":1,"area_m2":13523935.3,"area_ha":1352.39,"area_km2":13.524,"na_tabela7":true,"area_min_m2":150.0,"testada_min_m":7.5,"atme_pct":370.0,"alml_pct":40.0,"altura_max_m":90.0,"taxa_ocupacao_max_pct":60.0,"coef_aproveitamento":3.7,"edificacoes":15898,"area_construida_m2":1713120.8,"domicilios":13626,"enderecos":15335,"estab_ensino":22,"estab_saude":7,"estab_outros":944,"em_obra":655,"ocupacao_observada_pct":12.7,"densidade_dom_ha":10.08,"area_media_edif_m2":107.8,"lotes_teoricos":90159},"geometry":{"type":"Polygon","coordinates":[[[-44.184102079302534,-2.4635031220038677],[-44.184248048988614,-2.463510358384034],[-44.18452969643673,-2.4635884197386826],[-44.1846560141393,-2.4636694611969063],[-44.1855110593476,-2.4638557965696064],[-44.18594529707038,-2.4638512689213417],[-44.18625486356516,-2.463868285061954],[-44.18699295780163,-2.463804781286683],[-44.1916561572388,-2.4651031466698226],[-44.19336577069684,-2.465234002693161],[-44.19768175524806,-2.46467892288073],[-44.199758527595215,-2.464632776774188],[-44.20457658340323,-2.4655652735865696],[-44.20602446805919,-2.466465070842663],[-44.20673608073974,-2.466929300065662],[-44.20910126922284,-2.468007223110775],[-44.21368730746625,-2.469086284789021],[-44.21524325977478,-2.4691602127693755],[-44.21799233056792,-2.4702477593899315],[-44.2198922683978,-2.4719419884385037],[-44.22225820399173,-2.473634319818583],[-44.218957007022816,-2.4743203415630357],[-44.21894010839249,-2.474302329420311],[-44.21884107893979,-2.4743072462608935],[-44.21871511918038,-2.4743762854201585],[-44.21834931586948,-2.474389276358369],[-44.218142319441114,-2.4743023092365752],[-44.21796916659419,-2.474172301765367],[-44.217672137973935,-2.4740852812282057],[-44.21708502933017,-2.4738722545710603],[-44.215809800044255,-2.473918538142404],[-44.21559538060181,-2.473913435246915],[-44.215442910771834,-2.473790405478097],[-44.21505554417944,-2.4736122345554423],[-44.21476809851754,-2.4734426265144265],[-44.214568249261355,-2.4734385272377337],[-44.21444023227832,-2.473488115194143],[-44.21439836694151,-2.4735598273680783],[-44.21438651504677,-2.473677874417312],[-44.21444844272536,-2.4740558653411653],[-44.21450199007048,-2.47415486364781],[-44.214540057025076,-2.4742714025455426],[-44.21455344913663,-2.4744400333956897],[-44.214429996638806,-2.4746805912491645],[-44.21420865663156,-2.4748196818474373],[-44.21403900457935,-2.474855042239131],[-44.21395995489438,-2.474838711815822],[-44.21388753574497,-2.47471247291317],[-44.21388432595818,-2.4746647065880096],[-44.2136560720501,-2.474478669302279],[-44.21348470160658,-2.4745302214658977],[-44.213306988112635,-2.4746616485524977],[-44.21318517535287,-2.474714044382811],[-44.21306666846644,-2.474651192455748],[-44.212999129453884,-2.474485695553722],[-44.21263320372314,-2.474401979992194],[-44.21247742014787,-2.474408038492508],[-44.212369481198074,-2.4744219958061064],[-44.21222129925523,-2.4745016955863486],[-44.21213014014092,-2.47458233402733],[-44.212205910631994,-2.4749731788546803],[-44.212242956009796,-2.4751439044071755],[-44.212157332291255,-2.4752939311584155],[-44.21206889394614,-2.4754886448697873],[-44.21198356806617,-2.475743427765135],[-44.211687459731095,-2.4759263475987865],[-44.21168955659657,-2.476030833447569],[-44.21171773593358,-2.476136691833368],[-44.21174548117264,-2.476216134806974],[-44.211743896174255,-2.4763108484672456],[-44.21172145839727,-2.4763821197798914],[-44.21161347602902,-2.4764692613975825],[-44.21153429734432,-2.476518968610591],[-44.21150378677548,-2.476552964392608],[-44.21141453940708,-2.4765944334538568],[-44.21121873078486,-2.47660128194257],[-44.211132091577674,-2.4766430239299253],[-44.2111112520107,-2.476749305294809],[-44.21096186772283,-2.4768843673595007],[-44.210957055862984,-2.476960262798145],[-44.21101965388834,-2.47711544403631],[-44.211030291399304,-2.4772263578424547],[-44.21102874283769,-2.4774113534165796],[-44.21104515181002,-2.477496669695826],[-44.211050853405766,-2.4775891261287724],[-44.2110202357183,-2.4776520699306634],[-44.21091441657762,-2.4777311615447752],[-44.21094822903089,-2.4780449973655116],[-44.21077793975307,-2.478244456368571],[-44.21065068983029,-2.478516582774288],[-44.21364700635045,-2.4803939420489574],[-44.21275952425818,-2.485286909867593],[-44.211470107585754,-2.4849735874089682],[-44.210451165289385,-2.490382199190655],[-44.210368633309834,-2.491227976700622],[-44.209251242972215,-2.4909669510745456],[-44.20889216438313,-2.4907071966905567],[-44.20883344493244,-2.490684545557041],[-44.20826903364734,-2.4904120927908675],[-44.20816894850377,-2.4903757567758564],[-44.20759504249863,-2.4904897549131997],[-44.20675071696,-2.490236491410957],[-44.2065878993664,-2.4916232768670263],[-44.206477907693845,-2.4926597320747335],[-44.20597856794646,-2.497264976099033],[-44.20550848715823,-2.5007646013948817],[-44.20599286724371,-2.501159856205518],[-44.206092403899504,-2.5013614676363325],[-44.206707501623015,-2.5033550064863253],[-44.2069750641693,-2.5044373746361983],[-44.206642011190546,-2.5047192346991163],[-44.207007205178236,-2.5049841508184967],[-44.20722526042904,-2.5050830687590993],[-44.20820003426797,-2.5060510698502108],[-44.20902865840712,-2.5065554507466286],[-44.20981334387193,-2.506687550353575],[-44.212566878359,-2.5071793456111977],[-44.21232774163595,-2.5080387787385208],[-44.211511705137,-2.510540576331533],[-44.2115075615409,-2.5107008739046295],[-44.21157825495199,-2.510856150939165],[-44.21162291185945,-2.5109322572342316],[-44.211622682896916,-2.511014125933207],[-44.21157845681927,-2.511119578744504],[-44.21159296370613,-2.5112266050377663],[-44.21160266195351,-2.51125293559474],[-44.211611543051994,-2.5112920209115193],[-44.211649649947816,-2.5113415271738067],[-44.21178305449683,-2.511464094704976],[-44.211838222762275,-2.5115605615075873],[-44.21186910671186,-2.5116557471073],[-44.211885968934176,-2.511734821825978],[-44.211879538718385,-2.5118084546534947],[-44.211808210603486,-2.5119616553974384],[-44.211723372784355,-2.5119948037957],[-44.211696045413944,-2.511968372082316],[-44.21160809712024,-2.5119388278632777],[-44.211447685248366,-2.5120060348730533],[-44.21140585729915,-2.51201207050197],[-44.21136724077142,-2.512062434848684],[-44.21135361244226,-2.5121402245842503],[-44.211286106431444,-2.512219248101143],[-44.211096337352814,-2.51219516027752],[-44.21104174088001,-2.512195127134318],[-44.210938994529734,-2.512244095586024],[-44.21088249097103,-2.5122744567737554],[-44.21080013399539,-2.5123702068510267],[-44.21075582305042,-2.5124669751180897],[-44.21075608767036,-2.512475659706012],[-44.21070307222605,-2.5125388609898076],[-44.21064228947155,-2.5126554305918063],[-44.20878155486719,-2.510939125298502],[-44.209089337200176,-2.51050418672816],[-44.209102393580864,-2.5104802220399134],[-44.20910960638978,-2.5104515497346496],[-44.209108464465885,-2.510406046276918],[-44.20909778047404,-2.5103737445778633],[-44.209082321533,-2.510354557073752],[-44.20839056432143,-2.5097451410721288],[-44.20558776499349,-2.5072731681944864],[-44.20516618449683,-2.5077391555169695],[-44.205121291791855,-2.507756496940319],[-44.2050999764048,-2.507754131896577],[-44.20393218423288,-2.50663738074949],[-44.202954588998935,-2.505879248892445],[-44.20170211622895,-2.5048397905645343],[-44.2009907526542,-2.5042391354635725],[-44.19968527461301,-2.5032517501282845],[-44.19869284720487,-2.502636447867416],[-44.19772225417188,-2.5020590623613694],[-44.197357999581776,-2.5018818032326218],[-44.195949621719514,-2.501058360947523],[-44.19437295358868,-2.5001002962374086],[-44.19401823775327,-2.49991725278108],[-44.1929336803214,-2.499357434848462],[-44.19204644890412,-2.4988157403644764],[-44.19178118376883,-2.498557306195341],[-44.1914401442696,-2.4982206656305608],[-44.19134386825422,-2.4981334003314006],[-44.19127103681272,-2.498096265691203],[-44.191211500170105,-2.4980866398366386],[-44.19057110743922,-2.498226640948311],[-44.18975831287768,-2.498187781236995],[-44.18930808039654,-2.4981486032183837],[-44.18920556492933,-2.498262703077012],[-44.18913130091915,-2.498361713244258],[-44.18902887949932,-2.498615667885959],[-44.188943726376365,-2.4988708996982267],[-44.18885883382652,-2.4989945994457727],[-44.18874553431115,-2.4990935853301735],[-44.188455316037505,-2.4991926422272264],[-44.187859181371124,-2.499175988537441],[-44.18727695086239,-2.4992197720347975],[-44.18690998288241,-2.499218096279367],[-44.185913341963634,-2.4990370938354443],[-44.185643306368384,-2.4989328034923592],[-44.18531010772674,-2.4988656537029565],[-44.184984175416595,-2.4988295369173956],[-44.184777134871005,-2.4988150242544114],[-44.18463673487834,-2.4988125846252864],[-44.18404407214672,-2.4988552746420756],[-44.183477679375464,-2.4988874871808133],[-44.183412015495925,-2.4988960400496367],[-44.183377732921606,-2.4989189960190563],[-44.18335918242104,-2.498954897914711],[-44.18334917300631,-2.498996504266946],[-44.18333911741451,-2.4991128323614307],[-44.18201436188803,-2.498936778330324],[-44.18104349913952,-2.4988164886955033],[-44.17950095540324,-2.4985553518732724],[-44.1796257757236,-2.4958339680821724],[-44.17962015729782,-2.4947408203729595],[-44.179692044640284,-2.4947037759683743],[-44.17988939411173,-2.4946800176563486],[-44.17994670341667,-2.494654724174547],[-44.179922269967584,-2.4938785438552724],[-44.18039115028939,-2.4938653586379873],[-44.18038450364982,-2.490651415729738],[-44.18040815648692,-2.4873056882574747],[-44.18171311894203,-2.4884930947567243],[-44.18177270105976,-2.487844337218083],[-44.181742672517245,-2.486802827498931],[-44.1817914716795,-2.484968556373872],[-44.18149950073647,-2.482075665619413],[-44.182425008891414,-2.4807516032819095],[-44.18304657570532,-2.4797622422227352],[-44.18303868628473,-2.4797207151716667],[-44.182625842789676,-2.479297095816501],[-44.18259395164264,-2.4790881987935967],[-44.18263388552534,-2.4780623821786416],[-44.18266225643497,-2.4774117051289313],[-44.182725216661574,-2.476529737640374],[-44.182736806509986,-2.476256820338159],[-44.18284266168709,-2.474651724433879],[-44.18143263561779,-2.4743771117348374],[-44.18187464772307,-2.4665238196688613],[-44.181813425225194,-2.4661846390279925],[-44.18183921229438,-2.4660799901966217],[-44.181903924573724,-2.4660068462649987],[-44.18201131417067,-2.4660068221606575],[-44.18208573255178,-2.465945987073145],[-44.182126685422254,-2.4658973437043135],[-44.18220873574062,-2.4658578624026566],[-44.182217921928014,-2.4658378759279045],[-44.18212035844428,-2.4658009975419444],[-44.18214754558777,-2.465760125417008],[-44.18225601446324,-2.465760101952871],[-44.18235397283767,-2.465739446603922],[-44.182416777098375,-2.4656977823051993],[-44.182484614130395,-2.465662543927111],[-44.182546247606176,-2.4656234118389344],[-44.18257963331925,-2.465594575001611],[-44.18269213388946,-2.4654727918333803],[-44.18274045299774,-2.4654387173977264],[-44.18279118671341,-2.4654272600061016],[-44.18296195387902,-2.4653302994102195],[-44.18299085885925,-2.465274682972202],[-44.18302469878376,-2.4652384284946605],[-44.18309925989726,-2.465238384028489],[-44.18317294890475,-2.4651935602140087],[-44.18323238273874,-2.4650741867194013],[-44.18319115212871,-2.464840859185557],[-44.1832444848839,-2.4645494227466096],[-44.18335486634635,-2.4643625958135287],[-44.183401945846505,-2.4642963160121636],[-44.18357581920636,-2.464415200103847],[-44.18361181629491,-2.464381208483869],[-44.18365031106305,-2.464381141743923],[-44.183710060430734,-2.4643342286553676],[-44.183806817160225,-2.464218948901838],[-44.18380371522875,-2.4641434110117295],[-44.18381431224209,-2.4640220171995453],[-44.18387152501425,-2.4638573206811722],[-44.18387752676455,-2.463749493372803],[-44.1839759334728,-2.4635831034290843],[-44.184102079302534,-2.4635031220038677]]]}},{"type":"Feature","properties":{"sigla":"ZDU - BV","nome":"Zdu Boa Viagem","familia":"urbana","cor":"#f2a65a","fonte":"LC 77/2025, Anexo III - Tabela 1 (memorial descritivo)","vertices":117,"aneis":1,"area_m2":9209382.6,"area_ha":920.94,"area_km2":9.209,"na_tabela7":true,"area_min_m2":150.0,"testada_min_m":7.5,"atme_pct":370.0,"alml_pct":40.0,"altura_max_m":90.0,"taxa_ocupacao_max_pct":60.0,"coef_aproveitamento":3.7,"edificacoes":663,"area_construida_m2":59076.6,"domicilios":300,"enderecos":348,"estab_ensino":1,"estab_saude":0,"estab_outros":21,"em_obra":15,"ocupacao_observada_pct":0.6,"densidade_dom_ha":0.33,"area_media_edif_m2":89.1,"lotes_teoricos":61395},"geometry":{"type":"Polygon","coordinates":[[[-44.09317464989699,-2.550581006563677],[-44.094068653164186,-2.550648399061354],[-44.095799564638135,-2.551013634134116],[-44.09503690366433,-2.553741550206298],[-44.09456463912669,-2.5547170079079584],[-44.094347407452545,-2.555251110738136],[-44.09369723610599,-2.5559615747287663],[-44.09336446647295,-2.55643552976022],[-44.0931564058121,-2.5568449847712156],[-44.09320395845133,-2.5570134550002894],[-44.09517417329159,-2.5583457004408356],[-44.0956289675785,-2.5581732441612357],[-44.09602088068617,-2.5582710377303033],[-44.09624194968455,-2.560349423262525],[-44.096146397104846,-2.560392957276254],[-44.09603172614239,-2.56076439534763],[-44.09748067931706,-2.5647153606325195],[-44.09759819523626,-2.567470767050353],[-44.09757628734472,-2.567543481393837],[-44.09773422235497,-2.5684553404633768],[-44.09818160713256,-2.5684652466999625],[-44.09875271745784,-2.568532682664838],[-44.09992336717717,-2.5689164298063627],[-44.100577085001284,-2.5691889966798946],[-44.10123896558213,-2.5696226786154055],[-44.101455263018174,-2.5699132086939986],[-44.10157887505846,-2.5701334761388224],[-44.10175012226322,-2.5702771575144348],[-44.10194317463117,-2.5703663068163025],[-44.101961598817276,-2.5703874875211774],[-44.102025448456025,-2.570404991473177],[-44.102321093602235,-2.570545685096752],[-44.102692235048,-2.570641654222502],[-44.103130210276305,-2.570603698906523],[-44.103320596820005,-2.570517624758338],[-44.10338742075951,-2.570268725453687],[-44.10337800670692,-2.5700963921227937],[-44.103263915218356,-2.5698953090278924],[-44.10324935207601,-2.569754723597957],[-44.10325315626758,-2.569587917673633],[-44.10327916474029,-2.5695678538642945],[-44.103283224312754,-2.5695506692910115],[-44.10339756955292,-2.5693880120742847],[-44.103530976732905,-2.569234866605608],[-44.1037784788175,-2.569148923055221],[-44.10403558514123,-2.5690916621057136],[-44.10421646698441,-2.569091789614863],[-44.10443534270761,-2.5691685636877035],[-44.104530405806635,-2.5693121910648977],[-44.104549361031395,-2.5694749423807366],[-44.10465394510063,-2.5696377540400643],[-44.10473959716065,-2.5697336117841973],[-44.10488230857418,-2.5697815658011827],[-44.10511083217514,-2.569695518166401],[-44.10531088938685,-2.569542509849641],[-44.105672836499174,-2.569150257581966],[-44.10597635028507,-2.568712010214923],[-44.10611964546072,-2.5686965518296114],[-44.107366151115194,-2.569042172043263],[-44.109426433310865,-2.569603567034309],[-44.111845516408806,-2.570293121234586],[-44.113004873078275,-2.5702415547115063],[-44.11367336397027,-2.5856999926935096],[-44.11373265717396,-2.5881361338107225],[-44.113714223941436,-2.5886453226322232],[-44.11366726822286,-2.5899438491026],[-44.11445608888152,-2.591401268947173],[-44.11406333440955,-2.5918485910814955],[-44.113555225356855,-2.5923545406289925],[-44.110619194638005,-2.5912449647234426],[-44.10702086955889,-2.5911849774821563],[-44.103765289687004,-2.591067781685215],[-44.10125134004015,-2.5922148347052474],[-44.10028011055291,-2.5925587942807256],[-44.09691013740881,-2.5926712664556586],[-44.0942262620525,-2.5918077079847244],[-44.091886891776554,-2.588416944070155],[-44.0924054299278,-2.5820986926820484],[-44.09245325817338,-2.5750237663062485],[-44.09017888274425,-2.573997678359654],[-44.08894251588933,-2.572302297261758],[-44.08703895626817,-2.5719658664423077],[-44.08505939735102,-2.571246371806898],[-44.08357572936956,-2.5693688962094643],[-44.08303400991847,-2.5682004898361175],[-44.083025649544126,-2.5665538459489206],[-44.08315008983541,-2.565606098889931],[-44.082655337091666,-2.5651749732994236],[-44.082360568651026,-2.564820520697977],[-44.08218977543479,-2.5640448867359797],[-44.08176207558428,-2.563048979260577],[-44.081086595812295,-2.562531515250129],[-44.08093955594943,-2.5635114490380704],[-44.08036818326411,-2.563819775332459],[-44.07994707478863,-2.5636722933531764],[-44.079451431787895,-2.562853456621078],[-44.07851960789144,-2.5630933149937163],[-44.07734181233432,-2.5627908702712427],[-44.077254389649774,-2.5624084344084572],[-44.07766703972869,-2.5620567550035007],[-44.07786364748191,-2.5619481648809406],[-44.079948595616045,-2.561290040220877],[-44.079726392597784,-2.559831489793086],[-44.07946950908402,-2.5590758761544397],[-44.07993370945893,-2.5580741896750308],[-44.081219364380274,-2.5578460719535587],[-44.081707833157104,-2.5572446856912774],[-44.0814597424617,-2.5566443073089142],[-44.081121426709394,-2.5565646403372866],[-44.080931508383316,-2.5563748097693924],[-44.08123296647098,-2.5555412599179053],[-44.08615967816724,-2.555562614016314],[-44.08611089025353,-2.5540894414058832],[-44.08623541502751,-2.5505923546149036],[-44.08955227607584,-2.5511391960917393],[-44.090820106099535,-2.550925707407089],[-44.09211196606896,-2.550819519858385],[-44.09317464989699,-2.550581006563677]]]}},{"type":"Feature","properties":{"sigla":"ZDU - P","nome":"Zona De Desenvolvimento Urbano - Panaquatira","familia":"urbana","cor":"#f2a65a","fonte":"LC 77/2025, Anexo III - Tabela 1 (memorial descritivo)","vertices":386,"aneis":1,"area_m2":20170365.1,"area_ha":2017.04,"area_km2":20.17,"na_tabela7":true,"area_min_m2":150.0,"testada_min_m":7.5,"atme_pct":370.0,"alml_pct":40.0,"altura_max_m":90.0,"taxa_ocupacao_max_pct":60.0,"coef_aproveitamento":3.7,"edificacoes":3843,"area_construida_m2":371306.5,"domicilios":2272,"enderecos":2647,"estab_ensino":5,"estab_saude":1,"estab_outros":178,"em_obra":158,"ocupacao_observada_pct":1.8,"densidade_dom_ha":1.13,"area_media_edif_m2":96.6,"lotes_teoricos":134469},"geometry":{"type":"Polygon","coordinates":[[[-44.0550270158121,-2.4701302488303365],[-44.0551370516885,-2.4701988955077065],[-44.05518967741104,-2.4703093837067036],[-44.05549123121329,-2.470576905961285],[-44.05566850081987,-2.4707024090041667],[-44.05591483224724,-2.471097891428725],[-44.0562995855504,-2.471483974551931],[-44.05636996929865,-2.4715377575642075],[-44.05636896879796,-2.4715535871991596],[-44.056390628599694,-2.471575312866681],[-44.05632446880614,-2.4716533318390557],[-44.056348293608046,-2.471920565161146],[-44.056300237592176,-2.4719615088132296],[-44.0563177887018,-2.472070253239866],[-44.05617829703367,-2.472193630273658],[-44.05619820403788,-2.4722775905795693],[-44.056412951628744,-2.472440751422325],[-44.056426768317365,-2.4727432566643417],[-44.05631538349024,-2.472801342279098],[-44.056312363812886,-2.472874521563245],[-44.05634193756666,-2.4728971574875254],[-44.0563944331509,-2.4729374493278926],[-44.056422977254734,-2.473017164233182],[-44.05641915682529,-2.4730780405039554],[-44.05636710082863,-2.4730520415204325],[-44.05641608415471,-2.4733534863894024],[-44.05629312968706,-2.473365610469384],[-44.05627693019933,-2.4735078006491786],[-44.05618707456624,-2.4736450533615644],[-44.05615724450627,-2.473730515909102],[-44.05627855242507,-2.4737575594836705],[-44.056332578774594,-2.473795319577127],[-44.05630045155063,-2.4740768958944295],[-44.05628769497652,-2.4744377282623966],[-44.05615969252969,-2.474465859946369],[-44.05627140792391,-2.4745764809249073],[-44.05611567660282,-2.475533879404204],[-44.0561364853389,-2.4757415884593055],[-44.056285992095745,-2.4758280839373015],[-44.05632371523024,-2.477171248147439],[-44.05644098542658,-2.4775664576166383],[-44.05632804878085,-2.4779102119006904],[-44.056463887299806,-2.477993531593857],[-44.05652879153147,-2.4781651790576817],[-44.056451977503556,-2.4783010841216413],[-44.056529730312036,-2.478744660956222],[-44.05663803244924,-2.4787223951266166],[-44.056685984654585,-2.47895554267505],[-44.05698819724626,-2.4796923679460545],[-44.05697635793043,-2.4801543343236188],[-44.05689882406023,-2.4811791808630845],[-44.056823076852105,-2.481586102237992],[-44.0568488893212,-2.4824743390366253],[-44.057055793462695,-2.4830463701172425],[-44.05717173886863,-2.4835342994435843],[-44.057211810018444,-2.4841005119833297],[-44.057306516047916,-2.4846077843653207],[-44.05749851524492,-2.4851448876318556],[-44.057543651823025,-2.485543573503561],[-44.05785903168647,-2.4863572085360572],[-44.05801656451708,-2.4871757960752805],[-44.05790079855195,-2.4877023662200464],[-44.057787619897816,-2.4887649086698738],[-44.05793917258144,-2.4920502227196497],[-44.05778180038768,-2.493409801021775],[-44.05716443230552,-2.4959647365975823],[-44.05689702207099,-2.496369257925703],[-44.05685838847654,-2.4970691122782838],[-44.056772141066205,-2.497061903788052],[-44.05559174859901,-2.4972142893618408],[-44.05452543540951,-2.4974432846415326],[-44.053935133530764,-2.4977300650202294],[-44.05372541655651,-2.4980745621394327],[-44.053744237138595,-2.498419224697362],[-44.05387717196998,-2.498917117051897],[-44.05438625071727,-2.499772414127356],[-44.054590177189894,-2.5001047274211867],[-44.05494681076258,-2.5005789006165484],[-44.05516062969274,-2.5010385874511463],[-44.0553459068353,-2.501541312165045],[-44.055416918636105,-2.5021014861609463],[-44.055259512704474,-2.502618345790644],[-44.05498788489965,-2.5030058565936524],[-44.05442564748259,-2.5034098010626398],[-44.053702360594045,-2.5037660468358403],[-44.05294716753303,-2.5039650511237337],[-44.052522502699844,-2.5040428991657344],[-44.05055641491509,-2.504403666515021],[-44.050000336628756,-2.5043712389275994],[-44.049676751621966,-2.5042178561210986],[-44.04944853772289,-2.503892218563184],[-44.04932972095503,-2.5036503352602866],[-44.04924682433547,-2.5031117729179235],[-44.049235288557256,-2.5026449965202433],[-44.04916419497889,-2.5022022387914715],[-44.04897425230481,-2.5016874796342865],[-44.04873648620628,-2.5013881587536813],[-44.0483796259842,-2.5012323093135818],[-44.04795138292214,-2.501160263128889],[-44.0477641387383,-2.5011447485337293],[-44.04736833592118,-2.501111894535044],[-44.04693998083883,-2.5011953467435686],[-44.04647573448652,-2.5014104806445525],[-44.04602339822438,-2.5016973568796184],[-44.04545207106556,-2.501984145839924],[-44.04530993622457,-2.502024838778488],[-44.04503556190519,-2.5021035180772615],[-44.04486923984939,-2.5021349664574264],[-44.04459524459113,-2.502186960578582],[-44.044148086402004,-2.5021537060725594],[-44.04382854817992,-2.502127510276333],[-44.043568097396964,-2.5021057901996033],[-44.04338166283487,-2.502090275537232],[-44.04333120850601,-2.5020874343238213],[-44.043294334599,-2.5020853267361516],[-44.04324253123686,-2.5020823940715613],[-44.04295338571318,-2.502066080363199],[-44.04253692004419,-2.5021255680534455],[-44.04227497436155,-2.5023049363862806],[-44.04208450494062,-2.502520178777976],[-44.04197719525342,-2.5027833348576873],[-44.04191748417657,-2.503142321659479],[-44.04195263111218,-2.503788584570417],[-44.04201196285883,-2.5040758346008003],[-44.042237565237045,-2.5046504132609666],[-44.04246336201162,-2.5050813436312542],[-44.04252260388874,-2.5053685936321965],[-44.04247484294996,-2.5056198528917153],[-44.042391375687785,-2.505871085897093],[-44.04222468455524,-2.5060384929206325],[-44.04208182755582,-2.5062059174329168],[-44.04181991568754,-2.5063373422341275],[-44.04158189888907,-2.506385019783296],[-44.04130828311417,-2.506408789984858],[-44.040963173591955,-2.506420476481738],[-44.04064196795086,-2.5063364752064516],[-44.04010662336847,-2.506240375544805],[-44.039868632814,-2.5062521406947567],[-44.03966631359966,-2.5063118751852596],[-44.03944023274853,-2.506395473198105],[-44.03935683465852,-2.506551000566628],[-44.03934480549879,-2.506766373730979],[-44.039392218130274,-2.5069937312830524],[-44.03983180999874,-2.50778394047824],[-44.03983167043206,-2.507975350894474],[-44.03972450176264,-2.5081667728132393],[-44.039304376406676,-2.508432139835101],[-44.03898647039146,-2.5086329042210314],[-44.038534077949315,-2.508991600344299],[-44.03804581278194,-2.509577592171471],[-44.03774807110059,-2.509876609020588],[-44.037700300025364,-2.5101398986590397],[-44.03758121254545,-2.510271427798378],[-44.037331305444596,-2.510343066959612],[-44.036974323108716,-2.5103547431967894],[-44.036760104867014,-2.5104502897201733],[-44.03661715024471,-2.510749420770936],[-44.03642660608858,-2.510940689903746],[-44.03617667255077,-2.5110482407958616],[-44.03601008525341,-2.5110720888072464],[-44.0358582807689,-2.5111741944011268],[-44.03574512910684,-2.5113057276648663],[-44.03567360672457,-2.511455202583107],[-44.03563180625478,-2.5116706438179994],[-44.033847272632265,-2.512926872570256],[-44.0345592060351,-2.514444933766982],[-44.03490270541551,-2.514668169380419],[-44.03521332850752,-2.5148343916435723],[-44.035730548776556,-2.514996334876011],[-44.047746436234476,-2.519141255147624],[-44.04926402525199,-2.519750253087195],[-44.05062857915093,-2.5209199829649815],[-44.05465499083898,-2.526404564403685],[-44.05685805862586,-2.5293577634147453],[-44.058263435835364,-2.5311882346070473],[-44.05882415069824,-2.5319175634990936],[-44.05851788177232,-2.532186998542368],[-44.058478805912515,-2.5322435069547247],[-44.058463673237206,-2.5322744329208926],[-44.05842736788969,-2.532355457772649],[-44.05840734467821,-2.532432966608281],[-44.058335902282714,-2.5330944418988133],[-44.05824631565712,-2.5335976909133895],[-44.0585325420289,-2.5339312418979767],[-44.05911854746373,-2.534638608047343],[-44.05894917752812,-2.535022935593515],[-44.059492565970096,-2.5363317334734274],[-44.060386009675305,-2.5376453101669854],[-44.062290749422786,-2.539244028484281],[-44.06220626103733,-2.539288110954066],[-44.06196231899139,-2.539435381491747],[-44.06151861615191,-2.5397031787022675],[-44.06091519444845,-2.540067378943569],[-44.060051784550026,-2.5403793746394507],[-44.059652613218006,-2.540384419723134],[-44.058912733386286,-2.5402707137984324],[-44.05814498343999,-2.5397680129634854],[-44.05794893065372,-2.539612008291361],[-44.05790569284542,-2.5395777830706128],[-44.057833593433266,-2.5395296059985646],[-44.05769541779184,-2.5394374173807246],[-44.05756998018343,-2.5393920054372856],[-44.057512268132946,-2.539348723691827],[-44.05749089638699,-2.5393008551721987],[-44.057474293388935,-2.5392505477533946],[-44.05747189960842,-2.5392026931459823],[-44.05748389846973,-2.5391524066936086],[-44.05751243811386,-2.5391141634225693],[-44.05760297099494,-2.539044847662487],[-44.057633491540635,-2.5390036206885247],[-44.057674342612174,-2.5389802217231225],[-44.05770530205574,-2.5389539208166867],[-44.05772439420659,-2.538920464945362],[-44.05773873156877,-2.5388701801993006],[-44.057731586393835,-2.5388007928447514],[-44.057707870947084,-2.538760068879176],[-44.05765529260299,-2.538707202247147],[-44.0576531355455,-2.5387050296485243],[-44.05765286591331,-2.5387047580737025],[-44.05764810188714,-2.538700683924041],[-44.057622214314605,-2.5386785929380298],[-44.05756465254827,-2.538676198820824],[-44.05752659974565,-2.538685759597044],[-44.05746703845937,-2.538712039538211],[-44.05740359304202,-2.538761202775419],[-44.05738721333528,-2.538775121467401],[-44.05729802502723,-2.5388507703361882],[-44.05712293915469,-2.53905327028983],[-44.05702597604093,-2.5391836411609576],[-44.056991314229734,-2.5392302021592004],[-44.05697717947887,-2.5392490977371134],[-44.05696637583062,-2.539263563263714],[-44.05696250474192,-2.5392684452139713],[-44.05684304043713,-2.539420057433737],[-44.05676924207515,-2.53948223912693],[-44.05675628458112,-2.5394900995585545],[-44.05669068716315,-2.539530034332885],[-44.05659538723702,-2.539599346499092],[-44.056507270530815,-2.5396854893101795],[-44.056454895960826,-2.5397237150485727],[-44.05632876638407,-2.53976432903706],[-44.056233956127066,-2.539778551963209],[-44.056115087975826,-2.5397282599194644],[-44.056057713038236,-2.5397162771972432],[-44.05600256914217,-2.5397284486748064],[-44.05576920958182,-2.539917608046281],[-44.05554880936911,-2.5400962836247665],[-44.055422151858686,-2.5403682912950165],[-44.05535620521137,-2.540641157693134],[-44.0553546619804,-2.5406606957073614],[-44.05535275634761,-2.5406838518160186],[-44.05535085110905,-2.540706465170796],[-44.05534903607626,-2.5407287167557566],[-44.055348314822886,-2.54073106816009],[-44.05534350583304,-2.540788867939334],[-44.05533833286195,-2.5408524568280844],[-44.05533288854793,-2.5409181260745486],[-44.05532807955363,-2.540975925853052],[-44.055324268216054,-2.541022328528294],[-44.05532000328297,-2.5410740679520476],[-44.0553152848198,-2.5411310536653238],[-44.055312744452266,-2.541161265110062],[-44.055307390270215,-2.5412266630443647],[-44.05530094578778,-2.5413071668328477],[-44.05529370682381,-2.5416144507968728],[-44.05529370669227,-2.5416146317148094],[-44.05529370649496,-2.541614903091731],[-44.05529370610034,-2.541615445845541],[-44.05529361240839,-2.541620601940703],[-44.05529352095262,-2.5416226824308774],[-44.05529352088685,-2.541622772889845],[-44.055293520821074,-2.541622863348813],[-44.055293520755306,-2.541622953807781],[-44.05529342831297,-2.541626391182512],[-44.05529305578125,-2.541643939958147],[-44.05529212859514,-2.5416821129820932],[-44.055288044287366,-2.541856514965561],[-44.05528804422159,-2.5418566054245297],[-44.055288044090034,-2.541856786342481],[-44.05528804343227,-2.541857690932176],[-44.055287949213714,-2.541863570699063],[-44.055287393571405,-2.54188555183179],[-44.055283122064196,-2.5420699946274987],[-44.055265926895515,-2.5422157114558472],[-44.05524719268354,-2.542375176920424],[-44.0551874327374,-2.5426742809157834],[-44.05494312811831,-2.5431946927173903],[-44.05474873170245,-2.544222977984344],[-44.05466581362444,-2.5445802299472833],[-44.054612795172325,-2.545008061936992],[-44.05460447142167,-2.545075266836848],[-44.05459877164486,-2.545121034888135],[-44.054597842618506,-2.545161650292497],[-44.05458828242987,-2.5455678945936837],[-44.054584292050855,-2.545736416759258],[-44.054579093169956,-2.5459587611345427],[-44.05457464612225,-2.5460133950882917],[-44.05456920125662,-2.5460796070573624],[-44.05456421032601,-2.5461400299852417],[-44.05455903752899,-2.5462031665485805],[-44.05455449993895,-2.5462586145656174],[-44.05455077961931,-2.546303389023907],[-44.054546696228115,-2.5463526861639707],[-44.05454324778119,-2.546394656593693],[-44.05448308157692,-2.547126606376653],[-44.05447555962548,-2.547327600702966],[-44.054468497736366,-2.5475143933058955],[-44.05441518192996,-2.5477326315063222],[-44.05438759006884,-2.5478274121643607],[-44.054265048766375,-2.54824958426394],[-44.05392591090289,-2.548811807781338],[-44.0536039983004,-2.5491874269805677],[-44.05320381042395,-2.5493499573206098],[-44.05319976177423,-2.549351582588606],[-44.05319787243081,-2.5493523048634392],[-44.053196792777655,-2.549352756360021],[-44.053196522880896,-2.549352846619436],[-44.05319625291803,-2.5493530273377543],[-44.053186176463804,-2.549356819164178],[-44.0531246376879,-2.5493805643705048],[-44.052747487855655,-2.5495259243581394],[-44.05236652242169,-2.549723114346399],[-44.05213749112748,-2.5497707976005497],[-44.05193524530549,-2.5497198099588805],[-44.05185139605706,-2.5496267561072576],[-44.05180494237017,-2.550053778253769],[-44.05174872007551,-2.5503097353419104],[-44.05172589108323,-2.550409765990212],[-44.05168367975726,-2.5505704802079134],[-44.05152114882653,-2.5511881036665027],[-44.051556121518146,-2.5514546215276415],[-44.0516819356043,-2.5522144791608983],[-44.05185166196769,-2.552211077072787],[-44.05201347322537,-2.552207759555212],[-44.05239415738297,-2.5533781278340695],[-44.05236138532864,-2.553913439467656],[-44.05258941564237,-2.5542509298340446],[-44.052722056280835,-2.554410054945802],[-44.052653823068276,-2.5544860803356575],[-44.05274334023792,-2.554577510207457],[-44.052814495274006,-2.5545647177744852],[-44.05288393329861,-2.554685712833721],[-44.05278810861605,-2.5549780955524115],[-44.05273749688267,-2.5550643558579957],[-44.05258520954176,-2.5550809778579944],[-44.05262143815642,-2.5557200970586726],[-44.0525659305127,-2.557698663996277],[-44.05161422235011,-2.5573437202179075],[-44.04912501578495,-2.5557610100443253],[-44.04717989625196,-2.5552629419838655],[-44.0453417386657,-2.554986394421791],[-44.04375301260564,-2.5552962939862165],[-44.03977058377974,-2.5583090157204342],[-44.038009926514384,-2.5578349534247917],[-44.035197234654376,-2.5559899201633773],[-44.033488495883105,-2.5497179597304833],[-44.03339815265815,-2.5432558124025912],[-44.033829164328054,-2.539618169295946],[-44.03321468117477,-2.5339214487710344],[-44.029599624913104,-2.5310466784851555],[-44.02655485741593,-2.529321154203242],[-44.02732379452293,-2.5193652600394927],[-44.024318894266656,-2.5120751431675803],[-44.02380647054696,-2.510424800358798],[-44.02384008095746,-2.5088853170197876],[-44.024487369099155,-2.506835294886492],[-44.028168680427875,-2.500393884662047],[-44.0325270377547,-2.4955146251244393],[-44.04358709709079,-2.4831368698817107],[-44.05347809242473,-2.4706490991566907],[-44.0550270158121,-2.4701302488303365]]]}},{"type":"Feature","properties":{"sigla":"ZEU","nome":"Zona De Expansao Urbana - Zeu","familia":"urbana","cor":"#f2a65a","fonte":"LC 77/2025, Anexo III - Tabela 1 (memorial descritivo)","vertices":868,"aneis":1,"area_m2":43407027.7,"area_ha":4340.7,"area_km2":43.407,"na_tabela7":true,"area_min_m2":150.0,"testada_min_m":7.5,"atme_pct":360.0,"alml_pct":30.0,"altura_max_m":60.0,"taxa_ocupacao_max_pct":70.0,"coef_aproveitamento":3.6,"edificacoes":68482,"area_construida_m2":7280270.3,"domicilios":67836,"enderecos":77683,"estab_ensino":197,"estab_saude":48,"estab_outros":6907,"em_obra":2104,"ocupacao_observada_pct":16.8,"densidade_dom_ha":15.63,"area_media_edif_m2":106.3,"lotes_teoricos":289380},"geometry":{"type":"Polygon","coordinates":[[[-44.191211500170105,-2.4980866398366386],[-44.19127103681272,-2.498096265691203],[-44.19134386825422,-2.4981334003314006],[-44.1914401442696,-2.4982206656305608],[-44.19204644890412,-2.4988157403644764],[-44.1929336803214,-2.499357434848462],[-44.19437295358868,-2.5001002962374086],[-44.19968527461301,-2.5032517501282845],[-44.2009907526542,-2.5042391354635725],[-44.20170211622895,-2.5048397905645343],[-44.20393218423288,-2.50663738074949],[-44.2050999764048,-2.507754131896577],[-44.20558776499349,-2.5072731681944864],[-44.209082321533,-2.510354557073752],[-44.20909778047404,-2.5103737445778633],[-44.209108464465885,-2.510406046276918],[-44.20910960638978,-2.5104515497346496],[-44.209102393580864,-2.5104802220399134],[-44.209089337200176,-2.51050418672816],[-44.208793600264386,-2.510951073710253],[-44.21064228947155,-2.5126554305918063],[-44.21140369310919,-2.5133704585498022],[-44.21200692946436,-2.5143102808923015],[-44.211103034805255,-2.5191607989000677],[-44.21090324502439,-2.5191962291420835],[-44.211454036403545,-2.519550997594522],[-44.212786050495,-2.5207259243869653],[-44.21351458274849,-2.521368019839788],[-44.21097285150341,-2.5214553984585018],[-44.20705490414043,-2.521630673799464],[-44.205983341803474,-2.521702296766953],[-44.205937651182516,-2.521402927785158],[-44.20589202166551,-2.521299500976729],[-44.20519948543053,-2.5210810611076266],[-44.20446519690736,-2.5211885321649516],[-44.2033729487331,-2.52125905478228],[-44.20333540350334,-2.5213216318095863],[-44.20295315870682,-2.5217280259709915],[-44.20280622543081,-2.521814508211584],[-44.20251783024832,-2.5218648087226327],[-44.201350936261285,-2.5219207189620634],[-44.201350715562505,-2.522282569080888],[-44.200701896146505,-2.5225022639799937],[-44.20063748817114,-2.5225139843342346],[-44.200206456850424,-2.5226834257761546],[-44.19955713281815,-2.5226983125106455],[-44.198595274851876,-2.5223772990754996],[-44.19727068388244,-2.5218847242719518],[-44.19703035200781,-2.52188213274461],[-44.19688423423863,-2.5218118432356156],[-44.19684728283063,-2.5217856766606626],[-44.1961399856414,-2.5214414803855867],[-44.195719594994166,-2.52127422566731],[-44.19564836418076,-2.521264954255087],[-44.1951419495522,-2.5210109829481535],[-44.19511525344502,-2.520982380229762],[-44.19464456939654,-2.520838704685547],[-44.194017905510066,-2.5208661772794105],[-44.19331351009039,-2.5207786234533995],[-44.19288851525819,-2.5206403130925197],[-44.19252712522104,-2.5204799694538074],[-44.19214822806302,-2.5201217736389427],[-44.19212297368061,-2.5200891009781623],[-44.19191240525471,-2.519955175827434],[-44.19168843454228,-2.5199679722303823],[-44.19110632359726,-2.5200935325013183],[-44.190626937598,-2.520060666659225],[-44.19031806072113,-2.520070605436481],[-44.18997661071186,-2.519956228553822],[-44.189793447934875,-2.52030385114334],[-44.18968955121046,-2.520902375240535],[-44.18963446356589,-2.52300405146894],[-44.19157544250257,-2.5230625281750965],[-44.19070322765559,-2.5294829985483456],[-44.19267232445223,-2.5300508879065418],[-44.197298579612294,-2.53138411485772],[-44.1965763222285,-2.5342914899300633],[-44.19558927273891,-2.5386302656486395],[-44.19531931304282,-2.5401339438139603],[-44.19771600121763,-2.540609555760512],[-44.20905035173026,-2.543266958138513],[-44.20844821401721,-2.5446491282954904],[-44.207513115156004,-2.546727202230209],[-44.20697200631985,-2.5480295298255564],[-44.20633650402586,-2.5501267839730146],[-44.2083660495324,-2.550758022567972],[-44.20825589990143,-2.55099342878516],[-44.20824360453829,-2.5510956440023493],[-44.20821601573465,-2.551201739651898],[-44.20817189635793,-2.551275529896663],[-44.20801971632902,-2.5514045259579654],[-44.207848224596674,-2.551489364255478],[-44.20766730858267,-2.551541177815617],[-44.20740658749876,-2.551628403276903],[-44.20704323280357,-2.55172144514516],[-44.20684941502647,-2.55183729812519],[-44.20669063578537,-2.551873203817362],[-44.20650335602683,-2.551888194942451],[-44.20617652230128,-2.5518307293566522],[-44.206064623529336,-2.5518375350855473],[-44.20591949581746,-2.5519068298542944],[-44.20579017073458,-2.5518753590523606],[-44.205631425760636,-2.551855449188906],[-44.20545530879078,-2.5518553398316866],[-44.20525398478665,-2.5518906761354683],[-44.20504258984269,-2.5519208497781785],[-44.20478092360277,-2.5519358848835725],[-44.204914479346414,-2.5521085705311326],[-44.20498413743679,-2.5521918394151704],[-44.20505846479732,-2.5522881378146325],[-44.205323393000114,-2.5525273046330725],[-44.20552041981756,-2.5527520456942003],[-44.20572833463853,-2.553116286864108],[-44.205746311079366,-2.5531375567442867],[-44.20578163977384,-2.5531712307801055],[-44.20583198975486,-2.5532048236817677],[-44.20589025894961,-2.553232179579254],[-44.20593981084975,-2.553247136682542],[-44.20601704708633,-2.553293863354802],[-44.20605001688976,-2.553360554779815],[-44.20608921639556,-2.5533892557704756],[-44.20614471022682,-2.553395441682884],[-44.20620444513897,-2.553379557344786],[-44.20624925703739,-2.5533501848084175],[-44.20635985707978,-2.55326132869184],[-44.206408798230726,-2.5532455281049984],[-44.206418246491936,-2.553239382509512],[-44.20652968655657,-2.55324741237476],[-44.2066094437972,-2.5532901602262092],[-44.206655741237334,-2.553331801763867],[-44.206721692353696,-2.5534465493058445],[-44.20673585129449,-2.553532588059677],[-44.206714666572175,-2.5536092872337073],[-44.20671679085344,-2.5536654658501416],[-44.20673375053998,-2.553731333173737],[-44.20674614182519,-2.553766349903223],[-44.20676204161985,-2.5538004641832495],[-44.20678775041409,-2.553826895224907],[-44.20684150076038,-2.553889347794824],[-44.20683373863691,-2.553932765046564],[-44.206835154769934,-2.553970307920993],[-44.20583537086971,-2.553997278325033],[-44.20634449049474,-2.555142760922088],[-44.20704483410779,-2.5565904170724862],[-44.207493749791205,-2.557785345491687],[-44.20772176615308,-2.5586671360608393],[-44.208040562349154,-2.5590731494488685],[-44.208186308343464,-2.5591703968093844],[-44.20844118731661,-2.559225194423376],[-44.20849006100826,-2.56005286770409],[-44.208425714353496,-2.560547658554273],[-44.20829848480001,-2.560910696696004],[-44.20777570078048,-2.5617982628734763],[-44.207721437100446,-2.561838846871654],[-44.20768131801384,-2.5618424404369753],[-44.20763905082724,-2.5619750324002726],[-44.207554735523466,-2.5621764402853007],[-44.20708747873399,-2.5630146477862863],[-44.207035491777695,-2.563155737133294],[-44.20701193489867,-2.563286350508774],[-44.20701084162276,-2.5634550626356125],[-44.20742460949136,-2.5668060562895523],[-44.20741087228659,-2.5670576243184065],[-44.20735235778399,-2.5671354761809893],[-44.20724870518795,-2.5671872466660393],[-44.20648383957843,-2.5672414091032025],[-44.20618630092592,-2.5672235832167773],[-44.204316591841945,-2.5665610430171766],[-44.20305464942352,-2.566071031668184],[-44.201485160577214,-2.5645892668858625],[-44.19705060429772,-2.5633257031293564],[-44.19476951886621,-2.5626125957213515],[-44.19330265318283,-2.563897770738406],[-44.190656564264465,-2.566330159983452],[-44.188849144981845,-2.5680461628358455],[-44.18876032953877,-2.5682467513731853],[-44.18868773793833,-2.5685372696941875],[-44.18874906790583,-2.570413133390567],[-44.18883537887144,-2.572042232125416],[-44.188833404022716,-2.572462970630632],[-44.18878058426769,-2.5727792832360783],[-44.18863501997088,-2.572965270947282],[-44.18806305249649,-2.5735101207756643],[-44.187647363952635,-2.5738517112860397],[-44.187172334637516,-2.574295033509328],[-44.186149268457946,-2.5754152035135096],[-44.18541247423992,-2.576162490315302],[-44.18508105616313,-2.5766611758881335],[-44.184375021147225,-2.5802359650402513],[-44.18387660076541,-2.580398023141538],[-44.18374325773533,-2.5804587276546367],[-44.18362521397205,-2.5805069582529305],[-44.18351285435566,-2.5805279634178504],[-44.18339098336103,-2.580512596675886],[-44.183244389881104,-2.5804761363003133],[-44.18312829399255,-2.580432006323168],[-44.18301029452055,-2.5804108524755534],[-44.182917019964194,-2.580406992840052],[-44.18283704565589,-2.580422229284085],[-44.182720894743674,-2.580464309590072],[-44.182450430195345,-2.5805866204940004],[-44.182288553444245,-2.5806784253351736],[-44.182238984271414,-2.5806898819781345],[-44.182141933076714,-2.580684120135551],[-44.18202391524019,-2.580691733114168],[-44.1818810213743,-2.5807777605911415],[-44.18182011008007,-2.580802598263557],[-44.18178197054233,-2.5808044733005673],[-44.18174392459805,-2.5808006492881246],[-44.181707774927496,-2.5807853378215664],[-44.18163090231371,-2.580732639189663],[-44.18157445272697,-2.580672716803161],[-44.18155668688109,-2.580603863697868],[-44.18157753391147,-2.5804962273540584],[-44.18157757411775,-2.580433356261353],[-44.181547824017635,-2.5803974235881038],[-44.18149431973138,-2.580373507000479],[-44.18143181292686,-2.580361525576498],[-44.18137828000367,-2.580382387674895],[-44.18129791935204,-2.580439145840387],[-44.181161038235516,-2.580546797545942],[-44.18102106056837,-2.5807142426254828],[-44.180925864054245,-2.5807620354108356],[-44.18052430182758,-2.580669051803971],[-44.18040303106527,-2.580840217843612],[-44.18036945186861,-2.580884341551653],[-44.18030146642635,-2.580999907954363],[-44.18003555758201,-2.581452045653801],[-44.17985423883062,-2.581844442714939],[-44.179830375514385,-2.581886311144559],[-44.17977979737038,-2.5819281622460313],[-44.17970540770923,-2.581931099239964],[-44.179604326259344,-2.581898105501564],[-44.179562691406744,-2.5818801670159353],[-44.179374558157356,-2.5820983297271938],[-44.17908651017051,-2.582427605299149],[-44.17886606213688,-2.582681479378251],[-44.178729104130575,-2.5827681434465295],[-44.17864580368087,-2.582780120769853],[-44.17849401180884,-2.5828547437243294],[-44.17847910867896,-2.5829505332631055],[-44.17845523762083,-2.5830043426196085],[-44.17838979857318,-2.583076126887955],[-44.178261852723686,-2.5831358390743735],[-44.17802379584553,-2.583216466815832],[-44.177952368635964,-2.5832284518032615],[-44.17789292587101,-2.5832074259681383],[-44.17779474396705,-2.583141505803759],[-44.17772333986269,-2.583117577399706],[-44.17767277703461,-2.5831354559717865],[-44.177646014074924,-2.583210250591417],[-44.17760729948066,-2.5832670355053926],[-44.17751796282693,-2.583293935033865],[-44.17744664675326,-2.583272991914605],[-44.17738414189627,-2.5832579345529894],[-44.17731581533415,-2.5832040652268695],[-44.17726224424622,-2.5831442350153795],[-44.17722360282284,-2.58308730930334],[-44.17693814978898,-2.582877704089677],[-44.17670921693064,-2.5827578738817616],[-44.17639090900595,-2.582724738405958],[-44.1761172234607,-2.5826796909636744],[-44.17606075485966,-2.5826497112689184],[-44.17584350326121,-2.5826884682810176],[-44.175715592059184,-2.5826944458351937],[-44.175632309087575,-2.5826793748546892],[-44.175557762532996,-2.582646669495856],[-44.175471547888804,-2.5825747865214974],[-44.17535508588694,-2.5824014760289056],[-44.175204026810285,-2.582176670150199],[-44.17503460066165,-2.581979081316905],[-44.17492339147121,-2.581889903802162],[-44.17483066120885,-2.5818790783334014],[-44.174680709628156,-2.5818897454435716],[-44.17457716006628,-2.5819183542756567],[-44.17448073029405,-2.581925528280511],[-44.17442003109487,-2.5819003402529472],[-44.17434874112474,-2.5818392319442345],[-44.174106140919136,-2.5815733870200797],[-44.17397765975902,-2.5814871834170225],[-44.17392054697909,-2.5814799091668856],[-44.17386704138042,-2.5814583442958776],[-44.17384918095526,-2.5813973613333436],[-44.173863533860185,-2.5813183070382584],[-44.17384217238612,-2.581246556827711],[-44.17376365877502,-2.5812285036348017],[-44.173588694606245,-2.581249919260186],[-44.17349236876159,-2.5812355633502575],[-44.17331387392853,-2.5811528550367084],[-44.173228279879766,-2.581095355820691],[-44.17319919641832,-2.5810026134157],[-44.17313673428011,-2.5809217901592727],[-44.17306830075179,-2.5808947877982114],[-44.172985064341596,-2.5808079804777613],[-44.17274568395189,-2.5805712662601934],[-44.172576166714734,-2.5805155213841027],[-44.17215970837038,-2.580509278492522],[-44.17204663714311,-2.5805181602282463],[-44.17187711493859,-2.5804701949838837],[-44.171273016386095,-2.580058650550043],[-44.17117793214669,-2.579932936831754],[-44.17114825599231,-2.579783384032982],[-44.17110073910007,-2.579681583384284],[-44.170729645841185,-2.5794892899074027],[-44.170506013244655,-2.5793820366149336],[-44.170204613873686,-2.579215118004818],[-44.170078572804236,-2.579112089872344],[-44.17000006331252,-2.57908806603007],[-44.169928645739766,-2.5790856671988083],[-44.1698667425917,-2.5791143029918366],[-44.16981910705655,-2.5791956873524167],[-44.169685704078695,-2.5793487516407114],[-44.1696048108683,-2.579394200847565],[-44.16952629979503,-2.579372619439992],[-44.16950725400945,-2.5793366936226327],[-44.169485886639464,-2.5792744419078257],[-44.16942160920882,-2.579219308519737],[-44.16937880769837,-2.5791977505362698],[-44.1692145570821,-2.579204879694799],[-44.169174146912795,-2.579240766492922],[-44.16910749356478,-2.5792430747513335],[-44.16906701827685,-2.5792406961783088],[-44.169007579419805,-2.579214332790131],[-44.16894569798316,-2.579209497694186],[-44.168869499239214,-2.579228535098368],[-44.16874815716902,-2.579230897892423],[-44.16863148936795,-2.5792379677553954],[-44.16856248644205,-2.579257100326572],[-44.168474423781866,-2.579261836956243],[-44.16840067538443,-2.579247405093712],[-44.168369764195944,-2.5791995305254387],[-44.16834363737541,-2.5791253347334675],[-44.16828180419706,-2.5790462305503294],[-44.168184258323215,-2.5789719878367],[-44.16791713509085,-2.578797040234773],[-44.167599882975836,-2.5788030735575713],[-44.16733340319245,-2.5787454551417976],[-44.167152529375386,-2.578726248756706],[-44.167024086187126,-2.578721369792007],[-44.166800313309466,-2.57869245573361],[-44.16664328521244,-2.578658881561344],[-44.166524327133324,-2.5785917711416606],[-44.16641971448695,-2.578457638040321],[-44.166363916671465,-2.57836523991531],[-44.16624927495077,-2.5784381670274112],[-44.16609520841026,-2.5781387278422048],[-44.165128967488556,-2.576782342191456],[-44.165053367069646,-2.5767116418138256],[-44.16498243671648,-2.576652071296836],[-44.16486761212331,-2.5765917481572918],[-44.164217726793204,-2.5775715621209323],[-44.16400378810505,-2.5779111044162186],[-44.16395040881449,-2.577972311713125],[-44.16337493545885,-2.5787742358809593],[-44.16285847742259,-2.5795609105620563],[-44.162793664559196,-2.579637398218541],[-44.159870259333694,-2.5838728606906636],[-44.15986257451629,-2.583932469735503],[-44.158635121019884,-2.5839547207210565],[-44.158644295736615,-2.5702550533038258],[-44.15842101401703,-2.5693419676881666],[-44.158300463771496,-2.5690985463490974],[-44.158300697313294,-2.56874185671661],[-44.15797256966569,-2.568053679552468],[-44.15754341460332,-2.5673910360978756],[-44.15643215993893,-2.566498530160062],[-44.155616498219636,-2.56584268618373],[-44.154765294575235,-2.5650706658547686],[-44.154184330171226,-2.564790030418853],[-44.15390005031488,-2.564724437893226],[-44.15303147529852,-2.5645200507665287],[-44.151986296280434,-2.5641006997435247],[-44.15172827041715,-2.563915172518075],[-44.15145605127907,-2.5635653579581414],[-44.151441665094595,-2.5634207006412764],[-44.151289914505426,-2.5634358875034247],[-44.15090774882344,-2.5632704503504287],[-44.150689403858536,-2.5630637815116275],[-44.15011614752051,-2.56269169353144],[-44.149938736815464,-2.5626089839722717],[-44.14958373469287,-2.5625812468238744],[-44.14929707500632,-2.5624433733244736],[-44.14837680486346,-2.562207016420996],[-44.14771337441066,-2.562180700940252],[-44.14727653132616,-2.562001476290405],[-44.14673041108977,-2.56194601984201],[-44.14621548902259,-2.5620467201937362],[-44.14609615906342,-2.562002314229606],[-44.14577160057048,-2.56177693869179],[-44.1455281062481,-2.5616540195723],[-44.1445944647126,-2.561510193211942],[-44.14380315679875,-2.561038901864735],[-44.143559730853084,-2.560813670919261],[-44.14327572557116,-2.560608766456863],[-44.14291045777902,-2.560465320942681],[-44.14215929523494,-2.560628550520491],[-44.141773653596886,-2.5606896236672023],[-44.141022572757265,-2.560730096784977],[-44.14067756520293,-2.560688885419169],[-44.14017018246738,-2.5605453434276417],[-44.139520692595454,-2.5605243706301715],[-44.13928452128772,-2.5604820563673596],[-44.13912190082331,-2.560208301808739],[-44.13819935973361,-2.559879305053069],[-44.13743982186275,-2.559386321684726],[-44.1371685467703,-2.5591124935879543],[-44.13674099012118,-2.5589057722922517],[-44.13665439492899,-2.558467791865694],[-44.13651783146599,-2.5586395754160365],[-44.13615358858865,-2.5589834425908995],[-44.13561419282621,-2.559636386631417],[-44.135490849163936,-2.560079652394092],[-44.13546111299021,-2.560562603499522],[-44.135400054637124,-2.560808163700895],[-44.13517627853327,-2.561462859031632],[-44.134708742176734,-2.562526724662068],[-44.134541373881675,-2.5638326864867813],[-44.13408637037849,-2.564581122538939],[-44.133740593566166,-2.5650146475623066],[-44.13224261240054,-2.5656955215987374],[-44.13167453353482,-2.5657925604853005],[-44.13069319817232,-2.5660840790942436],[-44.1284011178434,-2.5669683938267718],[-44.12666435494413,-2.567737385552274],[-44.124597129891235,-2.56797269975424],[-44.12402895102388,-2.5682158286591656],[-44.121829468086034,-2.568767930464317],[-44.12093005079478,-2.5690904341167995],[-44.120206916441404,-2.569430879780387],[-44.11824434046618,-2.5698678008988276],[-44.11775012285338,-2.5699416354576727],[-44.117322087556154,-2.5700422921107964],[-44.11597205503565,-2.5702071675081894],[-44.114404042530886,-2.570168353328655],[-44.113004873078275,-2.5702415547115063],[-44.111845516408806,-2.570293121234586],[-44.10612198425162,-2.568696282093544],[-44.10597635028507,-2.568712010214923],[-44.105672836499174,-2.569150257581966],[-44.10531088938685,-2.569542509849641],[-44.10511083217514,-2.569695518166401],[-44.10488230857418,-2.5697815658011827],[-44.10473959716065,-2.5697336117841973],[-44.10465394510063,-2.5696377540400643],[-44.104549361031395,-2.5694749423807366],[-44.104530405806635,-2.5693121910648977],[-44.10443534270761,-2.5691685636877035],[-44.10421646698441,-2.569091789614863],[-44.10403558514123,-2.5690916621057136],[-44.1037784788175,-2.569148923055221],[-44.103530976732905,-2.569234866605608],[-44.10339756955292,-2.5693880120742847],[-44.103283224312754,-2.5695506692910115],[-44.10327916474029,-2.5695678538642945],[-44.10325315626758,-2.569587917673633],[-44.10324935207601,-2.569754723597957],[-44.103263915218356,-2.5698953090278924],[-44.10337800670692,-2.5700963921227937],[-44.10338742075951,-2.570268725453687],[-44.103320596820005,-2.570517624758338],[-44.103130210276305,-2.570603698906523],[-44.102692235048,-2.570641654222502],[-44.102321093602235,-2.570545685096752],[-44.102025448456025,-2.570404991473177],[-44.101961598817276,-2.5703874875211774],[-44.10194317463117,-2.5703663068163025],[-44.10175012226322,-2.5702771575144348],[-44.10157887505846,-2.5701334761388224],[-44.101455263018174,-2.5699132086939986],[-44.10123896558213,-2.5696226786154055],[-44.100577085001284,-2.5691889966798946],[-44.09992336717717,-2.5689164298063627],[-44.09875271745784,-2.568532682664838],[-44.09773422235497,-2.5684553404633768],[-44.09757628734472,-2.567543481393837],[-44.09759819523626,-2.567470767050353],[-44.09748067931706,-2.5647153606325195],[-44.09603172614239,-2.56076439534763],[-44.096146397104846,-2.560392957276254],[-44.09624194968455,-2.560349423262525],[-44.09602088068617,-2.5582710377303033],[-44.0956289675785,-2.5581732441612357],[-44.09517417329159,-2.5583457004408356],[-44.09320395845133,-2.5570134550002894],[-44.0931564058121,-2.5568449847712156],[-44.09336446647295,-2.55643552976022],[-44.09369723610599,-2.5559615747287663],[-44.094347407452545,-2.555251110738136],[-44.09456463912669,-2.5547170079079584],[-44.09503690366433,-2.553741550206298],[-44.095799564638135,-2.551013634134116],[-44.094068653164186,-2.550648399061354],[-44.09317464989699,-2.550581006563677],[-44.09211196606896,-2.550819519858385],[-44.090820106099535,-2.550925707407089],[-44.08955227607584,-2.5511391960917393],[-44.08623541502751,-2.5505923546149036],[-44.08611089025353,-2.5540894414058832],[-44.08615967816724,-2.555562614016314],[-44.081236030314756,-2.555533211210833],[-44.080926832028645,-2.5563737208882986],[-44.081121426709394,-2.5565646403372866],[-44.08146145231313,-2.5566430421033597],[-44.081707833157104,-2.5572446856912774],[-44.08121989909262,-2.5578530377325808],[-44.07993370945893,-2.5580741896750308],[-44.07946950908402,-2.5590758761544397],[-44.079726392597784,-2.559831489793086],[-44.079948595616045,-2.561290040220877],[-44.07786364748191,-2.5619481648809406],[-44.07766703972869,-2.5620567550035007],[-44.077254389649774,-2.5624084344084572],[-44.07734181233432,-2.5627908702712427],[-44.07605019666183,-2.5619175425147493],[-44.075396980217924,-2.5618416255330048],[-44.07470460977679,-2.5616795623815096],[-44.07350558344317,-2.5611366582375927],[-44.07252425081502,-2.560557908840554],[-44.07122571197971,-2.5594404231970844],[-44.070777168136125,-2.5594256230369115],[-44.07063556129571,-2.559222800381359],[-44.0705974358146,-2.558957636131951],[-44.070841164029396,-2.5586133442639514],[-44.07123712105331,-2.557584747204104],[-44.071088377374664,-2.557550354862272],[-44.07149027352811,-2.5562664853590698],[-44.07174730300758,-2.5563110877652098],[-44.071897202686756,-2.556363844089001],[-44.07202803070034,-2.55642138089218],[-44.0723801692291,-2.55653896260168],[-44.072620468453955,-2.5565845477643645],[-44.07272759585886,-2.556579831203129],[-44.07280857342455,-2.556541625650303],[-44.07308322540271,-2.556219698892869],[-44.07321607231625,-2.556096046750955],[-44.07331658636312,-2.556031983917148],[-44.07343201783001,-2.5559865665429133],[-44.073504616819314,-2.5559674417949463],[-44.073591509205286,-2.555959182544953],[-44.073929244655396,-2.5559682020108956],[-44.07441018100946,-2.5559645703734444],[-44.07427005448805,-2.555577935429896],[-44.07385399995175,-2.5549098620069706],[-44.07370659540975,-2.5542619748540947],[-44.07374766476033,-2.553934541302784],[-44.07381674699227,-2.5535509526960762],[-44.073089515209375,-2.5538455044578017],[-44.072229827759124,-2.5539691721318287],[-44.07009129458718,-2.5542409865695612],[-44.06970865144122,-2.552267698686728],[-44.069249280803824,-2.552428201285291],[-44.06812588341941,-2.549171209001962],[-44.07093962966386,-2.549257651804407],[-44.07118446801016,-2.54849000983384],[-44.07170618658608,-2.548429508779993],[-44.07190366068748,-2.548363887839476],[-44.07197761343925,-2.548463265875983],[-44.0721382430767,-2.54847776527519],[-44.072795165570255,-2.5482664752903808],[-44.07327010308994,-2.5480944936108396],[-44.07350626521297,-2.5478860648353625],[-44.07342728051069,-2.5477796273775395],[-44.07266783003802,-2.5472254661301115],[-44.07253465230796,-2.547058833909357],[-44.07249091402126,-2.5469687951028526],[-44.07225534421288,-2.546223781515498],[-44.07194581984798,-2.5451307169842714],[-44.07051260698132,-2.5436918270006914],[-44.0704127328157,-2.5436174874971718],[-44.0703253461828,-2.54356360086008],[-44.070220052688114,-2.5435210086743236],[-44.069973393625176,-2.5434424016859376],[-44.0698992183022,-2.5434030885649053],[-44.06982784225169,-2.5433483993728245],[-44.069773646010255,-2.543292908493655],[-44.069533963470704,-2.543017919175649],[-44.066892441899235,-2.539718940738529],[-44.066070090403464,-2.5410963100800066],[-44.06615659437215,-2.5413766158712723],[-44.06630762402614,-2.542107094070208],[-44.065874470968176,-2.5419618633089707],[-44.06560678088979,-2.541862525214364],[-44.06424626128516,-2.541288113557766],[-44.0637367729258,-2.540982171052847],[-44.063717777292915,-2.5408817474562304],[-44.063684594871496,-2.5407476626864804],[-44.063493788071526,-2.5404246746373214],[-44.06315571225706,-2.5400213419280315],[-44.06229083923542,-2.539244209468185],[-44.060386009675305,-2.5376453101669854],[-44.059492565970096,-2.5363317334734274],[-44.05894917752812,-2.535022935593515],[-44.05911854746373,-2.534638608047343],[-44.05824631565712,-2.5335976909133895],[-44.058335902282714,-2.5330944418988133],[-44.058369473173826,-2.532814495478234],[-44.05839458864791,-2.532535628383683],[-44.05840734467821,-2.532432966608281],[-44.05842736788969,-2.532355457772649],[-44.05844926127658,-2.532303731148894],[-44.058478805912515,-2.5322435069547247],[-44.05851788177232,-2.532186998542368],[-44.058823790667205,-2.531917925072812],[-44.056858597756666,-2.5293584874812898],[-44.05771135411214,-2.5289662464286424],[-44.05807950846605,-2.528937839558034],[-44.05815357479206,-2.5288771050735916],[-44.05821595866444,-2.528802431356961],[-44.058279173730675,-2.5286976353558357],[-44.05831770938876,-2.5286416692706033],[-44.05833769313453,-2.5286187072301187],[-44.0583706202802,-2.528607242936457],[-44.05848737705758,-2.5285910454398173],[-44.05873491195814,-2.5285720485838374],[-44.05920665318613,-2.528580624180011],[-44.05930029331706,-2.5285664903214484],[-44.05958356836465,-2.528501656546628],[-44.059651927615484,-2.528372440207024],[-44.05968766621372,-2.52832868400346],[-44.059713315777984,-2.528306449729731],[-44.05974193187323,-2.52828638863486],[-44.059776121588,-2.52827022134085],[-44.05994186372267,-2.528175178974488],[-44.060192358192744,-2.5280430195407906],[-44.060372566605665,-2.5279679791000382],[-44.060393974879496,-2.5279651904414253],[-44.060582109689975,-2.5279992494945973],[-44.06089133166382,-2.5281239462236074],[-44.06097223153078,-2.5281910353077257],[-44.0611920590942,-2.5283043595861314],[-44.06250899660979,-2.5285529937143396],[-44.06325886413925,-2.5287791433089253],[-44.06347418436622,-2.5289072993551724],[-44.063836183464424,-2.529185090911555],[-44.06399026573784,-2.5290445384949893],[-44.064045971868545,-2.5290002538454623],[-44.064087547375784,-2.528969437378343],[-44.06426832499587,-2.5288533282631964],[-44.06445529079537,-2.5287620998950207],[-44.06491304005489,-2.528591734837936],[-44.065129062573774,-2.528493019262229],[-44.06528904667498,-2.5284002333879885],[-44.06578911826206,-2.5280348682934504],[-44.06595581137389,-2.5278674582163574],[-44.065974807004125,-2.5278425956424746],[-44.06598912634066,-2.527816734633815],[-44.06600246310058,-2.5277813746861084],[-44.06601202777607,-2.527738322968431],[-44.066015843703944,-2.527684683353472],[-44.06601309791102,-2.527625340056684],[-44.06600648052143,-2.5275716928973604],[-44.06590033154453,-2.5270920913174932],[-44.06654147502877,-2.5270443399013294],[-44.06729492979468,-2.52690819999008],[-44.06793430505737,-2.5268176592728318],[-44.06809945596088,-2.5267943494213214],[-44.06849873023336,-2.526766504465767],[-44.069251223967576,-2.5249480890866076],[-44.0715247734169,-2.5247134435347043],[-44.07327095376491,-2.52503944574294],[-44.07152700003155,-2.527403890393696],[-44.07222385866052,-2.527680202023555],[-44.072396526057254,-2.5277117154788185],[-44.07271253049672,-2.5279143002618607],[-44.07426306604409,-2.529543412697284],[-44.0749045566294,-2.530278494581278],[-44.07494218540286,-2.5303593019298005],[-44.074939758809734,-2.533780570424279],[-44.07509931004684,-2.5337915401046702],[-44.0759508434575,-2.534112649285177],[-44.07621121288234,-2.5342620038329136],[-44.07760385877119,-2.5348182427549695],[-44.07692895140395,-2.535923175381034],[-44.07718882189364,-2.536396465338809],[-44.07729848798892,-2.536741647303872],[-44.07811645060877,-2.5369705535277296],[-44.07825499448348,-2.537053694695328],[-44.07834000114104,-2.5371663778061015],[-44.07851876506946,-2.537354933226588],[-44.07862924687591,-2.5374377829013137],[-44.07868749201915,-2.537491738546624],[-44.07867056047212,-2.5376501212293108],[-44.078544097707244,-2.5377803829786703],[-44.07804079243592,-2.538770102818405],[-44.077807261533785,-2.539203689170583],[-44.077722710757435,-2.539589619640405],[-44.07736828153098,-2.5408030616457866],[-44.07735181457762,-2.540940005639622],[-44.07738450761263,-2.5415121860165217],[-44.07722048082182,-2.5419758544900275],[-44.07710133242055,-2.5421910626831656],[-44.07708155949847,-2.542296976642137],[-44.077104378712804,-2.542334262388379],[-44.07879442294633,-2.541825102634257],[-44.079039033420116,-2.5418765686545663],[-44.08000474188858,-2.5417744080939806],[-44.0817981302127,-2.5416481431553892],[-44.081897072454574,-2.5425332716078084],[-44.08186730485677,-2.5432912121580022],[-44.08172314246471,-2.5437748874993904],[-44.08134031857403,-2.5445692114268983],[-44.08170524537509,-2.5447894706324994],[-44.08205225913593,-2.5450299799344527],[-44.08223541656841,-2.5451127911531715],[-44.082313527170776,-2.5451845815832836],[-44.08254032029323,-2.5452493320463563],[-44.08267271309221,-2.5452562112105706],[-44.083074264968495,-2.545197428109088],[-44.083495968963845,-2.5455140671829026],[-44.083456255638716,-2.545581974067405],[-44.083560611746414,-2.5456796546972207],[-44.084266658063086,-2.5455735974216145],[-44.08507567738898,-2.544720686775599],[-44.08603966033517,-2.544135917987146],[-44.08668486264176,-2.544088433631137],[-44.08906237932936,-2.544310755112657],[-44.094317673290135,-2.5450372505311902],[-44.09596690985965,-2.5452714389199427],[-44.102675104561314,-2.546766300321489],[-44.10439428756677,-2.546143779019758],[-44.10771804530192,-2.544791090669723],[-44.10820280303821,-2.5448551118088782],[-44.11164239083888,-2.5458885662276076],[-44.114284175999515,-2.5471840691871064],[-44.11657398379132,-2.5479940049697456],[-44.117148661500735,-2.548363027876529],[-44.117758737012295,-2.5487922313067273],[-44.11798709258053,-2.549078877253744],[-44.11934661262853,-2.5493464001970443],[-44.1292824489017,-2.551991123143752],[-44.13140433267929,-2.5525648212283203],[-44.13190858873198,-2.5526690126972515],[-44.13340573785991,-2.552935802248377],[-44.13665751687893,-2.554065326974463],[-44.13780363211066,-2.554300394656982],[-44.13834327741449,-2.5543468936984564],[-44.14149840591369,-2.554618771889526],[-44.1434250525999,-2.5546193409222324],[-44.14562498316618,-2.5540358005759263],[-44.14732766442448,-2.553082118522446],[-44.1510753055148,-2.5520744296146645],[-44.154178947878314,-2.5520017641743644],[-44.1555662012118,-2.551845820357239],[-44.15660956477483,-2.5517285467452315],[-44.15665301200457,-2.551723690461429],[-44.15726523140342,-2.5516548907749064],[-44.15774592911513,-2.5516171229768556],[-44.15881094812271,-2.5515334229336197],[-44.1590578634284,-2.5515140455296534],[-44.16069139802386,-2.5514852656924614],[-44.16138980881997,-2.5515206417751792],[-44.16889275164182,-2.5519926816333323],[-44.16994394862116,-2.552147149166455],[-44.17549279820911,-2.5518059869684544],[-44.17768046660539,-2.551832543294313],[-44.1849100675045,-2.5522119541167294],[-44.18647014402176,-2.5522981625563954],[-44.1874357429744,-2.552556684036209],[-44.18853991073368,-2.553022813204474],[-44.18991909897946,-2.5535512635175164],[-44.190821635433984,-2.5536849955030396],[-44.191467806910694,-2.5505329739629232],[-44.19131837469914,-2.550437351380311],[-44.191802499328396,-2.5488038172604264],[-44.19214092588461,-2.5474308126650307],[-44.19284595896911,-2.546226750795999],[-44.192776205138884,-2.5461546988629937],[-44.19278245533203,-2.545939673813597],[-44.1927599897148,-2.545905826757067],[-44.1927121575018,-2.545874587140593],[-44.19261410154418,-2.54589714099587],[-44.19255760939821,-2.545906151662326],[-44.19249230703908,-2.5459078293294306],[-44.19234913293784,-2.5458739967194326],[-44.192242410964084,-2.545802102415139],[-44.192210229210374,-2.545771324953783],[-44.19220713160506,-2.5456901782942247],[-44.19214207247305,-2.5455901764444633],[-44.192134217667196,-2.5454930149578034],[-44.19203499321856,-2.545080987029224],[-44.19170051127801,-2.54474461834709],[-44.191024781632905,-2.5445373956336685],[-44.19079331624754,-2.5443015049294195],[-44.190108855833984,-2.5438162857490054],[-44.190079399608635,-2.543742178551282],[-44.18983763190786,-2.543440243808782],[-44.1900692097099,-2.5433511941317124],[-44.18998104227166,-2.5429504810538774],[-44.19013777496624,-2.5428767627010993],[-44.190305211640656,-2.5430909925414555],[-44.19114552862155,-2.5430316361885885],[-44.191434259995894,-2.543171039562005],[-44.19170681145226,-2.54300476052091],[-44.19215337339432,-2.54260700732622],[-44.1922018661168,-2.5425884025925254],[-44.19223725124232,-2.5425302575716575],[-44.19230293576908,-2.5424923047072183],[-44.19265192613559,-2.5420612901767994],[-44.192664439028434,-2.541899913221123],[-44.191341636140535,-2.5402467869045746],[-44.19042413184333,-2.538741278537618],[-44.1901018116724,-2.5382324965918466],[-44.18877088536884,-2.537067951359065],[-44.18375317381857,-2.533169840034646],[-44.184972476876794,-2.527985319098377],[-44.18500280143432,-2.522046314193233],[-44.18498087965055,-2.5217174702982845],[-44.18494193319666,-2.5217179885538807],[-44.18486976611307,-2.5207565108861196],[-44.18477983169844,-2.5207398092385436],[-44.18471074589703,-2.520752973233307],[-44.18457902019397,-2.520827702541101],[-44.18449869557238,-2.520833984319974],[-44.18421380523348,-2.520890434231915],[-44.18412467780101,-2.5208778038450435],[-44.184034213032824,-2.520846175552453],[-44.183938451898335,-2.520797898877218],[-44.183807582338716,-2.5207977259499637],[-44.1837191666487,-2.5207976702289474],[-44.183521169393984,-2.520843862055747],[-44.18335433122978,-2.519096661075786],[-44.183308709640094,-2.5182617570012695],[-44.183351761333086,-2.5181683367014918],[-44.18359822259642,-2.516123684930357],[-44.18159237975616,-2.5158221775360725],[-44.17975426786713,-2.515548092907584],[-44.180009140530174,-2.5135786227302903],[-44.18009351661234,-2.5131326978406205],[-44.18012679254161,-2.5125614506695313],[-44.180292612109355,-2.5116117031667935],[-44.18040860603148,-2.510655863186408],[-44.180479729912136,-2.509824561191048],[-44.178747952705685,-2.5095308241987375],[-44.17889452425365,-2.5085808839631136],[-44.17823054362493,-2.5084612358795915],[-44.17827139084023,-2.507431893817698],[-44.178403177437886,-2.506536131097173],[-44.17846181695643,-2.5062536550312666],[-44.1785611403815,-2.505491031907034],[-44.17869216896159,-2.5045113197135467],[-44.178700800729096,-2.50422700283181],[-44.17882267147379,-2.5035090820377177],[-44.17894677675555,-2.502524208963139],[-44.17910917946924,-2.501423658871551],[-44.179487278824396,-2.4985637562611402],[-44.18333911741451,-2.4991128323614307],[-44.18334917300631,-2.498996504266946],[-44.18335918242104,-2.498954897914711],[-44.183377732921606,-2.4989189960190563],[-44.183412015495925,-2.4988960400496367],[-44.183477679375464,-2.4988874871808133],[-44.18404407214672,-2.4988552746420756],[-44.18463673487834,-2.4988125846252864],[-44.184984175416595,-2.4988295369173956],[-44.185643306368384,-2.4989328034923592],[-44.185913341963634,-2.4990370938354443],[-44.18690998288241,-2.499218096279367],[-44.18786070885164,-2.4991785224313197],[-44.188455316037505,-2.4991926422272264],[-44.18874553431115,-2.4990935853301735],[-44.18885883382652,-2.4989945994457727],[-44.188943726376365,-2.4988708996982267],[-44.18902887949932,-2.498615667885959],[-44.18913130091915,-2.498361713244258],[-44.18920556492933,-2.498262703077012],[-44.18930825967299,-2.4981495984152184],[-44.18975831287768,-2.498187781236995],[-44.19057110743922,-2.498226640948311],[-44.191211500170105,-2.4980866398366386]]]}},{"type":"Feature","properties":{"sigla":"PARQUE DA QUINTA","nome":"Parque Da Quinta","familia":"ambiental","cor":"#4c9a72","fonte":"LC 77/2025, Anexo III - Tabela 1 (memorial descritivo)","vertices":24,"aneis":1,"area_m2":347634.6,"area_ha":34.76,"area_km2":0.348,"na_tabela7":false,"area_min_m2":null,"testada_min_m":null,"atme_pct":null,"alml_pct":null,"altura_max_m":null,"edificacoes":2,"area_construida_m2":49.2,"domicilios":0,"enderecos":0,"estab_ensino":0,"estab_saude":0,"estab_outros":0,"em_obra":0,"ocupacao_observada_pct":0.0,"densidade_dom_ha":0.0,"area_media_edif_m2":24.6,"lotes_teoricos":null},"geometry":{"type":"Polygon","coordinates":[[[-44.13684992881156,-2.5732352337505673],[-44.13701253727185,-2.573393289291725],[-44.13711713949021,-2.5738043248413525],[-44.13727820681973,-2.5743816661672665],[-44.13738768317708,-2.574500063650702],[-44.137886742799736,-2.5745875169792756],[-44.138171345862645,-2.57470757130329],[-44.13827493783599,-2.5748824124388654],[-44.138441225525796,-2.575053858658193],[-44.13866227742373,-2.575245967196324],[-44.138872588248056,-2.575627674797747],[-44.139188942177924,-2.5766868268728653],[-44.13882962509073,-2.5779898551263885],[-44.138503680406636,-2.5792885635877676],[-44.13826435031362,-2.5793909835033593],[-44.13789495155465,-2.579633077067111],[-44.13764704952455,-2.5799088143067075],[-44.1371658896861,-2.5799517267163155],[-44.136764875941765,-2.580257573271518],[-44.13579109655876,-2.580929847801809],[-44.13517958671946,-2.5809954664119408],[-44.13319198596448,-2.5779748825182716],[-44.13341054213666,-2.5770683422388845],[-44.134505598627435,-2.575550975083232],[-44.13684992881156,-2.5732352337505673]]]}},{"type":"Feature","properties":{"sigla":"ZPA SAO PAULO","nome":"Zona De Preservacao Da Apa De Sao Paulo","familia":"ambiental","cor":"#4c9a72","fonte":"LC 77/2025, Anexo III - Tabela 1 (memorial descritivo)","vertices":147,"aneis":1,"area_m2":6857508.3,"area_ha":685.75,"area_km2":6.858,"na_tabela7":false,"area_min_m2":null,"testada_min_m":null,"atme_pct":null,"alml_pct":null,"altura_max_m":null,"edificacoes":398,"area_construida_m2":30879.6,"domicilios":205,"enderecos":238,"estab_ensino":0,"estab_saude":0,"estab_outros":16,"em_obra":12,"ocupacao_observada_pct":0.5,"densidade_dom_ha":0.3,"area_media_edif_m2":77.6,"lotes_teoricos":null},"geometry":{"type":"Polygon","coordinates":[[[-44.150640796063264,-2.650194346424735],[-44.15196317205198,-2.6508924422453504],[-44.153336680099564,-2.6518010756962904],[-44.15408926453333,-2.6516173232500337],[-44.156482547979394,-2.6520386152126756],[-44.15807716154968,-2.6524242580569592],[-44.15891647657303,-2.653017444536988],[-44.15988187037325,-2.6533990370083007],[-44.16088016612534,-2.6535462656947737],[-44.16172213888752,-2.6536697767118094],[-44.16309636685033,-2.6535274211066686],[-44.16420247233496,-2.652939539627081],[-44.16571846186292,-2.652133741326043],[-44.167240319058635,-2.652774244759866],[-44.1678826258277,-2.652718592932465],[-44.1692706269462,-2.6517524953116403],[-44.170094933787915,-2.6522006555276385],[-44.171156423093414,-2.6525533570815356],[-44.17205155207592,-2.65377229791953],[-44.17233570553944,-2.6540591623030654],[-44.17242006380265,-2.6543574713696194],[-44.17231996705247,-2.6544596257773416],[-44.172597840631795,-2.655127058445128],[-44.172597481741725,-2.655666481505396],[-44.172568191611504,-2.6557492342778914],[-44.17221993570361,-2.656085246083126],[-44.17202765763217,-2.6562897410039694],[-44.17185568283535,-2.656533690859978],[-44.17182364813496,-2.6566852831048684],[-44.171825058469324,-2.656728705676648],[-44.171708584496926,-2.656973778418933],[-44.17169564853517,-2.657217564003114],[-44.171634803011706,-2.6574073116484174],[-44.171512312350195,-2.657636820868263],[-44.1713643780654,-2.6577112615471914],[-44.17114537566269,-2.657792167501364],[-44.1710355296061,-2.657810185728159],[-44.17065744923967,-2.6578147250351534],[-44.17050239675879,-2.657906800809538],[-44.17047152150944,-2.6582076555050125],[-44.170435201971074,-2.6583094908267864],[-44.17045664392555,-2.658394991592861],[-44.17055354546206,-2.65849845473192],[-44.17057204601109,-2.6589475190039003],[-44.170995772151784,-2.6596935712769865],[-44.171216411854516,-2.659990344134087],[-44.17140677238765,-2.6600993885224606],[-44.1716303042987,-2.6601063240164726],[-44.17207299388467,-2.659935107271007],[-44.17212771270302,-2.6598952505579154],[-44.172415156139635,-2.659836282403209],[-44.17262686173635,-2.660041682755012],[-44.17262152681018,-2.6603530484153377],[-44.17262966001609,-2.660432026983279],[-44.172527757033265,-2.660813797214228],[-44.17216188465924,-2.6612599790127023],[-44.17202444456439,-2.6615141741402115],[-44.17193514987536,-2.661873427774228],[-44.17195337806548,-2.6620569868817414],[-44.172173127202946,-2.662341094518555],[-44.17214250469142,-2.6625327622137935],[-44.17199148311297,-2.6627841438052555],[-44.17196373577483,-2.6631154862971704],[-44.17180202612588,-2.6634765906543327],[-44.17137253995923,-2.6642137441455915],[-44.171319937587924,-2.664316744444754],[-44.17129377206217,-2.6644344174090278],[-44.17127135310616,-2.6645992234437332],[-44.17118448337286,-2.6646941494636343],[-44.171172052028446,-2.664720465405864],[-44.170732277858114,-2.6648336972775652],[-44.16942545789566,-2.666516393824532],[-44.167962934018256,-2.6677801447278697],[-44.16700905603004,-2.6673749517299803],[-44.16637005579325,-2.6667835313132127],[-44.16531891936019,-2.6676075531532857],[-44.16447444015294,-2.6665176393084207],[-44.16266190786387,-2.665374053618656],[-44.16280351940328,-2.6661384595362945],[-44.162780888166495,-2.6664824691109033],[-44.161713655662076,-2.6662332413653353],[-44.16124022100299,-2.6657075170904228],[-44.16034009347013,-2.665372464491937],[-44.159345107687955,-2.6653717821438874],[-44.15844461694536,-2.665705599661978],[-44.15822752803697,-2.6658804028176983],[-44.157023067719486,-2.6657046222133713],[-44.15602789494371,-2.665847227709273],[-44.15569633089304,-2.6657037084689676],[-44.15541233573909,-2.66532131361532],[-44.15479528153815,-2.6650097916386066],[-44.15190126100182,-2.6664718165474843],[-44.15152628001677,-2.6673342855138946],[-44.150258325896445,-2.6691059027133215],[-44.14917136362044,-2.6702133870102434],[-44.148535759904455,-2.670452666671252],[-44.147391823059344,-2.67069159154831],[-44.14561190194992,-2.6715893512767717],[-44.144403543448654,-2.6731466976107594],[-44.1439734381062,-2.6743611071109785],[-44.14319351051076,-2.676981487128252],[-44.142938430106014,-2.6783596623203034],[-44.14293776342277,-2.6793185485269735],[-44.14274639162099,-2.6802773910057494],[-44.14186805445973,-2.681848622614516],[-44.141600763160206,-2.68280089776129],[-44.13725606610398,-2.6819571730844745],[-44.13621532760764,-2.679459444483162],[-44.136612090564945,-2.6737154610272555],[-44.13432821415528,-2.6722060435087522],[-44.13458098595371,-2.6682210615542035],[-44.13389780024102,-2.664854893353696],[-44.134574823611715,-2.6649394098171553],[-44.1349082701053,-2.6652148271483176],[-44.135575683259106,-2.6654076179982327],[-44.13595719931531,-2.6652476809550647],[-44.13735702951999,-2.663614219933567],[-44.13853382170707,-2.6628138350407595],[-44.14025118659591,-2.6616933243092595],[-44.14041051216196,-2.661148679981413],[-44.14037893500241,-2.6607640178059646],[-44.1400296627115,-2.660219017173752],[-44.13987282937078,-2.6601529612441563],[-44.13990269041148,-2.6598984250202045],[-44.139869028586695,-2.6597962710095717],[-44.140316181136846,-2.659546188243786],[-44.14104712396101,-2.659835179928027],[-44.142343325067,-2.660660819286074],[-44.14279435674122,-2.661566920687875],[-44.14320733860639,-2.6619518495064654],[-44.14365238424194,-2.6618880233946043],[-44.143875040464266,-2.6617279722828013],[-44.144002521038466,-2.661183214292431],[-44.14406658494327,-2.660506700717221],[-44.14438469973473,-2.6601900374062484],[-44.145354452260435,-2.659854197731591],[-44.146034395214144,-2.659486946498564],[-44.146319067174495,-2.659009419312341],[-44.14703005341234,-2.6586277150764084],[-44.14736204029202,-2.6581503107682902],[-44.14740970811968,-2.6577681455250235],[-44.1472020577662,-2.6565117675684564],[-44.14707478963109,-2.6562260934532254],[-44.14702889375799,-2.655336738171053],[-44.14679596804202,-2.654471677693786],[-44.14684247957184,-2.6532826887908043],[-44.14804336426031,-2.6518247439640024],[-44.150640796063264,-2.650194346424735]]]}},{"type":"Feature","properties":{"sigla":"ZPA JENIPARANA","nome":"Zpa J","familia":"ambiental","cor":"#4c9a72","fonte":"LC 77/2025, Anexo III - Tabela 1 (memorial descritivo)","vertices":200,"aneis":1,"area_m2":19766578.3,"area_ha":1976.66,"area_km2":19.767,"na_tabela7":false,"area_min_m2":null,"testada_min_m":null,"atme_pct":null,"alml_pct":null,"altura_max_m":null,"edificacoes":5232,"area_construida_m2":557627.1,"domicilios":6014,"enderecos":7030,"estab_ensino":17,"estab_saude":3,"estab_outros":616,"em_obra":289,"ocupacao_observada_pct":2.8,"densidade_dom_ha":3.04,"area_media_edif_m2":106.6,"lotes_teoricos":null},"geometry":{"type":"Polygon","coordinates":[[[-44.13665439492899,-2.558467791865694],[-44.13674099012118,-2.5589057722922517],[-44.1371685467703,-2.5591124935879543],[-44.13743982186275,-2.559386321684726],[-44.13819935973361,-2.559879305053069],[-44.13912190082331,-2.560208301808739],[-44.13928452128772,-2.5604820563673596],[-44.139520692595454,-2.5605243706301715],[-44.14017018246738,-2.5605453434276417],[-44.14035282291917,-2.5606067992073496],[-44.14067756520293,-2.560688885419169],[-44.141022572757265,-2.560730096784977],[-44.141773653596886,-2.5606896236672023],[-44.14215929523494,-2.560628550520491],[-44.14256538204513,-2.560526421623931],[-44.14291045777902,-2.560465320942681],[-44.14327572557116,-2.560608766456863],[-44.143559730853084,-2.560813670919261],[-44.14380315679875,-2.561038901864735],[-44.14420890931278,-2.5613052207034555],[-44.1445944647126,-2.561510193211942],[-44.14512215472149,-2.561551435709941],[-44.1455281062481,-2.5616540195723],[-44.14577160057048,-2.56177693869179],[-44.14609615906342,-2.562002314229606],[-44.14624372534895,-2.5620572326159716],[-44.14673041108977,-2.56194601984201],[-44.14727653132616,-2.562001476290405],[-44.14771337441066,-2.562180700940252],[-44.148382380429595,-2.562208738911928],[-44.14888751165666,-2.5623605086338026],[-44.14929707500632,-2.5624433733244736],[-44.14958373469287,-2.5625812468238744],[-44.149938736815464,-2.5626089839722717],[-44.15011614752051,-2.56269169353144],[-44.150689403858536,-2.5630637815116275],[-44.15090774882344,-2.5632704503504287],[-44.151289914505426,-2.5634358875034247],[-44.151441665094595,-2.5634207006412764],[-44.15145605127907,-2.5635653579581414],[-44.15173375259691,-2.5639221416959415],[-44.151986296280434,-2.5641006997435247],[-44.15267132037885,-2.564393527006831],[-44.152706931199766,-2.564406034378801],[-44.15303147529852,-2.5645200507665287],[-44.154184330171226,-2.564790030418853],[-44.154765294575235,-2.5650706658547686],[-44.155320957032906,-2.565529674313303],[-44.156078514194746,-2.5663199960413183],[-44.15643215993893,-2.566498530160062],[-44.15754341460332,-2.5673910360978756],[-44.15797256966569,-2.568053679552468],[-44.158300697313294,-2.56874185671661],[-44.158300463771496,-2.5690985463490974],[-44.15842101401703,-2.5693419676881666],[-44.158644295736615,-2.5702550533038258],[-44.15863871902209,-2.5839546326552827],[-44.15803020944865,-2.5839657159429343],[-44.15798354822076,-2.5842052268888303],[-44.15792090443006,-2.584401757964201],[-44.15722567793308,-2.5859222231750945],[-44.15718150749953,-2.586067022511001],[-44.15716361472718,-2.5861926615526643],[-44.157181321867775,-2.586348267107733],[-44.1572228772981,-2.5864858867522447],[-44.157312023489,-2.5866115972550987],[-44.15747149569583,-2.586758432225713],[-44.15756768628498,-2.586841178222884],[-44.15771521345229,-2.586960595378288],[-44.157818687656295,-2.5870467837636535],[-44.1578757577376,-2.5871186482665913],[-44.15791501086509,-2.587201265797866],[-44.15792915646872,-2.5873017779511533],[-44.15793625527001,-2.5874489635310383],[-44.15785427885497,-2.58804423587022],[-44.157817713843166,-2.5885223908728188],[-44.1581453446956,-2.5896930003610406],[-44.15840914829667,-2.5903998616902943],[-44.159325119343166,-2.5925515573255518],[-44.159371383870656,-2.592777741995026],[-44.15940330850158,-2.593061450618444],[-44.15937812490971,-2.5933306472736852],[-44.1592636025489,-2.5937649669833984],[-44.1591133915256,-2.5941669680528863],[-44.15892747282251,-2.5945654172076984],[-44.158673819782656,-2.594967349004039],[-44.15754063156172,-2.596470693620512],[-44.15736735163701,-2.5965269350131623],[-44.1572424019987,-2.5965417774202084],[-44.15708472264347,-2.5965386865063733],[-44.15681175531549,-2.596494539236613],[-44.156349480666314,-2.5963958071385567],[-44.15626832937669,-2.596692466209513],[-44.1561919928893,-2.5969174830361688],[-44.15611579722308,-2.597065788647688],[-44.15591084033321,-2.59741510355608],[-44.15582038713593,-2.5974963676372473],[-44.155569398599575,-2.5976761268193957],[-44.155200343993506,-2.5979345080015035],[-44.155078420489126,-2.597997568103934],[-44.154865199521176,-2.5980586671088584],[-44.154798532946145,-2.59807969978182],[-44.15474517251553,-2.598110330308466],[-44.154605499453915,-2.5982177044976287],[-44.15452234046274,-2.598286308750152],[-44.154381332268194,-2.5983724235763854],[-44.15427088015552,-2.598498723803013],[-44.15408791799239,-2.5987762266312817],[-44.15405170601806,-2.5988547227300756],[-44.153981133323015,-2.5989331956879953],[-44.153817346169916,-2.599051770708509],[-44.15344025039866,-2.599227644935751],[-44.1529393022758,-2.599526010637313],[-44.15273743561028,-2.599690604604196],[-44.15236969994492,-2.5999928592057904],[-44.152169720814115,-2.6001593539936945],[-44.15196212413032,-2.600283598145497],[-44.15173924486893,-2.6003945341099963],[-44.15158503166977,-2.6004537725463845],[-44.15143458993583,-2.6005226024077994],[-44.1511564559947,-2.6006717660280727],[-44.15108220151431,-2.6007406473405554],[-44.15086873899908,-2.601027717626761],[-44.15074294617637,-2.6012268283175906],[-44.15046649338374,-2.6019549451292323],[-44.14946175789645,-2.6045003874067416],[-44.14492698269075,-2.604169019033288],[-44.14241168709827,-2.60661011265502],[-44.14250917523602,-2.6074331944775344],[-44.1419672484181,-2.6076673888633155],[-44.13828108597473,-2.6080897527667064],[-44.13800155748891,-2.6073767277194104],[-44.13764792816633,-2.6065057972763963],[-44.13788727973271,-2.6043966830756324],[-44.13814350537444,-2.6023383287073663],[-44.13818409114765,-2.6017811168024267],[-44.13789383100418,-2.6009768096284995],[-44.13616928129902,-2.599715683881873],[-44.13532040062266,-2.5992314955605864],[-44.134866415632615,-2.5989844960293564],[-44.13413525215587,-2.5989364098707837],[-44.13293482484258,-2.599547007058587],[-44.13183209611395,-2.600530821277931],[-44.13078784060922,-2.6013717463275388],[-44.13026040751148,-2.6017234544515198],[-44.12932222093672,-2.602141004148467],[-44.12831543822054,-2.602113981064416],[-44.127236541893545,-2.601919373737766],[-44.12636787883761,-2.601432000147657],[-44.1255178901199,-2.600735494044907],[-44.123605476335996,-2.5997048086940158],[-44.123688105231,-2.598971863625436],[-44.11672596825458,-2.598084907763201],[-44.11758364541818,-2.596764334472381],[-44.1156431353227,-2.594637602411907],[-44.11473053881901,-2.5927988044068524],[-44.113555225356855,-2.5923545406289925],[-44.113858740659325,-2.5920523449910267],[-44.11406333440955,-2.5918485910814955],[-44.11419989385035,-2.5916930046962725],[-44.11445608888152,-2.591401268947173],[-44.11366726822286,-2.5899438491026],[-44.11373265717396,-2.5881361338107225],[-44.11359439758897,-2.5838739029419058],[-44.11336767547175,-2.578630928540877],[-44.11306578356747,-2.5716503376784443],[-44.113004873078275,-2.5702415547115063],[-44.114404042530886,-2.570168353328655],[-44.11528298918941,-2.5701850677356846],[-44.11597205503565,-2.5702071675081894],[-44.11685000072378,-2.5701104426406567],[-44.117322087556154,-2.5700422921107964],[-44.11738928860844,-2.5700264177441015],[-44.11775012285338,-2.5699416354576727],[-44.11824434046618,-2.5698678008988276],[-44.120206916441404,-2.569430879780387],[-44.12093005079478,-2.5690904341167995],[-44.12201471366632,-2.568701479392126],[-44.1230992764607,-2.5684587079162995],[-44.12402895102388,-2.5682158286591656],[-44.124597129891235,-2.56797269975424],[-44.12666435494413,-2.567737385552274],[-44.1284011178434,-2.5669683938267718],[-44.13069319817232,-2.5660840790942436],[-44.13167453353482,-2.5657925604853005],[-44.13224261240054,-2.5656955215987374],[-44.133740593566166,-2.5650146475623066],[-44.13408637037849,-2.564581122538939],[-44.134541373881675,-2.5638326864867813],[-44.13458619858305,-2.5636522473112016],[-44.13462708070861,-2.563181516188491],[-44.134708742176734,-2.562526724662068],[-44.134993336444964,-2.5618515362052],[-44.13517627853327,-2.561462859031632],[-44.135400054637124,-2.560808163700895],[-44.13546111299021,-2.560562603499522],[-44.135490849163936,-2.560079652394092],[-44.13561419282621,-2.559636386631417],[-44.13615358858865,-2.5589834425908995],[-44.13651783146599,-2.5586395754160365],[-44.13665439492899,-2.558467791865694]]]}}]}